time,symbol,event,position_id,deal_id,side,volume,price,sl,tp,ema9,ema21,rsi,spread_pts,profit,reason
2026-05-01T17:48:57Z,XAUUSD,OPEN,56486510517,56174955970,SELL,0.01,4627.82000,4629.02000,4627.22000,4628.56764,4630.19842,35.72,15,0.00,"opened"
2026-05-01T17:49:03Z,XAUUSD,CLOSE,56486510517,56174957155,BUY,0.01,4628.01000,0.00000,0.00000,0.00000,0.00000,0.00,0,0.02,"deal_close"
2026-05-01T17:49:57Z,XAUUSD,OPEN,56486523359,56174968529,SELL,0.01,4627.44000,4628.64000,4626.84000,4628.34211,4629.94765,34.62,17,0.00,"opened"
2026-05-01T17:52:10Z,XAUUSD,CLOSE,56486523359,56174988654,BUY,0.01,4628.64000,0.00000,0.00000,0.00000,0.00000,0.00,0,-1.20,"deal_close"
2026-05-01T17:58:57Z,XAUUSD,OPEN,56486632842,56175073669,SELL,0.01,4629.12000,4630.32000,4628.52000,4629.60464,4629.81284,45.03,17,0.00,"opened"
2026-05-01T17:59:58Z,XAUUSD,CLOSE,56486632842,56175083997,BUY,0.01,4630.32000,0.00000,0.00000,0.00000,0.00000,0.00,0,-1.50,"deal_close"
2026-05-01T18:01:57Z,XAUUSD,OPEN,56486667789,56175106993,SELL,0.01,4627.15000,4628.35000,4626.55000,4629.10918,4629.53463,37.92,17,0.00,"opened"
2026-05-01T18:02:05Z,XAUUSD,CLOSE,56486667789,56175110465,BUY,0.01,4626.56000,0.00000,0.00000,0.00000,0.00000,0.00,0,0.60,"deal_close"
2026-05-01T18:02:57Z,XAUUSD,OPEN,56486693029,56175132045,SELL,0.01,4625.02000,4626.22000,4624.42000,4628.29134,4629.12421,32.01,17,0.00,"opened"
2026-05-01T18:03:30Z,XAUUSD,CLOSE,56486693029,56175140992,BUY,0.01,4624.73000,0.00000,0.00000,0.00000,0.00000,0.00,0,0.30,"deal_close"
2026-05-01T18:03:57Z,XAUUSD,OPEN,56486709207,56175147551,SELL,0.01,4624.48000,4625.68000,4623.88000,4627.52707,4628.70110,30.68,17,0.00,"opened"
2026-05-01T18:04:07Z,XAUUSD,CLOSE,56486709207,56175149806,BUY,0.01,4625.68000,0.00000,0.00000,0.00000,0.00000,0.00,0,-1.20,"deal_close"
2026-05-01T18:05:57Z,XAUUSD,OPEN,56486743142,56175180170,SELL,0.01,4624.15000,4625.35000,4623.55000,4626.38493,4627.94926,30.25,19,0.00,"opened"
2026-05-01T18:06:12Z,XAUUSD,CLOSE,56486743142,56175183704,BUY,0.01,4623.50000,0.00000,0.00000,0.00000,0.00000,0.00,0,0.60,"deal_close"
2026-05-01T18:06:57Z,XAUUSD,OPEN,56486758818,56175195253,SELL,0.01,4623.89000,4625.09000,4623.29000,4625.88994,4627.58205,29.61,17,0.00,"opened"
2026-05-01T18:07:13Z,XAUUSD,CLOSE,56486758818,56175198459,BUY,0.01,4623.73000,0.00000,0.00000,0.00000,0.00000,0.00,0,0.17,"deal_close"
2026-05-01T18:09:57Z,XAUUSD,OPEN,56486798974,56175234220,SELL,0.01,4624.25000,4625.45000,4623.65000,4625.23013,4626.82968,33.29,25,0.00,"opened"
2026-05-01T18:10:11Z,XAUUSD,CLOSE,56486798974,56175236923,BUY,0.01,4623.78000,0.00000,0.00000,0.00000,0.00000,0.00,0,0.60,"deal_close"
2026-05-01T18:10:57Z,XAUUSD,OPEN,56486815588,56175250371,SELL,0.01,4623.27000,4624.47000,4622.67000,4624.83810,4626.50607,30.23,17,0.00,"opened"
2026-05-01T18:11:02Z,XAUUSD,CLOSE,56486815588,56175251462,BUY,0.01,4622.66000,0.00000,0.00000,0.00000,0.00000,0.00,0,0.60,"deal_close"
2026-05-01T18:11:57Z,XAUUSD,OPEN,56486829138,56175263601,SELL,0.01,4621.90000,4623.10000,4621.30000,4624.24848,4626.08643,26.54,17,0.00,"opened"
2026-05-01T18:12:20Z,XAUUSD,CLOSE,56486829138,56175269714,BUY,0.01,4621.61000,0.00000,0.00000,0.00000,0.00000,0.00,0,0.29,"deal_close"
2026-05-01T18:12:57Z,XAUUSD,OPEN,56486846192,56175280296,SELL,0.01,4620.61000,4621.81000,4620.01000,4623.52279,4625.58948,23.67,17,0.00,"opened"
2026-05-01T18:13:08Z,XAUUSD,CLOSE,56486846192,56175285115,BUY,0.01,4620.18000,0.00000,0.00000,0.00000,0.00000,0.00,0,0.39,"deal_close"
2026-05-01T18:13:57Z,XAUUSD,OPEN,56486869250,56175303285,SELL,0.01,4617.77000,4618.97000,4617.17000,4622.38023,4624.88225,18.83,17,0.00,"opened"
2026-05-01T18:14:03Z,XAUUSD,CLOSE,56486869250,56175305750,BUY,0.01,4617.17000,0.00000,0.00000,0.00000,0.00000,0.00,0,0.60,"deal_close"
2026-05-01T18:14:57Z,XAUUSD,OPEN,56486890263,56175323713,SELL,0.01,4615.80000,4617.00000,4615.20000,4621.06418,4624.05659,16.26,17,0.00,"opened"
2026-05-01T18:15:24Z,XAUUSD,CLOSE,56486890263,56175332422,BUY,0.01,4617.00000,0.00000,0.00000,0.00000,0.00000,0.00,0,-1.20,"deal_close"
2026-05-01T18:16:57Z,XAUUSD,OPEN,56486927540,56175359740,SELL,0.01,4614.10000,4615.30000,4613.50000,4619.09148,4622.60413,20.32,15,0.00,"opened"
2026-05-01T18:16:59Z,XAUUSD,CLOSE,56486927540,56175360949,BUY,0.01,4614.09000,0.00000,0.00000,0.00000,0.00000,0.00,0,0.02,"deal_close"
2026-05-01T18:30:57Z,XAUUSD,OPEN,56487120465,56175545394,SELL,0.01,4620.99000,4622.19000,4620.39000,4621.08701,4621.21717,47.63,19,0.00,"opened"
2026-05-01T18:31:10Z,XAUUSD,CLOSE,56487120465,56175548440,BUY,0.01,4622.19000,0.00000,0.00000,0.00000,0.00000,0.00,0,-1.30,"deal_close"
2026-05-01T18:31:57Z,XAUUSD,OPEN,56487134087,56175558346,SELL,0.01,4620.95000,4622.15000,4620.35000,4621.05961,4621.19288,47.51,17,0.00,"opened"
2026-05-01T18:32:01Z,XAUUSD,CLOSE,56487134087,56175559104,BUY,0.01,4620.93000,0.00000,0.00000,0.00000,0.00000,0.00,0,0.02,"deal_close"
2026-05-01T18:32:57Z,XAUUSD,OPEN,56487147105,56175570591,SELL,0.01,4620.85000,4622.05000,4620.25000,4621.01768,4621.16171,47.19,17,0.00,"opened"
2026-05-01T18:33:14Z,XAUUSD,CLOSE,56487147105,56175573592,BUY,0.01,4620.31000,0.00000,0.00000,0.00000,0.00000,0.00,0,0.60,"deal_close"
2026-05-01T18:33:57Z,XAUUSD,OPEN,56487160611,56175583590,SELL,0.01,4619.76000,4620.96000,4619.16000,4620.76615,4621.03428,43.70,17,0.00,"opened"
2026-05-01T18:33:59Z,XAUUSD,CLOSE,56487160611,56175584008,BUY,0.01,4619.74000,0.00000,0.00000,0.00000,0.00000,0.00,0,0.02,"deal_close"
2026-05-01T18:34:57Z,XAUUSD,OPEN,56487174842,56175597377,SELL,0.01,4617.60000,4618.80000,4617.00000,4620.13292,4620.72208,37.75,17,0.00,"opened"
2026-05-01T18:35:17Z,XAUUSD,CLOSE,56487174842,56175602698,BUY,0.01,4617.55000,0.00000,0.00000,0.00000,0.00000,0.00,0,0.02,"deal_close"
2026-05-01T18:36:57Z,XAUUSD,OPEN,56487202492,56175624154,SELL,0.01,4617.72000,4618.92000,4617.12000,4619.36507,4620.25312,39.05,17,0.00,"opened"
2026-05-01T18:37:20Z,XAUUSD,CLOSE,56487202492,56175628306,BUY,0.01,4617.24000,0.00000,0.00000,0.00000,0.00000,0.00,0,0.60,"deal_close"
2026-05-01T18:37:57Z,XAUUSD,OPEN,56487215025,56175636292,SELL,0.01,4616.38000,4617.58000,4615.78000,4618.76405,4619.89920,35.58,17,0.00,"opened"
2026-05-01T18:38:33Z,XAUUSD,CLOSE,56487215025,56175644345,BUY,0.01,4617.58000,0.00000,0.00000,0.00000,0.00000,0.00,0,-1.20,"deal_close"
2026-05-01T18:44:57Z,XAUUSD,OPEN,56487295912,56175714792,BUY,0.01,4622.43000,4621.23000,4623.03000,4620.37912,4620.12684,56.79,17,0.00,"opened"
2026-05-01T18:45:16Z,XAUUSD,CLOSE,56487295912,56175717351,SELL,0.01,4621.23000,0.00000,0.00000,0.00000,0.00000,0.00,0,-1.25,"deal_close"
2026-05-01T18:46:57Z,XAUUSD,OPEN,56487315189,56175733519,BUY,0.01,4621.83000,4620.63000,4622.43000,4620.81304,4620.37888,54.36,17,0.00,"opened"
2026-05-01T18:47:06Z,XAUUSD,CLOSE,56487315189,56175735619,SELL,0.01,4622.06000,0.00000,0.00000,0.00000,0.00000,0.00,0,0.26,"deal_close"
2026-05-01T18:47:57Z,XAUUSD,OPEN,56487328003,56175746073,BUY,0.01,4622.52000,4621.32000,4623.12000,4621.12043,4620.55807,56.71,17,0.00,"opened"
2026-05-01T18:48:32Z,XAUUSD,CLOSE,56487328003,56175751734,SELL,0.01,4622.51000,0.00000,0.00000,0.00000,0.00000,0.00,0,0.02,"deal_close"
2026-05-01T18:49:57Z,XAUUSD,OPEN,56487350642,56175768177,BUY,0.01,4624.22000,4623.02000,4624.82000,4621.87748,4621.01039,62.02,17,0.00,"opened"
2026-05-01T18:49:58Z,XAUUSD,CLOSE,56487350642,56175768429,SELL,0.01,4624.82000,0.00000,0.00000,0.00000,0.00000,0.00,0,0.17,"deal_close"
2026-05-01T18:50:57Z,XAUUSD,OPEN,56487364854,56175781963,BUY,0.01,4625.68000,4624.48000,4626.28000,4622.60598,4621.42035,65.99,17,0.00,"opened"
2026-05-01T18:51:27Z,XAUUSD,CLOSE,56487364854,56175788478,SELL,0.01,4625.70000,0.00000,0.00000,0.00000,0.00000,0.00,0,0.02,"deal_close"
2026-05-01T18:51:57Z,XAUUSD,OPEN,56487376765,56175793387,BUY,0.01,4625.95000,4624.75000,4626.55000,4623.24078,4621.81668,66.65,17,0.00,"opened"
2026-05-01T18:52:04Z,XAUUSD,CLOSE,56487376765,56175794853,SELL,0.01,4624.75000,0.00000,0.00000,0.00000,0.00000,0.00,0,-1.19,"deal_close"
2026-05-01T18:54:57Z,XAUUSD,OPEN,56487407089,56175822438,BUY,0.01,4624.35000,4623.15000,4624.95000,4623.63112,4622.37142,58.25,4,0.00,"opened"
2026-05-01T18:59:26Z,XAUUSD,CLOSE,56487407089,56175862509,SELL,0.01,4623.15000,0.00000,0.00000,0.00000,0.00000,0.00,0,-1.47,"deal_close"
2026-05-01T18:59:57Z,XAUUSD,OPEN_FAIL,0,0,BUY,0.01,4624.48000,4623.28000,4625.08000,4623.90837,4623.01182,57.89,15,0.00,"invalid stops"
2026-05-01T18:59:57Z,XAUUSD,OPEN,56487454432,56175867826,BUY,0.01,4625.37000,4624.17000,4625.97000,4623.90837,4623.01182,57.89,17,0.00,"opened"
2026-05-01T19:00:07Z,XAUUSD,CLOSE,56487454432,56175869938,SELL,0.01,4624.17000,0.00000,0.00000,0.00000,0.00000,0.00,0,-0.93,"deal_close"
2026-05-01T19:14:57Z,XAUUSD,OPEN,56487601479,56176009220,BUY,0.01,4626.48000,4625.28000,4627.08000,4624.60217,4623.68482,65.52,17,0.00,"opened"
2026-05-01T19:15:23Z,XAUUSD,CLOSE,56487601479,56176013855,SELL,0.01,4626.83000,0.00000,0.00000,0.00000,0.00000,0.00,0,0.35,"deal_close"
2026-05-01T19:15:57Z,XAUUSD,OPEN,56487611887,56176019420,BUY,0.01,4627.25000,4626.05000,4627.85000,4625.09773,4623.99347,68.16,17,0.00,"opened"
2026-05-01T19:16:55Z,XAUUSD,CLOSE,56487611887,56176028562,SELL,0.01,4627.27000,0.00000,0.00000,0.00000,0.00000,0.00,0,0.02,"deal_close"
2026-05-01T19:19:57Z,XAUUSD,OPEN,56487647776,56176053811,BUY,0.01,4627.36000,4626.16000,4627.96000,4626.15368,4624.90661,67.09,17,0.00,"opened"
2026-05-01T19:20:14Z,XAUUSD,CLOSE,56487647776,56176056791,SELL,0.01,4626.16000,0.00000,0.00000,0.00000,0.00000,0.00,0,-1.20,"deal_close"
2026-05-01T19:21:57Z,XAUUSD,OPEN,56487666159,56176071583,BUY,0.01,4627.41000,4626.21000,4628.01000,4626.40436,4625.23893,64.56,17,0.00,"opened"
2026-05-01T19:23:10Z,XAUUSD,CLOSE,56487666159,56176080449,SELL,0.01,4626.21000,0.00000,0.00000,0.00000,0.00000,0.00,0,-1.20,"deal_close"
2026-05-01T19:24:57Z,XAUUSD,OPEN,56487689667,56176094245,BUY,0.01,4626.82000,4625.62000,4627.42000,4626.39559,4625.52223,59.03,17,0.00,"opened"
2026-05-01T19:25:18Z,XAUUSD,CLOSE,56487689667,56176097904,SELL,0.01,4626.85000,0.00000,0.00000,0.00000,0.00000,0.00,0,0.02,"deal_close"
2026-05-01T19:25:57Z,XAUUSD,OPEN,56487698201,56176102476,BUY,0.01,4627.61000,4626.41000,4628.21000,4626.60447,4625.69657,62.55,17,0.00,"opened"
2026-05-01T19:28:10Z,XAUUSD,CLOSE,56487698201,56176118573,SELL,0.01,4626.41000,0.00000,0.00000,0.00000,0.00000,0.00,0,-1.21,"deal_close"
2026-05-01T19:30:57Z,XAUUSD,OPEN,56487747099,56176149766,SELL,0.01,4622.35000,4623.55000,4621.75000,4625.32694,4625.43342,36.20,15,0.00,"opened"
2026-05-01T19:31:26Z,XAUUSD,CLOSE,56487747099,56176155959,BUY,0.01,4621.74000,0.00000,0.00000,0.00000,0.00000,0.00,0,0.60,"deal_close"
2026-05-01T19:31:57Z,XAUUSD,OPEN,56487759503,56176161710,SELL,0.01,4622.06000,4623.26000,4621.46000,4624.67355,4625.12675,35.22,17,0.00,"opened"
2026-05-01T19:32:14Z,XAUUSD,CLOSE,56487759503,56176164210,BUY,0.01,4621.46000,0.00000,0.00000,0.00000,0.00000,0.00,0,0.60,"deal_close"
2026-05-01T19:32:57Z,XAUUSD,OPEN,56487773803,56176175665,SELL,0.01,4619.10000,4620.30000,4618.50000,4623.55884,4624.57886,27.13,17,0.00,"opened"
2026-05-01T19:33:29Z,XAUUSD,CLOSE,56487773803,56176182227,BUY,0.01,4618.44000,0.00000,0.00000,0.00000,0.00000,0.00,0,0.60,"deal_close"
2026-05-01T19:33:57Z,XAUUSD,OPEN,56487788120,56176189620,SELL,0.01,4617.40000,4618.60000,4616.80000,4622.32707,4623.92624,23.75,15,0.00,"opened"
2026-05-01T19:34:11Z,XAUUSD,CLOSE,56487788120,56176192793,BUY,0.01,4617.38000,0.00000,0.00000,0.00000,0.00000,0.00,0,0.02,"deal_close"
2026-05-01T19:35:57Z,XAUUSD,OPEN,56487814628,56176215199,SELL,0.01,4616.73000,4617.93000,4616.13000,4620.55613,4622.80358,25.52,17,0.00,"opened"
2026-05-01T19:36:02Z,XAUUSD,CLOSE,56487814628,56176216591,BUY,0.01,4616.13000,0.00000,0.00000,0.00000,0.00000,0.00,0,0.60,"deal_close"
2026-05-01T19:36:57Z,XAUUSD,OPEN,56487830736,56176230869,SELL,0.01,4615.59000,4616.79000,4614.99000,4619.56290,4622.14780,23.52,13,0.00,"opened"
2026-05-01T19:37:07Z,XAUUSD,CLOSE,56487830736,56176233226,BUY,0.01,4616.79000,0.00000,0.00000,0.00000,0.00000,0.00,0,-1.11,"deal_close"
2026-05-01T19:39:57Z,XAUUSD,OPEN,56487862721,56176261511,SELL,0.01,4617.24000,4618.44000,4616.64000,4618.51381,4620.96788,33.82,17,0.00,"opened"
2026-05-01T19:40:11Z,XAUUSD,CLOSE,56487862721,56176263499,BUY,0.01,4616.69000,0.00000,0.00000,0.00000,0.00000,0.00,0,0.60,"deal_close"
2026-05-01T19:40:57Z,XAUUSD,OPEN,56487873361,56176271830,SELL,0.01,4615.80000,4617.00000,4615.20000,4617.97104,4620.49807,30.53,7,0.00,"opened"
2026-05-01T19:41:06Z,XAUUSD,CLOSE,56487873361,56176273654,BUY,0.01,4615.20000,0.00000,0.00000,0.00000,0.00000,0.00,0,0.60,"deal_close"
2026-05-01T19:41:57Z,XAUUSD,OPEN,56487885533,56176283545,SELL,0.01,4614.92000,4616.12000,4614.32000,4617.36684,4619.99370,28.76,17,0.00,"opened"
2026-05-01T19:42:03Z,XAUUSD,CLOSE,56487885533,56176284891,BUY,0.01,4614.80000,0.00000,0.00000,0.00000,0.00000,0.00,0,0.02,"deal_close"
2026-05-01T19:42:57Z,XAUUSD,OPEN,56487900808,56176298712,SELL,0.01,4612.10000,4613.30000,4611.50000,4616.31347,4619.27609,23.77,17,0.00,"opened"
2026-05-01T19:43:05Z,XAUUSD,CLOSE,56487900808,56176301835,BUY,0.01,4612.12000,0.00000,0.00000,0.00000,0.00000,0.00,0,0.02,"deal_close"
2026-05-01T19:44:57Z,XAUUSD,OPEN,56487925972,56176323276,SELL,0.01,4611.88000,4613.08000,4611.28000,4614.87582,4618.07429,25.72,16,0.00,"opened"
2026-05-01T19:45:20Z,XAUUSD,CLOSE,56487925972,56176328322,BUY,0.01,4611.52000,0.00000,0.00000,0.00000,0.00000,0.00,0,0.17,"deal_close"
2026-05-01T19:47:57Z,XAUUSD,OPEN,56487957936,56176354152,SELL,0.01,4613.31000,4614.51000,4612.71000,4613.98210,4616.81082,33.18,17,0.00,"opened"
2026-05-01T19:48:30Z,XAUUSD,CLOSE,56487957936,56176359076,BUY,0.01,4614.51000,0.00000,0.00000,0.00000,0.00000,0.00,0,-1.20,"deal_close"
2026-05-01T19:50:57Z,XAUUSD,OPEN,56487988349,56176383474,SELL,0.01,4612.58000,4613.78000,4611.98000,4613.82140,4616.04388,33.68,17,0.00,"opened"
2026-05-01T19:52:10Z,XAUUSD,CLOSE,56487988349,56176393617,BUY,0.01,4611.98000,0.00000,0.00000,0.00000,0.00000,0.00,0,0.60,"deal_close"
2026-05-01T19:52:57Z,XAUUSD,OPEN,56488011764,56176406550,SELL,0.01,4609.78000,4610.98000,4609.18000,4612.77769,4615.16915,27.59,4,0.00,"opened"
2026-05-01T19:53:03Z,XAUUSD,CLOSE,56488011764,56176409600,BUY,0.01,4609.38000,0.00000,0.00000,0.00000,0.00000,0.00,0,0.38,"deal_close"
2026-05-01T19:56:57Z,XAUUSD,OPEN,56488058558,56176451513,SELL,0.01,4610.75000,4611.95000,4610.15000,4611.69600,4613.82238,34.31,17,0.00,"opened"
2026-05-01T19:57:24Z,XAUUSD,CLOSE,56488058558,56176456628,BUY,0.01,4610.10000,0.00000,0.00000,0.00000,0.00000,0.00,0,0.60,"deal_close"
2026-05-01T19:57:57Z,XAUUSD,OPEN,56488070808,56176463320,SELL,0.01,4609.22000,4610.42000,4608.62000,4611.20080,4613.40398,30.70,17,0.00,"opened"
2026-05-01T19:58:03Z,XAUUSD,CLOSE,56488070808,56176464363,BUY,0.01,4609.47000,0.00000,0.00000,0.00000,0.00000,0.00,0,0.02,"deal_close"
2026-05-01T17:48:57Z,XAUUSD,OPEN,56486510517,56174955970,SELL,0.01,4627.82000,4629.02000,4627.22000,4628.56764,4630.19842,35.72,15,0.00,"opened"
2026-05-01T17:49:03Z,XAUUSD,CLOSE,56486510517,56174957155,BUY,0.01,4628.01000,0.00000,0.00000,0.00000,0.00000,0.00,0,0.02,"deal_close"
2026-05-01T17:49:57Z,XAUUSD,OPEN,56486523359,56174968529,SELL,0.01,4627.44000,4628.64000,4626.84000,4628.34211,4629.94765,34.62,17,0.00,"opened"
2026-05-01T17:52:10Z,XAUUSD,CLOSE,56486523359,56174988654,BUY,0.01,4628.64000,0.00000,0.00000,0.00000,0.00000,0.00,0,-1.20,"deal_close"
2026-05-01T17:58:57Z,XAUUSD,OPEN,56486632842,56175073669,SELL,0.01,4629.12000,4630.32000,4628.52000,4629.60464,4629.81284,45.03,17,0.00,"opened"
2026-05-01T17:59:58Z,XAUUSD,CLOSE,56486632842,56175083997,BUY,0.01,4630.32000,0.00000,0.00000,0.00000,0.00000,0.00,0,-1.50,"deal_close"
2026-05-01T18:01:57Z,XAUUSD,OPEN,56486667789,56175106993,SELL,0.01,4627.15000,4628.35000,4626.55000,4629.10918,4629.53463,37.92,17,0.00,"opened"
2026-05-01T18:02:05Z,XAUUSD,CLOSE,56486667789,56175110465,BUY,0.01,4626.56000,0.00000,0.00000,0.00000,0.00000,0.00,0,0.60,"deal_close"
2026-05-01T18:02:57Z,XAUUSD,OPEN,56486693029,56175132045,SELL,0.01,4625.02000,4626.22000,4624.42000,4628.29134,4629.12421,32.01,17,0.00,"opened"
2026-05-01T18:03:30Z,XAUUSD,CLOSE,56486693029,56175140992,BUY,0.01,4624.73000,0.00000,0.00000,0.00000,0.00000,0.00,0,0.30,"deal_close"
2026-05-01T18:03:57Z,XAUUSD,OPEN,56486709207,56175147551,SELL,0.01,4624.48000,4625.68000,4623.88000,4627.52707,4628.70110,30.68,17,0.00,"opened"
2026-05-01T18:04:07Z,XAUUSD,CLOSE,56486709207,56175149806,BUY,0.01,4625.68000,0.00000,0.00000,0.00000,0.00000,0.00,0,-1.20,"deal_close"
2026-05-01T18:05:57Z,XAUUSD,OPEN,56486743142,56175180170,SELL,0.01,4624.15000,4625.35000,4623.55000,4626.38493,4627.94926,30.25,19,0.00,"opened"
2026-05-01T18:06:12Z,XAUUSD,CLOSE,56486743142,56175183704,BUY,0.01,4623.50000,0.00000,0.00000,0.00000,0.00000,0.00,0,0.60,"deal_close"
2026-05-01T18:06:57Z,XAUUSD,OPEN,56486758818,56175195253,SELL,0.01,4623.89000,4625.09000,4623.29000,4625.88994,4627.58205,29.61,17,0.00,"opened"
2026-05-01T18:07:13Z,XAUUSD,CLOSE,56486758818,56175198459,BUY,0.01,4623.73000,0.00000,0.00000,0.00000,0.00000,0.00,0,0.17,"deal_close"
2026-05-01T18:09:57Z,XAUUSD,OPEN,56486798974,56175234220,SELL,0.01,4624.25000,4625.45000,4623.65000,4625.23013,4626.82968,33.29,25,0.00,"opened"
2026-05-01T18:10:11Z,XAUUSD,CLOSE,56486798974,56175236923,BUY,0.01,4623.78000,0.00000,0.00000,0.00000,0.00000,0.00,0,0.60,"deal_close"
2026-05-01T18:10:57Z,XAUUSD,OPEN,56486815588,56175250371,SELL,0.01,4623.27000,4624.47000,4622.67000,4624.83810,4626.50607,30.23,17,0.00,"opened"
2026-05-01T18:11:02Z,XAUUSD,CLOSE,56486815588,56175251462,BUY,0.01,4622.66000,0.00000,0.00000,0.00000,0.00000,0.00,0,0.60,"deal_close"
2026-05-01T18:11:57Z,XAUUSD,OPEN,56486829138,56175263601,SELL,0.01,4621.90000,4623.10000,4621.30000,4624.24848,4626.08643,26.54,17,0.00,"opened"
2026-05-01T18:12:20Z,XAUUSD,CLOSE,56486829138,56175269714,BUY,0.01,4621.61000,0.00000,0.00000,0.00000,0.00000,0.00,0,0.29,"deal_close"
2026-05-01T18:12:57Z,XAUUSD,OPEN,56486846192,56175280296,SELL,0.01,4620.61000,4621.81000,4620.01000,4623.52279,4625.58948,23.67,17,0.00,"opened"
2026-05-01T18:13:08Z,XAUUSD,CLOSE,56486846192,56175285115,BUY,0.01,4620.18000,0.00000,0.00000,0.00000,0.00000,0.00,0,0.39,"deal_close"
2026-05-01T18:13:57Z,XAUUSD,OPEN,56486869250,56175303285,SELL,0.01,4617.77000,4618.97000,4617.17000,4622.38023,4624.88225,18.83,17,0.00,"opened"
2026-05-01T18:14:03Z,XAUUSD,CLOSE,56486869250,56175305750,BUY,0.01,4617.17000,0.00000,0.00000,0.00000,0.00000,0.00,0,0.60,"deal_close"
2026-05-01T18:14:57Z,XAUUSD,OPEN,56486890263,56175323713,SELL,0.01,4615.80000,4617.00000,4615.20000,4621.06418,4624.05659,16.26,17,0.00,"opened"
2026-05-01T18:15:24Z,XAUUSD,CLOSE,56486890263,56175332422,BUY,0.01,4617.00000,0.00000,0.00000,0.00000,0.00000,0.00,0,-1.20,"deal_close"
2026-05-01T18:16:57Z,XAUUSD,OPEN,56486927540,56175359740,SELL,0.01,4614.10000,4615.30000,4613.50000,4619.09148,4622.60413,20.32,15,0.00,"opened"
2026-05-01T18:16:59Z,XAUUSD,CLOSE,56486927540,56175360949,BUY,0.01,4614.09000,0.00000,0.00000,0.00000,0.00000,0.00,0,0.02,"deal_close"
2026-05-01T18:30:57Z,XAUUSD,OPEN,56487120465,56175545394,SELL,0.01,4620.99000,4622.19000,4620.39000,4621.08701,4621.21717,47.63,19,0.00,"opened"
2026-05-01T18:31:10Z,XAUUSD,CLOSE,56487120465,56175548440,BUY,0.01,4622.19000,0.00000,0.00000,0.00000,0.00000,0.00,0,-1.30,"deal_close"
2026-05-01T18:31:57Z,XAUUSD,OPEN,56487134087,56175558346,SELL,0.01,4620.95000,4622.15000,4620.35000,4621.05961,4621.19288,47.51,17,0.00,"opened"
2026-05-01T18:32:01Z,XAUUSD,CLOSE,56487134087,56175559104,BUY,0.01,4620.93000,0.00000,0.00000,0.00000,0.00000,0.00,0,0.02,"deal_close"
2026-05-01T18:32:57Z,XAUUSD,OPEN,56487147105,56175570591,SELL,0.01,4620.85000,4622.05000,4620.25000,4621.01768,4621.16171,47.19,17,0.00,"opened"
2026-05-01T18:33:14Z,XAUUSD,CLOSE,56487147105,56175573592,BUY,0.01,4620.31000,0.00000,0.00000,0.00000,0.00000,0.00,0,0.60,"deal_close"
2026-05-01T18:33:57Z,XAUUSD,OPEN,56487160611,56175583590,SELL,0.01,4619.76000,4620.96000,4619.16000,4620.76615,4621.03428,43.70,17,0.00,"opened"
2026-05-01T18:33:59Z,XAUUSD,CLOSE,56487160611,56175584008,BUY,0.01,4619.74000,0.00000,0.00000,0.00000,0.00000,0.00,0,0.02,"deal_close"
2026-05-01T18:34:57Z,XAUUSD,OPEN,56487174842,56175597377,SELL,0.01,4617.60000,4618.80000,4617.00000,4620.13292,4620.72208,37.75,17,0.00,"opened"
2026-05-01T18:35:17Z,XAUUSD,CLOSE,56487174842,56175602698,BUY,0.01,4617.55000,0.00000,0.00000,0.00000,0.00000,0.00,0,0.02,"deal_close"
2026-05-01T18:36:57Z,XAUUSD,OPEN,56487202492,56175624154,SELL,0.01,4617.72000,4618.92000,4617.12000,4619.36507,4620.25312,39.05,17,0.00,"opened"
2026-05-01T18:37:20Z,XAUUSD,CLOSE,56487202492,56175628306,BUY,0.01,4617.24000,0.00000,0.00000,0.00000,0.00000,0.00,0,0.60,"deal_close"
2026-05-01T18:37:57Z,XAUUSD,OPEN,56487215025,56175636292,SELL,0.01,4616.38000,4617.58000,4615.78000,4618.76405,4619.89920,35.58,17,0.00,"opened"
2026-05-01T18:38:33Z,XAUUSD,CLOSE,56487215025,56175644345,BUY,0.01,4617.58000,0.00000,0.00000,0.00000,0.00000,0.00,0,-1.20,"deal_close"
2026-05-01T18:44:57Z,XAUUSD,OPEN,56487295912,56175714792,BUY,0.01,4622.43000,4621.23000,4623.03000,4620.37912,4620.12684,56.79,17,0.00,"opened"
2026-05-01T18:45:16Z,XAUUSD,CLOSE,56487295912,56175717351,SELL,0.01,4621.23000,0.00000,0.00000,0.00000,0.00000,0.00,0,-1.25,"deal_close"
2026-05-01T18:46:57Z,XAUUSD,OPEN,56487315189,56175733519,BUY,0.01,4621.83000,4620.63000,4622.43000,4620.81304,4620.37888,54.36,17,0.00,"opened"
2026-05-01T18:47:06Z,XAUUSD,CLOSE,56487315189,56175735619,SELL,0.01,4622.06000,0.00000,0.00000,0.00000,0.00000,0.00,0,0.26,"deal_close"
2026-05-01T18:47:57Z,XAUUSD,OPEN,56487328003,56175746073,BUY,0.01,4622.52000,4621.32000,4623.12000,4621.12043,4620.55807,56.71,17,0.00,"opened"
2026-05-01T18:48:32Z,XAUUSD,CLOSE,56487328003,56175751734,SELL,0.01,4622.51000,0.00000,0.00000,0.00000,0.00000,0.00,0,0.02,"deal_close"
2026-05-01T18:49:57Z,XAUUSD,OPEN,56487350642,56175768177,BUY,0.01,4624.22000,4623.02000,4624.82000,4621.87748,4621.01039,62.02,17,0.00,"opened"
2026-05-01T18:49:58Z,XAUUSD,CLOSE,56487350642,56175768429,SELL,0.01,4624.82000,0.00000,0.00000,0.00000,0.00000,0.00,0,0.17,"deal_close"
2026-05-01T18:50:57Z,XAUUSD,OPEN,56487364854,56175781963,BUY,0.01,4625.68000,4624.48000,4626.28000,4622.60598,4621.42035,65.99,17,0.00,"opened"
2026-05-01T18:51:27Z,XAUUSD,CLOSE,56487364854,56175788478,SELL,0.01,4625.70000,0.00000,0.00000,0.00000,0.00000,0.00,0,0.02,"deal_close"
2026-05-01T18:51:57Z,XAUUSD,OPEN,56487376765,56175793387,BUY,0.01,4625.95000,4624.75000,4626.55000,4623.24078,4621.81668,66.65,17,0.00,"opened"
2026-05-01T18:52:04Z,XAUUSD,CLOSE,56487376765,56175794853,SELL,0.01,4624.75000,0.00000,0.00000,0.00000,0.00000,0.00,0,-1.19,"deal_close"
2026-05-01T18:54:57Z,XAUUSD,OPEN,56487407089,56175822438,BUY,0.01,4624.35000,4623.15000,4624.95000,4623.63112,4622.37142,58.25,4,0.00,"opened"
2026-05-01T18:59:26Z,XAUUSD,CLOSE,56487407089,56175862509,SELL,0.01,4623.15000,0.00000,0.00000,0.00000,0.00000,0.00,0,-1.47,"deal_close"
2026-05-01T18:59:57Z,XAUUSD,OPEN_FAIL,0,0,BUY,0.01,4624.48000,4623.28000,4625.08000,4623.90837,4623.01182,57.89,15,0.00,"invalid stops"
2026-05-01T18:59:57Z,XAUUSD,OPEN,56487454432,56175867826,BUY,0.01,4625.37000,4624.17000,4625.97000,4623.90837,4623.01182,57.89,17,0.00,"opened"
2026-05-01T19:00:07Z,XAUUSD,CLOSE,56487454432,56175869938,SELL,0.01,4624.17000,0.00000,0.00000,0.00000,0.00000,0.00,0,-0.93,"deal_close"
2026-05-01T19:14:57Z,XAUUSD,OPEN,56487601479,56176009220,BUY,0.01,4626.48000,4625.28000,4627.08000,4624.60217,4623.68482,65.52,17,0.00,"opened"
2026-05-01T19:15:23Z,XAUUSD,CLOSE,56487601479,56176013855,SELL,0.01,4626.83000,0.00000,0.00000,0.00000,0.00000,0.00,0,0.35,"deal_close"
2026-05-01T19:15:57Z,XAUUSD,OPEN,56487611887,56176019420,BUY,0.01,4627.25000,4626.05000,4627.85000,4625.09773,4623.99347,68.16,17,0.00,"opened"
2026-05-01T19:16:55Z,XAUUSD,CLOSE,56487611887,56176028562,SELL,0.01,4627.27000,0.00000,0.00000,0.00000,0.00000,0.00,0,0.02,"deal_close"
2026-05-01T19:19:57Z,XAUUSD,OPEN,56487647776,56176053811,BUY,0.01,4627.36000,4626.16000,4627.96000,4626.15368,4624.90661,67.09,17,0.00,"opened"
2026-05-01T19:20:14Z,XAUUSD,CLOSE,56487647776,56176056791,SELL,0.01,4626.16000,0.00000,0.00000,0.00000,0.00000,0.00,0,-1.20,"deal_close"
2026-05-01T19:21:57Z,XAUUSD,OPEN,56487666159,56176071583,BUY,0.01,4627.41000,4626.21000,4628.01000,4626.40436,4625.23893,64.56,17,0.00,"opened"
2026-05-01T19:23:10Z,XAUUSD,CLOSE,56487666159,56176080449,SELL,0.01,4626.21000,0.00000,0.00000,0.00000,0.00000,0.00,0,-1.20,"deal_close"
2026-05-01T19:24:57Z,XAUUSD,OPEN,56487689667,56176094245,BUY,0.01,4626.82000,4625.62000,4627.42000,4626.39559,4625.52223,59.03,17,0.00,"opened"
2026-05-01T19:25:18Z,XAUUSD,CLOSE,56487689667,56176097904,SELL,0.01,4626.85000,0.00000,0.00000,0.00000,0.00000,0.00,0,0.02,"deal_close"
2026-05-01T19:25:57Z,XAUUSD,OPEN,56487698201,56176102476,BUY,0.01,4627.61000,4626.41000,4628.21000,4626.60447,4625.69657,62.55,17,0.00,"opened"
2026-05-01T19:28:10Z,XAUUSD,CLOSE,56487698201,56176118573,SELL,0.01,4626.41000,0.00000,0.00000,0.00000,0.00000,0.00,0,-1.21,"deal_close"
2026-05-01T19:30:57Z,XAUUSD,OPEN,56487747099,56176149766,SELL,0.01,4622.35000,4623.55000,4621.75000,4625.32694,4625.43342,36.20,15,0.00,"opened"
2026-05-01T19:31:26Z,XAUUSD,CLOSE,56487747099,56176155959,BUY,0.01,4621.74000,0.00000,0.00000,0.00000,0.00000,0.00,0,0.60,"deal_close"
2026-05-01T19:31:57Z,XAUUSD,OPEN,56487759503,56176161710,SELL,0.01,4622.06000,4623.26000,4621.46000,4624.67355,4625.12675,35.22,17,0.00,"opened"
2026-05-01T19:32:14Z,XAUUSD,CLOSE,56487759503,56176164210,BUY,0.01,4621.46000,0.00000,0.00000,0.00000,0.00000,0.00,0,0.60,"deal_close"
2026-05-01T19:32:57Z,XAUUSD,OPEN,56487773803,56176175665,SELL,0.01,4619.10000,4620.30000,4618.50000,4623.55884,4624.57886,27.13,17,0.00,"opened"
2026-05-01T19:33:29Z,XAUUSD,CLOSE,56487773803,56176182227,BUY,0.01,4618.44000,0.00000,0.00000,0.00000,0.00000,0.00,0,0.60,"deal_close"
2026-05-01T19:33:57Z,XAUUSD,OPEN,56487788120,56176189620,SELL,0.01,4617.40000,4618.60000,4616.80000,4622.32707,4623.92624,23.75,15,0.00,"opened"
2026-05-01T19:34:11Z,XAUUSD,CLOSE,56487788120,56176192793,BUY,0.01,4617.38000,0.00000,0.00000,0.00000,0.00000,0.00,0,0.02,"deal_close"
2026-05-01T19:35:57Z,XAUUSD,OPEN,56487814628,56176215199,SELL,0.01,4616.73000,4617.93000,4616.13000,4620.55613,4622.80358,25.52,17,0.00,"opened"
2026-05-01T19:36:02Z,XAUUSD,CLOSE,56487814628,56176216591,BUY,0.01,4616.13000,0.00000,0.00000,0.00000,0.00000,0.00,0,0.60,"deal_close"
2026-05-01T19:36:57Z,XAUUSD,OPEN,56487830736,56176230869,SELL,0.01,4615.59000,4616.79000,4614.99000,4619.56290,4622.14780,23.52,13,0.00,"opened"
2026-05-01T19:37:07Z,XAUUSD,CLOSE,56487830736,56176233226,BUY,0.01,4616.79000,0.00000,0.00000,0.00000,0.00000,0.00,0,-1.11,"deal_close"
2026-05-01T19:39:57Z,XAUUSD,OPEN,56487862721,56176261511,SELL,0.01,4617.24000,4618.44000,4616.64000,4618.51381,4620.96788,33.82,17,0.00,"opened"
2026-05-01T19:40:11Z,XAUUSD,CLOSE,56487862721,56176263499,BUY,0.01,4616.69000,0.00000,0.00000,0.00000,0.00000,0.00,0,0.60,"deal_close"
2026-05-01T19:40:57Z,XAUUSD,OPEN,56487873361,56176271830,SELL,0.01,4615.80000,4617.00000,4615.20000,4617.97104,4620.49807,30.53,7,0.00,"opened"
2026-05-01T19:41:06Z,XAUUSD,CLOSE,56487873361,56176273654,BUY,0.01,4615.20000,0.00000,0.00000,0.00000,0.00000,0.00,0,0.60,"deal_close"
2026-05-01T19:41:57Z,XAUUSD,OPEN,56487885533,56176283545,SELL,0.01,4614.92000,4616.12000,4614.32000,4617.36684,4619.99370,28.76,17,0.00,"opened"
2026-05-01T19:42:03Z,XAUUSD,CLOSE,56487885533,56176284891,BUY,0.01,4614.80000,0.00000,0.00000,0.00000,0.00000,0.00,0,0.02,"deal_close"
2026-05-01T19:42:57Z,XAUUSD,OPEN,56487900808,56176298712,SELL,0.01,4612.10000,4613.30000,4611.50000,4616.31347,4619.27609,23.77,17,0.00,"opened"
2026-05-01T19:43:05Z,XAUUSD,CLOSE,56487900808,56176301835,BUY,0.01,4612.12000,0.00000,0.00000,0.00000,0.00000,0.00,0,0.02,"deal_close"
2026-05-01T19:44:57Z,XAUUSD,OPEN,56487925972,56176323276,SELL,0.01,4611.88000,4613.08000,4611.28000,4614.87582,4618.07429,25.72,16,0.00,"opened"
2026-05-01T19:45:20Z,XAUUSD,CLOSE,56487925972,56176328322,BUY,0.01,4611.52000,0.00000,0.00000,0.00000,0.00000,0.00,0,0.17,"deal_close"
2026-05-01T19:47:57Z,XAUUSD,OPEN,56487957936,56176354152,SELL,0.01,4613.31000,4614.51000,4612.71000,4613.98210,4616.81082,33.18,17,0.00,"opened"
2026-05-01T19:48:30Z,XAUUSD,CLOSE,56487957936,56176359076,BUY,0.01,4614.51000,0.00000,0.00000,0.00000,0.00000,0.00,0,-1.20,"deal_close"
2026-05-01T19:50:57Z,XAUUSD,OPEN,56487988349,56176383474,SELL,0.01,4612.58000,4613.78000,4611.98000,4613.82140,4616.04388,33.68,17,0.00,"opened"
2026-05-01T19:52:10Z,XAUUSD,CLOSE,56487988349,56176393617,BUY,0.01,4611.98000,0.00000,0.00000,0.00000,0.00000,0.00,0,0.60,"deal_close"
2026-05-01T19:52:57Z,XAUUSD,OPEN,56488011764,56176406550,SELL,0.01,4609.78000,4610.98000,4609.18000,4612.77769,4615.16915,27.59,4,0.00,"opened"
2026-05-01T19:53:03Z,XAUUSD,CLOSE,56488011764,56176409600,BUY,0.01,4609.38000,0.00000,0.00000,0.00000,0.00000,0.00,0,0.38,"deal_close"
2026-05-01T19:56:57Z,XAUUSD,OPEN,56488058558,56176451513,SELL,0.01,4610.75000,4611.95000,4610.15000,4611.69600,4613.82238,34.31,17,0.00,"opened"
2026-05-01T19:57:24Z,XAUUSD,CLOSE,56488058558,56176456628,BUY,0.01,4610.10000,0.00000,0.00000,0.00000,0.00000,0.00,0,0.60,"deal_close"
2026-05-01T19:57:57Z,XAUUSD,OPEN,56488070808,56176463320,SELL,0.01,4609.22000,4610.42000,4608.62000,4611.20080,4613.40398,30.70,17,0.00,"opened"
2026-05-01T19:58:03Z,XAUUSD,CLOSE,56488070808,56176464363,BUY,0.01,4609.47000,0.00000,0.00000,0.00000,0.00000,0.00,0,0.02,"deal_close"
2026-05-03T22:41:56Z,XAUUSD,OPEN,56488689165,56177110535,BUY,0.01,4628.06000,4626.86000,4628.66000,4625.39138,4623.34689,66.15,18,0.00,"opened"
2026-05-03T22:43:25Z,XAUUSD,CLOSE,56488689165,56177121129,SELL,0.01,4628.66000,0.00000,0.00000,0.00000,0.00000,0.00,0,0.60,"deal_close"
2026-05-03T22:43:56Z,XAUUSD,OPEN,56488705181,56177126327,BUY,0.01,4629.13000,4627.93000,4629.73000,4626.38328,4624.17082,67.09,25,0.00,"opened"
2026-05-03T22:44:26Z,XAUUSD,CLOSE,56488705181,56177130040,SELL,0.01,4627.93000,0.00000,0.00000,0.00000,0.00000,0.00,0,-1.22,"deal_close"
2026-05-03T22:45:56Z,XAUUSD,OPEN,56488719693,56177140513,BUY,0.01,4628.81000,4627.61000,4629.41000,4627.09810,4624.89704,65.02,25,0.00,"opened"
2026-05-03T22:47:07Z,XAUUSD,CLOSE,56488719693,56177146969,SELL,0.01,4628.89000,0.00000,0.00000,0.00000,0.00000,0.00,0,0.02,"deal_close"
2026-05-03T22:51:56Z,XAUUSD,OPEN,56488761783,56177182191,BUY,0.01,4627.32000,4626.12000,4627.92000,4627.07123,4625.87888,57.68,25,0.00,"opened"
2026-05-03T22:51:59Z,XAUUSD,CLOSE,56488761783,56177182573,SELL,0.01,4626.12000,0.00000,0.00000,0.00000,0.00000,0.00,0,-1.20,"deal_close"
2026-05-03T22:54:56Z,XAUUSD,OPEN,56488794893,56177214955,SELL,0.01,4619.82000,4621.02000,4619.22000,4624.23343,4624.77062,35.05,20,0.00,"opened"
2026-05-03T22:55:03Z,XAUUSD,CLOSE,56488794893,56177216289,BUY,0.01,4619.81000,0.00000,0.00000,0.00000,0.00000,0.00,0,0.02,"deal_close"
2026-05-03T22:55:55Z,XAUUSD,OPEN,56488804277,56177224254,SELL,0.01,4619.79000,4620.99000,4619.19000,4623.34674,4624.31875,35.00,25,0.00,"opened"
2026-05-03T22:56:18Z,XAUUSD,CLOSE,56488804277,56177228316,BUY,0.01,4619.53000,0.00000,0.00000,0.00000,0.00000,0.00,0,0.32,"deal_close"
2026-05-03T22:58:56Z,XAUUSD,OPEN,56488825407,56177245006,SELL,0.01,4618.60000,4619.80000,4618.00000,4621.49753,4623.15097,33.05,25,0.00,"opened"
2026-05-03T22:59:21Z,XAUUSD,CLOSE,56488825407,56177247663,BUY,0.01,4619.80000,0.00000,0.00000,0.00000,0.00000,0.00,0,-1.20,"deal_close"
2026-05-03T23:00:55Z,XAUUSD,OPEN,56488841774,56177260888,SELL,0.01,4616.98000,4618.18000,4616.38000,4620.16242,4622.23039,29.81,25,0.00,"opened"
2026-05-03T23:00:56Z,XAUUSD,CLOSE,56488841774,56177261256,BUY,0.01,4616.38000,0.00000,0.00000,0.00000,0.00000,0.00,0,0.08,"deal_close"
2026-05-03T23:02:55Z,XAUUSD,OPEN,56488863881,56177282550,SELL,0.01,4616.24000,4617.44000,4615.64000,4619.03995,4621.34032,30.83,25,0.00,"opened"
2026-05-03T23:03:08Z,XAUUSD,CLOSE,56488863881,56177284514,BUY,0.01,4617.44000,0.00000,0.00000,0.00000,0.00000,0.00,0,-1.20,"deal_close"
2026-05-03T23:07:57Z,XAUUSD,OPEN,56488897113,56177315135,SELL,0.01,4617.31000,4618.51000,4616.71000,4618.79921,4620.36792,37.59,20,0.00,"opened"
2026-05-03T23:08:07Z,XAUUSD,CLOSE,56488897113,56177317122,BUY,0.01,4617.29000,0.00000,0.00000,0.00000,0.00000,0.00,0,0.02,"deal_close"
2026-05-03T23:08:57Z,XAUUSD,OPEN,56488910188,56177328122,SELL,0.01,4614.82000,4616.02000,4614.22000,4618.00737,4619.86538,32.03,25,0.00,"opened"
2026-05-03T23:10:28Z,XAUUSD,CLOSE,56488910188,56177340023,BUY,0.01,4614.22000,0.00000,0.00000,0.00000,0.00000,0.00,0,0.60,"deal_close"
2026-05-03T23:10:57Z,XAUUSD,OPEN,56488926801,56177344578,SELL,0.01,4614.87000,4616.07000,4614.27000,4616.96912,4619.04552,33.29,25,0.00,"opened"
2026-05-03T23:11:09Z,XAUUSD,CLOSE,56488926801,56177346665,BUY,0.01,4616.07000,0.00000,0.00000,0.00000,0.00000,0.00,0,-0.82,"deal_close"
2026-05-03T23:11:57Z,XAUUSD,OPEN,56488936544,56177354172,SELL,0.01,4613.77000,4614.97000,4613.17000,4616.32929,4618.56593,30.93,25,0.00,"opened"
2026-05-03T23:12:33Z,XAUUSD,CLOSE,56488936544,56177358274,BUY,0.01,4613.54000,0.00000,0.00000,0.00000,0.00000,0.00,0,0.23,"deal_close"
2026-05-03T23:12:57Z,XAUUSD,OPEN,56488945770,56177363372,SELL,0.01,4611.95000,4613.15000,4611.35000,4615.45343,4617.96448,27.46,25,0.00,"opened"
2026-05-03T23:13:25Z,XAUUSD,CLOSE,56488945770,56177367492,BUY,0.01,4613.15000,0.00000,0.00000,0.00000,0.00000,0.00,0,-1.24,"deal_close"
2026-05-03T23:15:57Z,XAUUSD,OPEN,56488969934,56177387112,SELL,0.01,4613.73000,4614.93000,4613.13000,4614.77720,4616.99060,37.44,25,0.00,"opened"
2026-05-03T23:16:41Z,XAUUSD,CLOSE,56488969934,56177390829,BUY,0.01,4614.93000,0.00000,0.00000,0.00000,0.00000,0.00,0,-1.20,"deal_close"
2026-05-03T23:21:57Z,XAUUSD,OPEN,56489010489,56177426549,SELL,0.01,4614.43000,4615.63000,4613.83000,4615.33667,4616.39578,40.91,25,0.00,"opened"
2026-05-03T23:22:18Z,XAUUSD,CLOSE,56489010489,56177428935,BUY,0.01,4614.41000,0.00000,0.00000,0.00000,0.00000,0.00,0,0.02,"deal_close"
2026-05-03T23:22:57Z,XAUUSD,OPEN,56489016064,56177432014,SELL,0.01,4614.18000,4615.38000,4613.58000,4615.10733,4616.19525,40.27,25,0.00,"opened"
2026-05-03T23:23:24Z,XAUUSD,CLOSE,56489016064,56177434970,BUY,0.01,4615.38000,0.00000,0.00000,0.00000,0.00000,0.00,0,-1.20,"deal_close"
2026-05-03T23:27:57Z,XAUUSD,OPEN,56489045348,56177460178,SELL,0.01,4615.62000,4616.82000,4615.02000,4615.78010,4616.16039,46.01,25,0.00,"opened"
2026-05-03T23:29:30Z,XAUUSD,CLOSE,56489045348,56177466059,BUY,0.01,4616.82000,0.00000,0.00000,0.00000,0.00000,0.00,0,-1.20,"deal_close"
2026-05-03T23:32:57Z,XAUUSD,OPEN,56489073871,56177487240,BUY,0.01,4618.14000,4616.94000,4618.74000,4616.63825,4616.45645,55.48,25,0.00,"opened"
2026-05-03T23:33:10Z,XAUUSD,CLOSE,56489073871,56177489449,SELL,0.01,4618.16000,0.00000,0.00000,0.00000,0.00000,0.00,0,0.02,"deal_close"
2026-05-03T23:34:57Z,XAUUSD,OPEN,56489086873,56177499762,BUY,0.01,4617.80000,4616.60000,4618.40000,4616.87688,4616.59996,53.56,25,0.00,"opened"
2026-05-03T23:35:18Z,XAUUSD,CLOSE,56489086873,56177501100,SELL,0.01,4617.82000,0.00000,0.00000,0.00000,0.00000,0.00,0,0.02,"deal_close"
2026-05-03T23:35:57Z,XAUUSD,OPEN,56489091984,56177504656,BUY,0.01,4618.04000,4616.84000,4618.64000,4617.05950,4616.70815,54.56,25,0.00,"opened"
2026-05-03T23:36:45Z,XAUUSD,CLOSE,56489091984,56177508596,SELL,0.01,4618.25000,0.00000,0.00000,0.00000,0.00000,0.00,0,0.19,"deal_close"
2026-05-03T23:36:57Z,XAUUSD,OPEN,56489096849,56177509368,BUY,0.01,4618.49000,4617.29000,4619.09000,4617.30160,4616.85013,56.59,19,0.00,"opened"
2026-05-03T23:37:13Z,XAUUSD,CLOSE,56489096849,56177510675,SELL,0.01,4617.29000,0.00000,0.00000,0.00000,0.00000,0.00,0,-1.20,"deal_close"
2026-05-03T23:38:57Z,XAUUSD,OPEN,56489106316,56177518379,BUY,0.01,4617.82000,4616.62000,4618.42000,4617.34903,4616.94953,52.87,24,0.00,"opened"
2026-05-03T23:39:02Z,XAUUSD,CLOSE,56489106316,56177518561,SELL,0.01,4617.90000,0.00000,0.00000,0.00000,0.00000,0.00,0,0.15,"deal_close"
2026-05-03T23:40:57Z,XAUUSD,OPEN,56489120425,56177532054,SELL,0.01,4614.08000,4615.28000,4613.48000,4616.28738,4616.51102,38.79,25,0.00,"opened"
2026-05-03T23:44:14Z,XAUUSD,CLOSE,56489120425,56177549051,BUY,0.01,4613.48000,0.00000,0.00000,0.00000,0.00000,0.00,0,0.60,"deal_close"
2026-05-03T23:44:57Z,XAUUSD,OPEN,56489143091,56177554199,SELL,0.01,4613.45000,4614.65000,4612.85000,4614.94094,4615.73030,37.13,25,0.00,"opened"
2026-05-03T23:44:58Z,XAUUSD,CLOSE,56489143091,56177554406,BUY,0.01,4612.85000,0.00000,0.00000,0.00000,0.00000,0.00,0,0.56,"deal_close"
2026-05-03T23:45:57Z,XAUUSD,OPEN,56489153256,56177563972,SELL,0.01,4611.93000,4613.13000,4611.33000,4614.33875,4615.38481,32.05,25,0.00,"opened"
2026-05-03T23:45:59Z,XAUUSD,CLOSE,56489153256,56177564283,BUY,0.01,4613.13000,0.00000,0.00000,0.00000,0.00000,0.00,0,-1.20,"deal_close"
2026-05-03T23:48:57Z,XAUUSD,OPEN,56489175087,56177585073,SELL,0.01,4614.39000,4615.59000,4613.79000,4614.52184,4615.21826,45.46,25,0.00,"opened"
2026-05-03T23:49:16Z,XAUUSD,CLOSE,56489175087,56177586321,BUY,0.01,4615.59000,0.00000,0.00000,0.00000,0.00000,0.00,0,-1.20,"deal_close"
2026-05-03T23:49:57Z,XAUUSD,OPEN,56489179484,56177589115,SELL,0.01,4614.26000,4615.46000,4613.66000,4614.48547,4615.13842,45.28,25,0.00,"opened"
2026-05-03T23:50:34Z,XAUUSD,CLOSE,56489179484,56177591346,BUY,0.01,4613.66000,0.00000,0.00000,0.00000,0.00000,0.00,0,0.60,"deal_close"
2026-05-03T23:50:57Z,XAUUSD,OPEN,56489184130,56177593483,SELL,0.01,4613.58000,4614.78000,4612.98000,4614.30438,4614.99674,42.46,27,0.00,"opened"
2026-05-03T23:51:12Z,XAUUSD,CLOSE,56489184130,56177594624,BUY,0.01,4614.78000,0.00000,0.00000,0.00000,0.00000,0.00,0,-1.19,"deal_close"
2026-05-03T23:55:57Z,XAUUSD,OPEN,56489209436,56177616886,BUY,0.01,4616.61000,4615.41000,4617.21000,4615.59150,4615.45193,53.79,25,0.00,"opened"
2026-05-03T23:56:16Z,XAUUSD,CLOSE,56489209436,56177618642,SELL,0.01,4616.86000,0.00000,0.00000,0.00000,0.00000,0.00,0,0.25,"deal_close"
2026-05-03T23:56:57Z,XAUUSD,OPEN,56489216059,56177623139,BUY,0.01,4617.03000,4615.83000,4617.63000,4615.83120,4615.57357,55.76,25,0.00,"opened"
2026-05-03T23:57:28Z,XAUUSD,CLOSE,56489216059,56177625575,SELL,0.01,4615.83000,0.00000,0.00000,0.00000,0.00000,0.00,0,-1.20,"deal_close"
2026-05-03T23:58:57Z,XAUUSD,OPEN,56489231115,56177637221,SELL,0.01,4612.36000,4613.56000,4611.76000,4614.96077,4615.21171,37.96,25,0.00,"opened"
2026-05-03T23:59:15Z,XAUUSD,CLOSE,56489231115,56177639997,BUY,0.01,4613.56000,0.00000,0.00000,0.00000,0.00000,0.00,0,-1.20,"deal_close"
2026-05-04T00:00:57Z,XAUUSD,OPEN,56489255289,56177659853,SELL,0.01,4610.38000,4611.58000,4609.78000,4613.87169,4614.66241,35.21,29,0.00,"opened"
2026-05-04T00:01:03Z,XAUUSD,CLOSE,56489255289,56177660993,BUY,0.01,4609.88000,0.00000,0.00000,0.00000,0.00000,0.00,0,0.60,"deal_close"
2026-05-04T00:01:57Z,XAUUSD,OPEN,56489274867,56177679536,SELL,0.01,4606.35000,4607.55000,4605.75000,4612.36735,4613.90673,27.87,25,0.00,"opened"
2026-05-04T00:02:01Z,XAUUSD,CLOSE,56489274867,56177681210,BUY,0.01,4605.84000,0.00000,0.00000,0.00000,0.00000,0.00,0,0.60,"deal_close"
2026-05-04T00:03:57Z,XAUUSD,OPEN,56489298135,56177702128,SELL,0.01,4605.81000,4607.01000,4605.21000,4610.29631,4612.65110,29.63,21,0.00,"opened"
2026-05-04T00:04:02Z,XAUUSD,CLOSE,56489298135,56177703198,BUY,0.01,4607.01000,0.00000,0.00000,0.00000,0.00000,0.00,0,-1.20,"deal_close"
2026-05-04T00:12:57Z,XAUUSD,OPEN,56489389528,56177788973,SELL,0.01,4610.74000,4611.94000,4610.14000,4612.55819,4612.73284,44.60,21,0.00,"opened"
2026-05-04T00:13:21Z,XAUUSD,CLOSE,56489389528,56177792501,BUY,0.01,4611.94000,0.00000,0.00000,0.00000,0.00000,0.00,0,-1.15,"deal_close"
2026-05-04T07:59:57Z,XAUUSD,OPEN,56494705494,56182902687,SELL,0.01,4578.96000,4580.16000,4578.36000,4582.17284,4584.05605,33.14,17,0.00,"opened"
2026-05-04T07:59:58Z,XAUUSD,CLOSE,56494705494,56182903275,BUY,0.01,4578.60000,0.00000,0.00000,0.00000,0.00000,0.00,0,0.60,"deal_close"
2026-05-04T08:00:57Z,XAUUSD,OPEN,56494733369,56182929533,SELL,0.01,4578.15000,4579.35000,4577.55000,4581.36827,4583.51914,31.60,17,0.00,"opened"
2026-05-04T08:01:02Z,XAUUSD,CLOSE,56494733369,56182931429,BUY,0.01,4579.35000,0.00000,0.00000,0.00000,0.00000,0.00,0,-1.31,"deal_close"
2026-05-04T08:02:57Z,XAUUSD,OPEN,56494773261,56182967854,SELL,0.01,4578.46000,4579.66000,4577.86000,4580.67849,4582.82251,36.32,4,0.00,"opened"
2026-05-04T08:03:41Z,XAUUSD,CLOSE,56494773261,56182979127,BUY,0.01,4577.98000,0.00000,0.00000,0.00000,0.00000,0.00,0,0.35,"deal_close"
2026-05-04T08:04:57Z,XAUUSD,OPEN,56494820043,56183013779,SELL,0.01,4575.50000,4576.70000,4574.90000,4579.31984,4581.81282,30.33,17,0.00,"opened"
2026-05-04T08:04:58Z,XAUUSD,CLOSE,56494820043,56183015801,BUY,0.01,4574.90000,0.00000,0.00000,0.00000,0.00000,0.00,0,0.61,"deal_close"
2026-05-04T08:05:57Z,XAUUSD,OPEN,56494848687,56183042210,SELL,0.01,4575.21000,4576.41000,4574.61000,4578.49387,4581.21074,29.82,17,0.00,"opened"
2026-05-04T08:06:30Z,XAUUSD,CLOSE,56494848687,56183051003,BUY,0.01,4575.16000,0.00000,0.00000,0.00000,0.00000,0.00,0,0.02,"deal_close"
2026-05-04T08:08:57Z,XAUUSD,OPEN,56494899824,56183091274,SELL,0.01,4577.48000,4578.68000,4576.88000,4577.86022,4580.19401,39.27,17,0.00,"opened"
2026-05-04T08:09:01Z,XAUUSD,CLOSE,56494899824,56183092296,BUY,0.01,4576.87000,0.00000,0.00000,0.00000,0.00000,0.00,0,0.60,"deal_close"
2026-05-04T08:11:57Z,XAUUSD,OPEN,56494946957,56183136277,SELL,0.01,4577.91000,4579.11000,4577.31000,4578.16995,4579.78048,41.57,17,0.00,"opened"
2026-05-04T08:12:00Z,XAUUSD,CLOSE,56494946957,56183137077,BUY,0.01,4578.02000,0.00000,0.00000,0.00000,0.00000,0.00,0,0.02,"deal_close"
2026-05-04T08:16:57Z,XAUUSD,OPEN,56495025481,56183211759,SELL,0.01,4575.33000,4576.53000,4574.73000,4578.10874,4579.20485,36.68,17,0.00,"opened"
2026-05-04T08:17:01Z,XAUUSD,CLOSE,56495025481,56183212986,BUY,0.01,4576.53000,0.00000,0.00000,0.00000,0.00000,0.00,0,-1.18,"deal_close"
2026-05-04T08:18:57Z,XAUUSD,OPEN,56495056009,56183241072,SELL,0.01,4575.19000,4576.39000,4574.59000,4577.12479,4578.54268,36.73,17,0.00,"opened"
2026-05-04T08:19:33Z,XAUUSD,CLOSE,56495056009,56183248472,BUY,0.01,4574.90000,0.00000,0.00000,0.00000,0.00000,0.00,0,0.29,"deal_close"
2026-05-04T08:23:57Z,XAUUSD,OPEN,56495124772,56183306841,SELL,0.01,4576.77000,4577.97000,4576.17000,4577.09256,4577.97671,43.14,17,0.00,"opened"
2026-05-04T08:23:59Z,XAUUSD,CLOSE,56495124772,56183307142,BUY,0.01,4577.97000,0.00000,0.00000,0.00000,0.00000,0.00,0,-1.21,"deal_close"
2026-05-04T08:27:57Z,XAUUSD,OPEN,56495183928,56183363349,SELL,0.01,4576.33000,4577.53000,4575.73000,4577.28593,4577.82326,42.74,17,0.00,"opened"
2026-05-04T08:28:10Z,XAUUSD,CLOSE,56495183928,56183367003,BUY,0.01,4576.15000,0.00000,0.00000,0.00000,0.00000,0.00,0,0.22,"deal_close"
2026-05-04T08:29:57Z,XAUUSD,OPEN,56495215098,56183393346,SELL,0.01,4575.02000,4576.22000,4574.42000,4576.73379,4577.47253,39.17,17,0.00,"opened"
2026-05-04T08:30:04Z,XAUUSD,CLOSE,56495215098,56183395580,BUY,0.01,4574.69000,0.00000,0.00000,0.00000,0.00000,0.00,0,0.31,"deal_close"
2026-05-04T08:36:57Z,XAUUSD,OPEN,56495321192,56183495484,SELL,0.01,4576.04000,4577.24000,4575.44000,4576.85993,4577.20140,43.97,17,0.00,"opened"
2026-05-04T08:37:13Z,XAUUSD,CLOSE,56495321192,56183499063,BUY,0.01,4577.24000,0.00000,0.00000,0.00000,0.00000,0.00,0,-1.22,"deal_close"
2026-05-04T08:38:57Z,XAUUSD,OPEN,56495345639,56183518964,SELL,0.01,4576.02000,4577.22000,4575.42000,4576.75116,4577.09636,44.60,17,0.00,"opened"
2026-05-04T08:39:07Z,XAUUSD,CLOSE,56495345639,56183521205,BUY,0.01,4577.22000,0.00000,0.00000,0.00000,0.00000,0.00,0,-1.20,"deal_close"
2026-05-04T08:40:57Z,XAUUSD,OPEN,56495378328,56183550651,BUY,0.01,4580.85000,4579.65000,4581.45000,4577.91914,4577.59104,59.64,17,0.00,"opened"
2026-05-04T08:41:11Z,XAUUSD,CLOSE,56495378328,56183554960,SELL,0.01,4579.65000,0.00000,0.00000,0.00000,0.00000,0.00,0,-1.41,"deal_close"
2026-05-04T08:50:57Z,XAUUSD,OPEN,56495499132,56183666801,BUY,0.01,4579.24000,4578.04000,4579.84000,4578.23283,4578.05924,54.40,17,0.00,"opened"
2026-05-04T08:51:03Z,XAUUSD,CLOSE,56495499132,56183668585,SELL,0.01,4579.25000,0.00000,0.00000,0.00000,0.00000,0.00,0,0.02,"deal_close"
2026-05-04T08:55:57Z,XAUUSD,OPEN,56495556647,56183722297,BUY,0.01,4578.92000,4577.72000,4579.52000,4578.20082,4578.09141,52.94,17,0.00,"opened"
2026-05-04T08:56:05Z,XAUUSD,CLOSE,56495556647,56183723578,SELL,0.01,4579.07000,0.00000,0.00000,0.00000,0.00000,0.00,0,0.15,"deal_close"
2026-05-04T08:56:57Z,XAUUSD,OPEN,56495568524,56183733595,BUY,0.01,4579.30000,4578.10000,4579.90000,4578.39265,4578.18856,54.68,17,0.00,"opened"
2026-05-04T08:57:03Z,XAUUSD,CLOSE,56495568524,56183735094,SELL,0.01,4579.42000,0.00000,0.00000,0.00000,0.00000,0.00,0,0.19,"deal_close"
2026-05-04T08:58:57Z,XAUUSD,OPEN,56495592158,56183756450,SELL,0.01,4576.38000,4577.58000,4575.78000,4577.86330,4577.97550,42.97,17,0.00,"opened"
2026-05-04T08:59:40Z,XAUUSD,CLOSE,56495592158,56183764429,BUY,0.01,4576.21000,0.00000,0.00000,0.00000,0.00000,0.00,0,0.20,"deal_close"
2026-05-04T09:01:57Z,XAUUSD,OPEN,56495631435,56183793704,SELL,0.01,4577.42000,4578.62000,4576.82000,4577.66809,4577.84457,47.83,17,0.00,"opened"
2026-05-04T09:02:01Z,XAUUSD,CLOSE,56495631435,56183794572,BUY,0.01,4578.62000,0.00000,0.00000,0.00000,0.00000,0.00,0,-1.19,"deal_close"
2026-05-04T09:02:57Z,XAUUSD,OPEN,56495650444,56183812065,BUY,0.01,4579.48000,4578.28000,4580.08000,4577.99647,4577.97779,55.51,17,0.00,"opened"
2026-05-04T09:03:06Z,XAUUSD,CLOSE,56495650444,56183814171,SELL,0.01,4580.09000,0.00000,0.00000,0.00000,0.00000,0.00,0,0.60,"deal_close"
2026-05-04T09:04:57Z,XAUUSD,OPEN,56495678481,56183839190,BUY,0.01,4580.92000,4579.72000,4581.52000,4578.70454,4578.31264,60.21,17,0.00,"opened"
2026-05-04T09:06:42Z,XAUUSD,CLOSE,56495678481,56183862649,SELL,0.01,4579.72000,0.00000,0.00000,0.00000,0.00000,0.00,0,-1.19,"deal_close"
2026-05-04T09:06:57Z,XAUUSD,OPEN,56495705934,56183865821,BUY,0.01,4580.89000,4579.69000,4581.49000,4579.36611,4578.69739,59.54,17,0.00,"opened"
2026-05-04T09:07:01Z,XAUUSD,CLOSE,56495705934,56183867024,SELL,0.01,4581.01000,0.00000,0.00000,0.00000,0.00000,0.00,0,0.18,"deal_close"
2026-05-04T09:07:57Z,XAUUSD,OPEN,56495723156,56183882647,BUY,0.01,4580.92000,4579.72000,4581.52000,4579.64489,4578.88490,59.68,16,0.00,"opened"
2026-05-04T09:08:04Z,XAUUSD,CLOSE,56495723156,56183884011,SELL,0.01,4581.05000,0.00000,0.00000,0.00000,0.00000,0.00,0,0.26,"deal_close"
2026-05-04T09:10:57Z,XAUUSD,OPEN,56495761552,56183919844,BUY,0.01,4580.54000,4579.34000,4581.14000,4579.92978,4579.21731,57.23,19,0.00,"opened"
2026-05-04T09:13:38Z,XAUUSD,CLOSE,56495761552,56183949273,SELL,0.01,4580.72000,0.00000,0.00000,0.00000,0.00000,0.00,0,0.18,"deal_close"
2026-05-04T09:13:57Z,XAUUSD,OPEN,56495795487,56183952826,BUY,0.01,4581.79000,4580.59000,4582.39000,4580.44837,4579.64691,63.03,17,0.00,"opened"
2026-05-04T09:14:07Z,XAUUSD,CLOSE,56495795487,56183956774,SELL,0.01,4582.38000,0.00000,0.00000,0.00000,0.00000,0.00,0,0.60,"deal_close"
2026-05-04T09:14:57Z,XAUUSD,OPEN,56495818419,56183975414,BUY,0.01,4584.27000,4583.07000,4584.87000,4581.17869,4580.05173,71.38,17,0.00,"opened"
2026-05-04T09:15:01Z,XAUUSD,CLOSE,56495818419,56183977201,SELL,0.01,4584.27000,0.00000,0.00000,0.00000,0.00000,0.00,0,0.02,"deal_close"
2026-05-04T09:16:57Z,XAUUSD,OPEN,56495848904,56184005120,BUY,0.01,4582.67000,4581.47000,4583.27000,4581.58876,4580.44276,61.04,17,0.00,"opened"
2026-05-04T09:18:20Z,XAUUSD,CLOSE,56495848904,56184020848,SELL,0.01,4583.27000,0.00000,0.00000,0.00000,0.00000,0.00,0,0.60,"deal_close"
2026-05-04T09:18:57Z,XAUUSD,OPEN,56495873961,56184029182,BUY,0.01,4582.91000,4581.71000,4583.51000,4581.98881,4580.83401,61.90,17,0.00,"opened"
2026-05-04T09:20:35Z,XAUUSD,CLOSE,56495873961,56184048665,SELL,0.01,4583.14000,0.00000,0.00000,0.00000,0.00000,0.00,0,0.23,"deal_close"
2026-05-04T09:20:57Z,XAUUSD,OPEN,56495898141,56184052711,BUY,0.01,4583.24000,4582.04000,4583.84000,4582.30444,4581.18406,62.96,17,0.00,"opened"
2026-05-04T09:21:41Z,XAUUSD,CLOSE,56495898141,56184060248,SELL,0.01,4582.04000,0.00000,0.00000,0.00000,0.00000,0.00,0,-1.20,"deal_close"
2026-05-04T09:29:57Z,XAUUSD,OPEN,56496007615,56184157923,BUY,0.01,4581.50000,4580.30000,4582.10000,4581.27472,4581.16021,52.60,17,0.00,"opened"
2026-05-04T09:33:42Z,XAUUSD,CLOSE,56496007615,56184195482,SELL,0.01,4582.15000,0.00000,0.00000,0.00000,0.00000,0.00,0,0.60,"deal_close"
2026-05-04T09:33:57Z,XAUUSD,OPEN,56496050145,56184198896,BUY,0.01,4582.10000,4580.90000,4582.70000,4581.33513,4581.21095,56.12,17,0.00,"opened"
2026-05-04T09:34:14Z,XAUUSD,CLOSE,56496050145,56184203434,SELL,0.01,4582.38000,0.00000,0.00000,0.00000,0.00000,0.00,0,0.29,"deal_close"
2026-05-04T09:34:57Z,XAUUSD,OPEN,56496063845,56184212232,BUY,0.01,4582.61000,4581.41000,4583.21000,4581.55811,4581.32359,59.08,17,0.00,"opened"
2026-05-04T09:35:05Z,XAUUSD,CLOSE,56496063845,56184214436,SELL,0.01,4583.21000,0.00000,0.00000,0.00000,0.00000,0.00,0,0.60,"deal_close"
2026-05-04T09:35:59Z,XAUUSD,OPEN,56496080635,56184228634,BUY,0.01,4584.14000,4582.94000,4584.74000,4582.04049,4581.56418,66.25,17,0.00,"opened"
2026-05-04T09:38:59Z,XAUUSD,OPEN,56496121834,56184268925,BUY,0.01,4584.07000,4582.87000,4584.67000,4582.80489,4582.06685,64.23,17,0.00,"opened"
2026-05-04T09:40:35Z,XAUUSD,CLOSE,56496121834,56184285153,SELL,0.01,4584.09000,0.00000,0.00000,0.00000,0.00000,0.00,0,0.02,"deal_close"
2026-05-04T09:42:59Z,XAUUSD,OPEN,56496166216,56184312192,BUY,0.01,4583.38000,4582.18000,4583.98000,4583.07439,4582.45749,57.37,18,0.00,"opened"
2026-05-04T09:43:56Z,XAUUSD,CLOSE,56496166216,56184321878,SELL,0.01,4582.18000,0.00000,0.00000,0.00000,0.00000,0.00,0,-1.20,"deal_close"
2026-05-04T09:46:59Z,XAUUSD,OPEN,56496220630,56184365374,SELL,0.01,4580.66000,4581.86000,4580.06000,4582.07933,4582.14117,41.47,17,0.00,"opened"
2026-05-04T09:47:45Z,XAUUSD,CLOSE,56496220630,56184374392,BUY,0.01,4581.86000,0.00000,0.00000,0.00000,0.00000,0.00,0,-1.21,"deal_close"
2026-05-04T09:50:59Z,XAUUSD,OPEN,56496264638,56184407724,SELL,0.01,4581.19000,4582.39000,4580.59000,4581.76137,4581.95389,45.48,17,0.00,"opened"
2026-05-04T09:51:33Z,XAUUSD,CLOSE,56496264638,56184415731,BUY,0.01,4580.56000,0.00000,0.00000,0.00000,0.00000,0.00,0,0.60,"deal_close"
2026-05-04T09:51:59Z,XAUUSD,OPEN,56496281191,56184424100,SELL,0.01,4578.95000,4580.15000,4578.35000,4581.19910,4581.68081,35.24,17,0.00,"opened"
2026-05-04T09:52:33Z,XAUUSD,CLOSE,56496281191,56184434868,BUY,0.01,4578.33000,0.00000,0.00000,0.00000,0.00000,0.00,0,0.60,"deal_close"
2026-05-04T09:52:59Z,XAUUSD,OPEN,56496300087,56184442745,SELL,0.01,4578.35000,4579.55000,4577.75000,4580.62928,4581.37801,33.09,19,0.00,"opened"
2026-05-04T09:53:08Z,XAUUSD,CLOSE,56496300087,56184445497,BUY,0.01,4579.55000,0.00000,0.00000,0.00000,0.00000,0.00,0,-1.23,"deal_close"
2026-05-04T09:54:59Z,XAUUSD,OPEN,56496325178,56184467201,SELL,0.01,4579.21000,4580.41000,4578.61000,4580.12794,4581.00670,38.96,17,0.00,"opened"
2026-05-04T09:55:23Z,XAUUSD,CLOSE,56496325178,56184471000,BUY,0.01,4579.18000,0.00000,0.00000,0.00000,0.00000,0.00,0,0.02,"deal_close"
2026-05-04T09:55:59Z,XAUUSD,OPEN,56496334723,56184476395,SELL,0.01,4579.13000,4580.33000,4578.53000,4579.92835,4580.83609,38.61,17,0.00,"opened"
2026-05-04T09:56:32Z,XAUUSD,CLOSE,56496334723,56184481551,BUY,0.01,4578.52000,0.00000,0.00000,0.00000,0.00000,0.00,0,0.60,"deal_close"
2026-05-04T09:56:59Z,XAUUSD,OPEN,56496348358,56184489728,SELL,0.01,4577.64000,4578.84000,4577.04000,4579.47268,4580.54645,32.69,17,0.00,"opened"
2026-05-04T09:57:45Z,XAUUSD,CLOSE,56496348358,56184500049,BUY,0.01,4577.04000,0.00000,0.00000,0.00000,0.00000,0.00,0,0.60,"deal_close"
2026-05-04T09:57:59Z,XAUUSD,OPEN,56496367198,56184508725,SELL,0.01,4574.78000,4575.98000,4574.18000,4578.54014,4580.02495,24.83,17,0.00,"opened"
2026-05-04T09:58:07Z,XAUUSD,CLOSE,56496367198,56184513850,BUY,0.01,4574.12000,0.00000,0.00000,0.00000,0.00000,0.00,0,0.60,"deal_close"
2026-05-04T09:58:59Z,XAUUSD,OPEN,56496397696,56184539279,SELL,0.01,4574.50000,4575.70000,4573.90000,4577.73212,4579.52268,24.14,17,0.00,"opened"
2026-05-04T09:59:12Z,XAUUSD,CLOSE,56496397696,56184542935,BUY,0.01,4575.70000,0.00000,0.00000,0.00000,0.00000,0.00,0,-1.20,"deal_close"
2026-05-04T10:00:59Z,XAUUSD,OPEN,56496437222,56184577398,SELL,0.01,4574.17000,4575.37000,4573.57000,4576.64975,4578.69701,27.07,17,0.00,"opened"
2026-05-04T10:01:04Z,XAUUSD,CLOSE,56496437222,56184578997,BUY,0.01,4573.70000,0.00000,0.00000,0.00000,0.00000,0.00,0,0.60,"deal_close"
2026-05-04T10:01:59Z,XAUUSD,OPEN,56496473590,56184613450,SELL,0.01,4570.41000,4571.61000,4569.81000,4575.40180,4577.94365,20.17,17,0.00,"opened"
2026-05-04T10:02:00Z,XAUUSD,CLOSE,56496473590,56184614553,BUY,0.01,4569.81000,0.00000,0.00000,0.00000,0.00000,0.00,0,-0.07,"deal_close"
2026-05-04T10:02:59Z,XAUUSD,OPEN,56496528321,56184669041,SELL,0.01,4567.26000,4568.46000,4566.66000,4573.77344,4576.97241,16.39,17,0.00,"opened"
2026-05-04T10:03:00Z,XAUUSD,CLOSE,56496528321,56184669511,BUY,0.01,4566.71000,0.00000,0.00000,0.00000,0.00000,0.00,0,0.60,"deal_close"
2026-05-04T10:03:59Z,XAUUSD,OPEN_FAIL,0,0,SELL,0.01,4556.31000,4557.51000,4555.71000,4570.28475,4575.09582,9.65,4,0.00,"invalid stops"
2026-05-04T10:03:59Z,XAUUSD,OPEN,56496594683,56184736015,SELL,0.01,4555.39000,4556.59000,4554.79000,4570.28475,4575.09582,9.65,21,0.00,"opened"
2026-05-04T10:04:02Z,XAUUSD,CLOSE,56496594683,56184744038,BUY,0.01,4554.79000,0.00000,0.00000,0.00000,0.00000,0.00,0,1.33,"deal_close"
2026-05-04T10:05:59Z,XAUUSD,OPEN,56496736964,56184878531,SELL,0.01,4551.37000,4552.57000,4550.77000,4564.89144,4571.70952,16.46,4,0.00,"opened"
2026-05-04T10:05:59Z,XAUUSD,CLOSE,56496736964,56184878606,BUY,0.01,4550.77000,0.00000,0.00000,0.00000,0.00000,0.00,0,0.60,"deal_close"
2026-05-04T10:06:59Z,XAUUSD,OPEN,56496797086,56184937948,SELL,0.01,4546.04000,4547.24000,4545.44000,4561.13315,4569.38138,14.19,24,0.00,"opened"
2026-05-04T10:07:00Z,XAUUSD,CLOSE,56496797086,56184938604,BUY,0.01,4545.38000,0.00000,0.00000,0.00000,0.00000,0.00,0,0.60,"deal_close"
2026-05-04T10:08:59Z,XAUUSD,OPEN,56496883636,56185022918,SELL,0.01,4544.39000,4545.59000,4543.79000,4555.83362,4565.42007,18.22,17,0.00,"opened"
2026-05-04T10:09:00Z,XAUUSD,CLOSE,56496883636,56185023686,BUY,0.01,4544.72000,0.00000,0.00000,0.00000,0.00000,0.00,0,0.60,"deal_close"
2026-05-04T10:10:59Z,XAUUSD,OPEN,56496947729,56185084693,SELL,0.01,4547.13000,4548.33000,4546.53000,4552.74832,4562.27055,24.21,17,0.00,"opened"
2026-05-04T10:11:00Z,XAUUSD,CLOSE,56496947729,56185084840,BUY,0.01,4546.53000,0.00000,0.00000,0.00000,0.00000,0.00,0,0.41,"deal_close"
2026-05-04T10:11:59Z,XAUUSD,OPEN_FAIL,0,0,SELL,0.01,4544.73000,4545.93000,4544.13000,4551.15865,4560.68232,22.70,17,0.00,"invalid stops"
2026-05-04T10:12:00Z,XAUUSD,OPEN,56496978061,56185114046,SELL,0.01,4543.95000,4545.15000,4543.35000,4551.15865,4560.68232,22.70,4,0.00,"opened"
2026-05-04T10:12:03Z,XAUUSD,CLOSE,56496978061,56185115178,BUY,0.01,4543.35000,0.00000,0.00000,0.00000,0.00000,0.00,0,0.05,"deal_close"
2026-05-04T10:12:59Z,XAUUSD,OPEN,56497037010,56185173218,SELL,0.01,4542.13000,4543.33000,4541.53000,4549.34292,4558.99120,21.04,4,0.00,"opened"
2026-05-04T10:13:00Z,XAUUSD,CLOSE,56497037010,56185173767,BUY,0.01,4543.33000,0.00000,0.00000,0.00000,0.00000,0.00,0,-1.10,"deal_close"
2026-05-04T10:13:59Z,XAUUSD,OPEN,56497066723,56185201904,SELL,0.01,4539.00000,4540.20000,4538.40000,4547.27434,4557.17382,19.33,17,0.00,"opened"
2026-05-04T10:14:02Z,XAUUSD,CLOSE,56497066723,56185203783,BUY,0.01,4538.40000,0.00000,0.00000,0.00000,0.00000,0.00,0,0.28,"deal_close"
2026-05-04T10:15:59Z,XAUUSD,OPEN,56497138924,56185272160,SELL,0.01,4539.96000,4541.16000,4539.36000,4545.00598,4554.37473,24.58,18,0.00,"opened"
2026-05-04T10:16:01Z,XAUUSD,CLOSE,56497138924,56185273208,BUY,0.01,4539.36000,0.00000,0.00000,0.00000,0.00000,0.00,0,0.64,"deal_close"
2026-05-04T10:17:59Z,XAUUSD,OPEN,56497195976,56185327279,SELL,0.01,4539.91000,4541.11000,4539.31000,4543.43222,4551.99903,26.55,16,0.00,"opened"
2026-05-04T10:18:00Z,XAUUSD,CLOSE,56497195976,56185327491,BUY,0.01,4539.31000,0.00000,0.00000,0.00000,0.00000,0.00,0,0.36,"deal_close"
2026-05-04T10:18:59Z,XAUUSD,OPEN,56497240679,56185370864,SELL,0.01,4539.38000,4540.58000,4538.78000,4542.62178,4550.85185,26.13,17,0.00,"opened"
2026-05-04T10:19:05Z,XAUUSD,CLOSE,56497240679,56185373247,BUY,0.01,4538.95000,0.00000,0.00000,0.00000,0.00000,0.00,0,0.60,"deal_close"
2026-05-04T10:19:59Z,XAUUSD,OPEN,56497276012,56185405226,SELL,0.01,4538.14000,4539.34000,4537.54000,4541.72542,4549.69622,25.14,17,0.00,"opened"
2026-05-04T10:20:10Z,XAUUSD,CLOSE,56497276012,56185409277,BUY,0.01,4539.34000,0.00000,0.00000,0.00000,0.00000,0.00,0,-1.19,"deal_close"
2026-05-04T10:20:59Z,XAUUSD,OPEN,56497300066,56185428326,SELL,0.01,4537.90000,4539.10000,4537.30000,4540.96034,4548.62384,24.94,17,0.00,"opened"
2026-05-04T10:21:03Z,XAUUSD,CLOSE,56497300066,56185429537,BUY,0.01,4537.93000,0.00000,0.00000,0.00000,0.00000,0.00,0,0.02,"deal_close"
2026-05-04T10:21:59Z,XAUUSD,OPEN,56497342501,56185470021,SELL,0.01,4533.00000,4534.20000,4532.40000,4539.36827,4547.20349,21.26,17,0.00,"opened"
2026-05-04T10:22:03Z,XAUUSD,CLOSE,56497342501,56185472145,BUY,0.01,4532.40000,0.00000,0.00000,0.00000,0.00000,0.00,0,0.85,"deal_close"
2026-05-04T10:50:58Z,XAUUSD,OPEN,56498176115,56186278291,BUY,0.01,4564.42000,4563.22000,4565.02000,4562.53047,4558.19023,70.82,22,0.00,"opened"
2026-05-04T10:51:08Z,XAUUSD,CLOSE,56498176115,56186282138,SELL,0.01,4565.02000,0.00000,0.00000,0.00000,0.00000,0.00,0,0.60,"deal_close"
2026-05-04T10:51:59Z,XAUUSD,OPEN,56498193604,56186295255,BUY,0.01,4564.50000,4563.30000,4565.10000,4563.17950,4559.25556,64.57,17,0.00,"opened"
2026-05-04T10:52:01Z,XAUUSD,CLOSE,56498193604,56186295620,SELL,0.01,4565.11000,0.00000,0.00000,0.00000,0.00000,0.00,0,0.60,"deal_close"
2026-05-04T10:53:59Z,XAUUSD,OPEN,56498235069,56186335733,BUY,0.01,4563.53000,4562.33000,4564.13000,4563.16568,4559.92732,61.21,17,0.00,"opened"
2026-05-04T10:54:02Z,XAUUSD,CLOSE,56498235069,56186336389,SELL,0.01,4564.13000,0.00000,0.00000,0.00000,0.00000,0.00,0,0.60,"deal_close"
2026-05-04T10:55:59Z,XAUUSD,OPEN,56498272913,56186372482,BUY,0.01,4563.23000,4562.03000,4563.83000,4562.95484,4560.38027,59.65,4,0.00,"opened"
2026-05-04T10:56:22Z,XAUUSD,CLOSE,56498272913,56186378493,SELL,0.01,4562.03000,0.00000,0.00000,0.00000,0.00000,0.00,0,-1.09,"deal_close"
2026-05-04T10:58:59Z,XAUUSD,OPEN,56498327950,56186426023,BUY,0.01,4563.67000,4562.47000,4564.27000,4562.81832,4560.93221,59.41,17,0.00,"opened"
2026-05-04T10:59:18Z,XAUUSD,CLOSE,56498327950,56186430383,SELL,0.01,4562.47000,0.00000,0.00000,0.00000,0.00000,0.00,0,-1.64,"deal_close"
2026-05-04T11:00:59Z,XAUUSD,OPEN,56498366783,56186463404,BUY,0.01,4566.21000,4565.01000,4566.81000,4563.45132,4561.54571,63.69,10,0.00,"opened"
2026-05-04T11:01:02Z,XAUUSD,CLOSE,56498366783,56186464495,SELL,0.01,4566.82000,0.00000,0.00000,0.00000,0.00000,0.00,0,0.60,"deal_close"
2026-05-04T11:01:59Z,XAUUSD,OPEN,56498393169,56186488770,BUY,0.01,4566.97000,4565.77000,4567.57000,4564.14706,4562.03519,65.10,17,0.00,"opened"
2026-05-04T11:02:01Z,XAUUSD,CLOSE,56498393169,56186489201,SELL,0.01,4567.74000,0.00000,0.00000,0.00000,0.00000,0.00,0,0.60,"deal_close"
2026-05-04T11:02:59Z,XAUUSD,OPEN,56498419843,56186514534,BUY,0.01,4567.83000,4566.63000,4568.43000,4564.85165,4562.54745,66.36,17,0.00,"opened"
2026-05-04T11:03:03Z,XAUUSD,CLOSE,56498419843,56186515875,SELL,0.01,4566.63000,0.00000,0.00000,0.00000,0.00000,0.00,0,-1.20,"deal_close"
2026-05-04T11:06:59Z,XAUUSD,OPEN,56498504935,56186596132,BUY,0.01,4565.89000,4564.69000,4566.49000,4564.49731,4563.08929,58.17,17,0.00,"opened"
2026-05-04T11:07:07Z,XAUUSD,CLOSE,56498504935,56186599267,SELL,0.01,4564.69000,0.00000,0.00000,0.00000,0.00000,0.00,0,-1.16,"deal_close"
2026-05-04T11:08:59Z,XAUUSD,OPEN,56498541557,56186631679,BUY,0.01,4565.64000,4564.44000,4566.24000,4564.80588,4563.48098,57.37,17,0.00,"opened"
2026-05-04T11:09:03Z,XAUUSD,CLOSE,56498541557,56186632822,SELL,0.01,4566.32000,0.00000,0.00000,0.00000,0.00000,0.00,0,0.60,"deal_close"
2026-05-04T11:09:59Z,XAUUSD,OPEN,56498560073,56186649457,BUY,0.01,4567.01000,4565.81000,4567.61000,4565.21270,4563.78635,60.20,17,0.00,"opened"
2026-05-04T11:10:17Z,XAUUSD,CLOSE,56498560073,56186654666,SELL,0.01,4565.81000,0.00000,0.00000,0.00000,0.00000,0.00,0,-1.41,"deal_close"
2026-05-04T11:10:59Z,XAUUSD,OPEN,56498576270,56186664916,BUY,0.01,4566.99000,4565.79000,4567.59000,4565.54016,4564.06486,60.22,17,0.00,"opened"
2026-05-04T11:11:23Z,XAUUSD,CLOSE,56498576270,56186670757,SELL,0.01,4565.79000,0.00000,0.00000,0.00000,0.00000,0.00,0,-1.20,"deal_close"
2026-05-04T11:14:59Z,XAUUSD,OPEN,56498647113,56186733240,BUY,0.01,4565.56000,4564.36000,4566.16000,4565.16927,4564.32509,55.09,17,0.00,"opened"
2026-05-04T11:15:04Z,XAUUSD,CLOSE,56498647113,56186734637,SELL,0.01,4566.16000,0.00000,0.00000,0.00000,0.00000,0.00,0,0.11,"deal_close"
2026-05-04T11:15:59Z,XAUUSD,OPEN,56498665448,56186750821,BUY,0.01,4566.87000,4565.67000,4567.47000,4565.47541,4564.54099,58.26,17,0.00,"opened"
2026-05-04T11:16:01Z,XAUUSD,CLOSE,56498665448,56186751233,SELL,0.01,4567.47000,0.00000,0.00000,0.00000,0.00000,0.00,0,0.46,"deal_close"
2026-05-04T11:16:59Z,XAUUSD,OPEN,56498682634,56186767375,BUY,0.01,4566.82000,4565.62000,4567.42000,4565.72233,4564.73817,58.29,11,0.00,"opened"
2026-05-04T11:17:31Z,XAUUSD,CLOSE,56498682634,56186775468,SELL,0.01,4567.37000,0.00000,0.00000,0.00000,0.00000,0.00,0,0.60,"deal_close"
2026-05-04T11:17:59Z,XAUUSD,OPEN,56498703344,56186787634,BUY,0.01,4568.77000,4567.57000,4569.37000,4566.29786,4565.08925,62.69,17,0.00,"opened"
2026-05-04T11:18:07Z,XAUUSD,CLOSE,56498703344,56186790241,SELL,0.01,4569.37000,0.00000,0.00000,0.00000,0.00000,0.00,0,0.60,"deal_close"
2026-05-04T11:18:59Z,XAUUSD,OPEN,56498725333,56186809035,BUY,0.01,4569.52000,4568.32000,4570.12000,4566.90829,4565.47659,64.31,17,0.00,"opened"
2026-05-04T11:19:09Z,XAUUSD,CLOSE,56498725333,56186812250,SELL,0.01,4569.79000,0.00000,0.00000,0.00000,0.00000,0.00,0,0.25,"deal_close"
2026-05-04T11:23:59Z,XAUUSD,OPEN,56498818365,56186899393,BUY,0.01,4566.85000,4565.65000,4567.45000,4566.51744,4565.85810,54.15,17,0.00,"opened"
2026-05-04T11:24:04Z,XAUUSD,CLOSE,56498818365,56186900702,SELL,0.01,4565.65000,0.00000,0.00000,0.00000,0.00000,0.00,0,-1.18,"deal_close"
2026-05-04T11:26:59Z,XAUUSD,OPEN,56498864591,56186943883,SELL,0.01,4563.60000,4564.80000,4563.00000,4565.30429,4565.41179,45.49,19,0.00,"opened"
2026-05-04T11:27:22Z,XAUUSD,CLOSE,56498864591,56186948854,BUY,0.01,4563.23000,0.00000,0.00000,0.00000,0.00000,0.00,0,0.15,"deal_close"
2026-05-04T11:27:59Z,XAUUSD,OPEN,56498880063,56186958778,SELL,0.01,4562.70000,4563.90000,4562.10000,4564.78543,4565.16618,43.10,17,0.00,"opened"
2026-05-04T11:28:12Z,XAUUSD,CLOSE,56498880063,56186962302,BUY,0.01,4562.10000,0.00000,0.00000,0.00000,0.00000,0.00,0,0.51,"deal_close"
2026-05-04T11:29:00Z,XAUUSD,OPEN,56498895481,56186973361,SELL,0.01,4562.39000,4563.59000,4561.79000,4564.30635,4564.91380,42.24,12,0.00,"opened"
2026-05-04T11:29:21Z,XAUUSD,CLOSE,56498895481,56186977146,BUY,0.01,4562.47000,0.00000,0.00000,0.00000,0.00000,0.00,0,0.02,"deal_close"
2026-05-04T11:29:59Z,XAUUSD,OPEN,56498906968,56186984334,SELL,0.01,4562.25000,4563.45000,4561.65000,4563.89908,4564.67345,41.90,14,0.00,"opened"
2026-05-04T11:30:07Z,XAUUSD,CLOSE,56498906968,56186987422,BUY,0.01,4561.65000,0.00000,0.00000,0.00000,0.00000,0.00,0,0.20,"deal_close"
2026-05-04T11:30:59Z,XAUUSD,OPEN,56498931703,56187008665,SELL,0.01,4560.43000,4561.63000,4559.83000,4563.20526,4564.28768,37.01,17,0.00,"opened"
2026-05-04T11:31:01Z,XAUUSD,CLOSE,56498931703,56187009096,BUY,0.01,4560.48000,0.00000,0.00000,0.00000,0.00000,0.00,0,0.02,"deal_close"
2026-05-04T11:33:59Z,XAUUSD,OPEN,56498985447,56187060496,SELL,0.01,4559.72000,4560.92000,4559.12000,4562.03981,4563.43569,37.93,17,0.00,"opened"
2026-05-04T11:34:06Z,XAUUSD,CLOSE,56498985447,56187061733,BUY,0.01,4559.12000,0.00000,0.00000,0.00000,0.00000,0.00,0,0.60,"deal_close"
2026-05-04T11:34:59Z,XAUUSD,OPEN,56499002508,56187077223,SELL,0.01,4556.77000,4557.97000,4556.17000,4560.98585,4562.82972,32.01,18,0.00,"opened"
2026-05-04T11:35:04Z,XAUUSD,CLOSE,56499002508,56187079089,BUY,0.01,4557.97000,0.00000,0.00000,0.00000,0.00000,0.00,0,-1.20,"deal_close"
2026-05-04T11:35:59Z,XAUUSD,OPEN,56499024234,56187098253,SELL,0.01,4556.21000,4557.41000,4555.61000,4560.03068,4562.22793,31.01,17,0.00,"opened"
2026-05-04T11:36:05Z,XAUUSD,CLOSE,56499024234,56187099542,BUY,0.01,4556.26000,0.00000,0.00000,0.00000,0.00000,0.00,0,0.02,"deal_close"
2026-05-04T11:38:59Z,XAUUSD,OPEN,56499075810,56187147861,SELL,0.01,4557.48000,4558.68000,4556.88000,4559.19203,4561.25297,39.19,17,0.00,"opened"
2026-05-04T11:39:05Z,XAUUSD,CLOSE,56499075810,56187149521,BUY,0.01,4557.31000,0.00000,0.00000,0.00000,0.00000,0.00,0,0.16,"deal_close"
2026-05-04T11:39:59Z,XAUUSD,OPEN,56499108687,56187179632,SELL,0.01,4553.92000,4555.12000,4553.32000,4558.13762,4560.58634,33.18,17,0.00,"opened"
2026-05-04T11:40:04Z,XAUUSD,CLOSE,56499108687,56187180782,BUY,0.01,4553.70000,0.00000,0.00000,0.00000,0.00000,0.00,0,0.02,"deal_close"
2026-05-04T11:41:59Z,XAUUSD,OPEN,56499151486,56187220597,SELL,0.01,4556.18000,4557.38000,4555.58000,4557.50808,4559.86044,39.86,17,0.00,"opened"
2026-05-04T11:42:05Z,XAUUSD,CLOSE,56499151486,56187222049,BUY,0.01,4555.60000,0.00000,0.00000,0.00000,0.00000,0.00,0,0.60,"deal_close"
2026-05-04T11:43:59Z,XAUUSD,OPEN,56499185165,56187253036,SELL,0.01,4554.70000,4555.90000,4554.10000,4556.84597,4559.14500,37.75,17,0.00,"opened"
2026-05-04T11:44:36Z,XAUUSD,CLOSE,56499185165,56187263195,BUY,0.01,4554.32000,0.00000,0.00000,0.00000,0.00000,0.00,0,0.33,"deal_close"
2026-05-04T11:44:59Z,XAUUSD,OPEN,56499203166,56187270546,SELL,0.01,4553.46000,4554.66000,4552.86000,4556.16878,4558.62818,35.65,17,0.00,"opened"
2026-05-04T11:45:09Z,XAUUSD,CLOSE,56499203166,56187273371,BUY,0.01,4554.66000,0.00000,0.00000,0.00000,0.00000,0.00,0,-1.54,"deal_close"
2026-05-04T11:46:59Z,XAUUSD,OPEN,56499240537,56187306829,SELL,0.01,4554.18000,4555.38000,4553.58000,4555.87082,4558.07246,39.88,17,0.00,"opened"
2026-05-04T11:47:53Z,XAUUSD,CLOSE,56499240537,56187318785,BUY,0.01,4555.38000,0.00000,0.00000,0.00000,0.00000,0.00,0,-1.20,"deal_close"
2026-05-04T11:48:59Z,XAUUSD,OPEN,56499270898,56187336230,SELL,0.01,4555.28000,4556.48000,4554.68000,4555.76052,4557.64071,42.95,17,0.00,"opened"
2026-05-04T11:49:01Z,XAUUSD,CLOSE,56499270898,56187336754,BUY,0.01,4554.95000,0.00000,0.00000,0.00000,0.00000,0.00,0,0.25,"deal_close"
2026-05-04T11:56:59Z,XAUUSD,OPEN,56499390739,56187451624,BUY,0.01,4561.33000,4560.13000,4561.93000,4558.67282,4558.36137,57.14,17,0.00,"opened"
2026-05-04T11:57:04Z,XAUUSD,CLOSE,56499390739,56187454016,SELL,0.01,4561.32000,0.00000,0.00000,0.00000,0.00000,0.00,0,0.02,"deal_close"
2026-05-04T11:57:59Z,XAUUSD,OPEN,56499410625,56187470796,BUY,0.01,4561.78000,4560.58000,4562.38000,4559.26625,4558.65942,58.30,17,0.00,"opened"
2026-05-04T11:58:08Z,XAUUSD,CLOSE,56499410625,56187474065,SELL,0.01,4562.39000,0.00000,0.00000,0.00000,0.00000,0.00,0,0.60,"deal_close"
2026-05-04T11:58:59Z,XAUUSD,OPEN,56499430921,56187490799,BUY,0.01,4562.21000,4561.01000,4562.81000,4559.82300,4558.96766,59.30,17,0.00,"opened"
2026-05-04T11:59:03Z,XAUUSD,CLOSE,56499430921,56187491642,SELL,0.01,4561.01000,0.00000,0.00000,0.00000,0.00000,0.00,0,-1.20,"deal_close"
2026-05-04T12:02:59Z,XAUUSD,OPEN,56499504073,56187560847,BUY,0.01,4562.88000,4561.68000,4563.48000,4560.47192,4559.54988,59.69,17,0.00,"opened"
2026-05-04T12:03:03Z,XAUUSD,CLOSE,56499504073,56187562144,SELL,0.01,4563.16000,0.00000,0.00000,0.00000,0.00000,0.00,0,0.28,"deal_close"
2026-05-04T12:04:59Z,XAUUSD,OPEN,56499539479,56187594926,BUY,0.01,4563.24000,4562.04000,4563.84000,4561.08523,4559.99659,58.94,34,0.00,"opened"
2026-05-04T12:05:53Z,XAUUSD,CLOSE,56499539479,56187607456,SELL,0.01,4562.04000,0.00000,0.00000,0.00000,0.00000,0.00,0,-1.26,"deal_close"
2026-05-04T12:07:59Z,XAUUSD,OPEN,56499586305,56187640316,BUY,0.01,4561.81000,4560.61000,4562.41000,4561.29324,4560.37884,54.41,17,0.00,"opened"
2026-05-04T12:08:01Z,XAUUSD,CLOSE,56499586305,56187640460,SELL,0.01,4562.41000,0.00000,0.00000,0.00000,0.00000,0.00,0,0.60,"deal_close"
2026-05-04T12:10:59Z,XAUUSD,OPEN,56499632125,56187684327,BUY,0.01,4563.11000,4561.91000,4563.71000,4561.45654,4560.66572,57.76,17,0.00,"opened"
2026-05-04T12:11:08Z,XAUUSD,CLOSE,56499632125,56187687122,SELL,0.01,4563.79000,0.00000,0.00000,0.00000,0.00000,0.00,0,0.60,"deal_close"
2026-05-04T12:11:59Z,XAUUSD,OPEN,56499653127,56187704966,BUY,0.01,4563.36000,4562.16000,4563.96000,4561.80323,4560.89520,58.41,17,0.00,"opened"
2026-05-04T12:12:07Z,XAUUSD,CLOSE,56499653127,56187707305,SELL,0.01,4562.16000,0.00000,0.00000,0.00000,0.00000,0.00,0,-1.20,"deal_close"
2026-05-04T12:12:59Z,XAUUSD,OPEN,56499668888,56187720169,BUY,0.01,4564.46000,4563.26000,4565.06000,4562.30058,4561.20382,61.25,17,0.00,"opened"
2026-05-04T12:13:00Z,XAUUSD,CLOSE,56499668888,56187720471,SELL,0.01,4564.69000,0.00000,0.00000,0.00000,0.00000,0.00,0,0.60,"deal_close"
2026-05-04T12:13:59Z,XAUUSD,OPEN,56499689371,56187740088,BUY,0.01,4564.92000,4563.72000,4565.52000,4562.79047,4561.52620,62.41,17,0.00,"opened"
2026-05-04T12:14:05Z,XAUUSD,CLOSE,56499689371,56187741645,SELL,0.01,4565.50000,0.00000,0.00000,0.00000,0.00000,0.00,0,0.60,"deal_close"
2026-05-04T12:15:59Z,XAUUSD,OPEN,56499720185,56187769781,BUY,0.01,4565.39000,4564.19000,4565.99000,4563.39230,4562.02909,61.75,17,0.00,"opened"
2026-05-04T12:16:01Z,XAUUSD,CLOSE,56499720185,56187770369,SELL,0.01,4565.46000,0.00000,0.00000,0.00000,0.00000,0.00,0,0.02,"deal_close"
2026-05-04T12:16:59Z,XAUUSD,OPEN,56499756825,56187805688,BUY,0.01,4570.58000,4569.38000,4571.18000,4564.79584,4562.79099,72.25,17,0.00,"opened"
2026-05-04T12:17:02Z,XAUUSD,CLOSE,56499756825,56187807186,SELL,0.01,4571.18000,0.00000,0.00000,0.00000,0.00000,0.00,0,0.60,"deal_close"
2026-05-04T12:18:59Z,XAUUSD,OPEN,56499824742,56187871917,BUY,0.01,4573.39000,4572.19000,4573.99000,4567.13254,4564.24148,73.02,17,0.00,"opened"
2026-05-04T12:19:02Z,XAUUSD,CLOSE,56499824742,56187873060,SELL,0.01,4572.19000,0.00000,0.00000,0.00000,0.00000,0.00,0,-1.21,"deal_close"
2026-05-04T12:19:59Z,XAUUSD,OPEN,56499850495,56187896835,BUY,0.01,4573.54000,4572.34000,4574.14000,4568.38003,4565.07135,73.21,17,0.00,"opened"
2026-05-04T12:20:04Z,XAUUSD,CLOSE,56499850495,56187898917,SELL,0.01,4573.93000,0.00000,0.00000,0.00000,0.00000,0.00,0,0.60,"deal_close"
2026-05-04T12:20:59Z,XAUUSD,OPEN,56499887159,56187933031,BUY,0.01,4577.97000,4576.77000,4578.57000,4570.27002,4566.23122,78.14,17,0.00,"opened"
2026-05-04T12:21:02Z,XAUUSD,CLOSE,56499887159,56187934127,SELL,0.01,4578.57000,0.00000,0.00000,0.00000,0.00000,0.00,0,0.60,"deal_close"
2026-05-04T12:21:59Z,XAUUSD,OPEN,56499916357,56187961473,BUY,0.01,4578.09000,4576.89000,4578.69000,4571.81202,4567.29929,78.28,6,0.00,"opened"
2026-05-04T12:22:14Z,XAUUSD,CLOSE,56499916357,56187966576,SELL,0.01,4576.89000,0.00000,0.00000,0.00000,0.00000,0.00,0,-1.20,"deal_close"
2026-05-04T12:24:59Z,XAUUSD,OPEN,56499990058,56188033102,BUY,0.01,4572.53000,4571.33000,4573.13000,4572.33031,4568.70643,61.31,17,0.00,"opened"
2026-05-04T12:25:01Z,XAUUSD,CLOSE,56499990058,56188033676,SELL,0.01,4572.41000,0.00000,0.00000,0.00000,0.00000,0.00,0,0.02,"deal_close"
2026-05-04T12:28:59Z,XAUUSD,OPEN,56500093390,56188133379,BUY,0.01,4570.18000,4568.98000,4570.78000,4569.97166,4568.58981,54.56,17,0.00,"opened"
2026-05-04T12:29:01Z,XAUUSD,CLOSE,56500093390,56188133879,SELL,0.01,4570.20000,0.00000,0.00000,0.00000,0.00000,0.00,0,0.02,"deal_close"
2026-05-04T12:30:59Z,XAUUSD,OPEN,56500128065,56188166615,BUY,0.01,4569.84000,4568.64000,4570.44000,4569.68067,4568.68306,53.68,17,0.00,"opened"
2026-05-04T12:31:20Z,XAUUSD,CLOSE,56500128065,56188172319,SELL,0.01,4570.35000,0.00000,0.00000,0.00000,0.00000,0.00,0,0.60,"deal_close"
2026-05-04T12:35:59Z,XAUUSD,OPEN,56500218100,56188253388,SELL,0.01,4562.99000,4564.19000,4562.39000,4566.63412,4567.41513,40.83,17,0.00,"opened"
2026-05-04T12:36:00Z,XAUUSD,CLOSE,56500218100,56188253960,BUY,0.01,4562.39000,0.00000,0.00000,0.00000,0.00000,0.00,0,0.59,"deal_close"
2026-05-04T12:36:59Z,XAUUSD,OPEN,56500239198,56188273682,SELL,0.01,4562.65000,4563.85000,4562.05000,4565.83530,4566.98102,40.20,17,0.00,"opened"
2026-05-04T12:37:07Z,XAUUSD,CLOSE,56500239198,56188275611,BUY,0.01,4563.85000,0.00000,0.00000,0.00000,0.00000,0.00,0,-1.19,"deal_close"
2026-05-04T12:41:59Z,XAUUSD,OPEN,56500338944,56188369780,BUY,0.01,4570.77000,4569.57000,4571.37000,4567.92982,4567.62150,57.90,15,0.00,"opened"
2026-05-04T12:42:03Z,XAUUSD,CLOSE,56500338944,56188370662,SELL,0.01,4570.94000,0.00000,0.00000,0.00000,0.00000,0.00,0,0.23,"deal_close"
2026-05-04T12:43:59Z,XAUUSD,OPEN,56500373753,56188403405,BUY,0.01,4570.14000,4568.94000,4570.74000,4568.42909,4567.90760,55.58,17,0.00,"opened"
2026-05-04T12:44:18Z,XAUUSD,CLOSE,56500373753,56188407624,SELL,0.01,4570.16000,0.00000,0.00000,0.00000,0.00000,0.00,0,0.02,"deal_close"
2026-05-04T12:44:59Z,XAUUSD,OPEN,56500386538,56188415685,BUY,0.01,4570.27000,4569.07000,4570.87000,4568.76127,4568.10600,55.83,17,0.00,"opened"
2026-05-04T12:45:36Z,XAUUSD,CLOSE,56500386538,56188423299,SELL,0.01,4569.07000,0.00000,0.00000,0.00000,0.00000,0.00,0,-1.27,"deal_close"
2026-05-04T12:47:59Z,XAUUSD,OPEN,56500434940,56188462465,BUY,0.01,4568.97000,4567.77000,4569.57000,4568.46177,4568.11142,52.36,17,0.00,"opened"
2026-05-04T12:48:07Z,XAUUSD,CLOSE,56500434940,56188464559,SELL,0.01,4569.57000,0.00000,0.00000,0.00000,0.00000,0.00,0,0.60,"deal_close"
2026-05-04T12:48:59Z,XAUUSD,OPEN,56500459889,56188486992,BUY,0.01,4572.55000,4571.35000,4573.15000,4569.26742,4568.50947,59.81,6,0.00,"opened"
2026-05-04T12:49:31Z,XAUUSD,CLOSE,56500459889,56188496654,SELL,0.01,4571.35000,0.00000,0.00000,0.00000,0.00000,0.00,0,-1.33,"deal_close"
2026-05-04T12:50:59Z,XAUUSD,OPEN,56500499994,56188526105,BUY,0.01,4573.37000,4572.17000,4573.97000,4570.27595,4569.11295,59.84,17,0.00,"opened"
2026-05-04T12:51:08Z,XAUUSD,CLOSE,56500499994,56188528833,SELL,0.01,4573.44000,0.00000,0.00000,0.00000,0.00000,0.00,0,0.02,"deal_close"
2026-05-04T12:52:59Z,XAUUSD,OPEN,56500538603,56188563909,BUY,0.01,4574.97000,4573.77000,4575.57000,4571.54301,4569.91318,62.04,8,0.00,"opened"
2026-05-04T12:53:02Z,XAUUSD,CLOSE,56500538603,56188565187,SELL,0.01,4575.57000,0.00000,0.00000,0.00000,0.00000,0.00,0,-0.17,"deal_close"
2026-05-04T12:57:59Z,XAUUSD,OPEN,56500627237,56188649896,BUY,0.01,4573.64000,4572.44000,4574.24000,4571.74232,4570.63835,57.35,17,0.00,"opened"
2026-05-04T12:58:06Z,XAUUSD,CLOSE,56500627237,56188652252,SELL,0.01,4572.44000,0.00000,0.00000,0.00000,0.00000,0.00,0,-1.20,"deal_close"
2026-05-04T13:00:59Z,XAUUSD,OPEN,56500711595,56188731321,SELL,0.01,4563.79000,4564.99000,4563.19000,4569.57839,4569.89381,38.85,17,0.00,"opened"
2026-05-04T13:01:05Z,XAUUSD,CLOSE,56500711595,56188734477,BUY,0.01,4563.18000,0.00000,0.00000,0.00000,0.00000,0.00,0,0.60,"deal_close"
2026-05-04T13:05:59Z,XAUUSD,OPEN,56500843628,56188857043,SELL,0.01,4565.37000,4566.57000,4564.77000,4566.21770,4567.84486,44.42,17,0.00,"opened"
2026-05-04T13:06:01Z,XAUUSD,CLOSE,56500843628,56188857629,BUY,0.01,4566.57000,0.00000,0.00000,0.00000,0.00000,0.00,0,-1.19,"deal_close"
2026-05-04T13:16:59Z,XAUUSD,OPEN,56501099341,56189103110,SELL,0.01,4564.28000,4565.48000,4563.68000,4567.38529,4568.20443,40.75,17,0.00,"opened"
2026-05-04T13:17:23Z,XAUUSD,CLOSE,56501099341,56189109465,BUY,0.01,4565.48000,0.00000,0.00000,0.00000,0.00000,0.00,0,-1.20,"deal_close"
2026-05-04T13:19:59Z,XAUUSD,OPEN,56501151914,56189154054,SELL,0.01,4564.75000,4565.95000,4564.15000,4566.56487,4567.60029,42.59,17,0.00,"opened"
2026-05-04T13:20:08Z,XAUUSD,CLOSE,56501151914,56189156280,BUY,0.01,4564.79000,0.00000,0.00000,0.00000,0.00000,0.00,0,0.02,"deal_close"
2026-05-04T13:21:59Z,XAUUSD,OPEN,56501188032,56189189312,SELL,0.01,4562.72000,4563.92000,4562.12000,4565.57111,4566.95495,38.87,17,0.00,"opened"
2026-05-04T13:22:27Z,XAUUSD,CLOSE,56501188032,56189198407,BUY,0.01,4562.57000,0.00000,0.00000,0.00000,0.00000,0.00,0,0.17,"deal_close"
2026-05-04T13:23:59Z,XAUUSD,OPEN,56501225531,56189225855,SELL,0.01,4562.05000,4563.25000,4561.45000,4564.47911,4566.19450,37.97,17,0.00,"opened"
2026-05-04T13:25:09Z,XAUUSD,CLOSE,56501225531,56189241082,BUY,0.01,4563.25000,0.00000,0.00000,0.00000,0.00000,0.00,0,-1.30,"deal_close"
2026-05-04T13:26:59Z,XAUUSD,OPEN,56501271356,56189269959,SELL,0.01,4563.05000,4564.25000,4562.45000,4563.87195,4565.45534,41.81,17,0.00,"opened"
2026-05-04T13:27:10Z,XAUUSD,CLOSE,56501271356,56189272481,BUY,0.01,4564.25000,0.00000,0.00000,0.00000,0.00000,0.00,0,-1.22,"deal_close"
2026-05-04T13:28:59Z,XAUUSD,OPEN,56501298317,56189295420,SELL,0.01,4563.87000,4565.07000,4563.27000,4564.04565,4565.27028,44.79,17,0.00,"opened"
2026-05-04T13:29:04Z,XAUUSD,CLOSE,56501298317,56189296147,BUY,0.01,4563.85000,0.00000,0.00000,0.00000,0.00000,0.00,0,0.02,"deal_close"
2026-05-04T13:29:59Z,XAUUSD,OPEN,56501316462,56189312893,SELL,0.01,4561.07000,4562.07000,4560.47000,4563.45052,4564.88844,38.75,17,0.00,"opened"
2026-05-04T13:30:00Z,XAUUSD,CLOSE,56501316462,56189313546,BUY,0.01,4561.01000,0.00000,0.00000,0.00000,0.00000,0.00,0,0.20,"deal_close"
2026-05-04T13:30:59Z,XAUUSD,OPEN,56501348595,56189343921,SELL,0.01,4560.71000,4561.71000,4560.11000,4562.92641,4564.51949,38.27,17,0.00,"opened"
2026-05-04T13:31:01Z,XAUUSD,CLOSE,56501348595,56189344788,BUY,0.01,4561.18000,0.00000,0.00000,0.00000,0.00000,0.00,0,0.02,"deal_close"
2026-05-04T13:31:59Z,XAUUSD,OPEN,56501383529,56189377962,SELL,0.01,4557.54000,4558.54000,4556.94000,4561.84913,4563.88499,32.39,14,0.00,"opened"
2026-05-04T13:32:08Z,XAUUSD,CLOSE,56501383529,56189382275,BUY,0.01,4557.18000,0.00000,0.00000,0.00000,0.00000,0.00,0,0.30,"deal_close"
2026-05-04T17:32:00Z,XAUUSD,OPEN_FAIL,0,0,BUY,0.03,4526.84000,4525.84000,4527.44000,4525.25785,4524.60204,57.20,17,0.00,"OrderCheck failed (4752)"
2026-05-04T17:45:00Z,XAUUSD,OPEN_FAIL,0,0,BUY,0.03,4526.30000,4525.30000,4526.90000,4524.89686,4524.63975,56.49,17,0.00,"OrderCheck failed (4752)"
2026-05-04T17:47:00Z,XAUUSD,OPEN_FAIL,0,0,BUY,0.03,4526.11000,4525.11000,4526.71000,4525.20239,4524.82913,55.51,17,0.00,"OrderCheck failed (4752)"
2026-05-04T17:57:00Z,XAUUSD,OPEN_FAIL,0,0,SELL,0.03,4522.53000,4523.53000,4521.93000,4523.73038,4524.16519,43.79,17,0.00,"OrderCheck failed (4752)"
2026-05-04T17:59:00Z,XAUUSD,OPEN_FAIL,0,0,SELL,0.03,4522.09000,4523.09000,4521.49000,4523.27264,4523.87363,42.54,17,0.00,"OrderCheck failed (4752)"
2026-05-04T17:59:00Z,XAUUSD,OPEN_FAIL,0,0,SELL,0.03,4522.13000,4523.13000,4521.53000,4523.27264,4523.87363,42.54,17,0.00,"OrderCheck failed (4752)"
2026-05-04T18:00:59Z,XAUUSD,OPEN,0,0,SELL,0.03,4522.22000,4523.22000,4521.62000,4522.92409,4523.60234,43.29,17,0.00,"opened"
2026-05-04T18:01:00Z,XAUUSD,OPEN,0,0,SELL,0.03,4522.25000,4523.25000,4521.65000,4522.92409,4523.60234,43.29,4,0.00,"opened"
2026-05-04T18:01:45Z,XAUUSD,CLOSE,8480287540,8070537728,BUY,0.03,4522.38000,0.00000,0.00000,0.00000,0.00000,0.00,0,-0.75,"deal_close"
2026-05-04T18:01:45Z,XAUUSD,CLOSE,8480287512,8070537746,BUY,0.03,4522.38000,0.00000,0.00000,0.00000,0.00000,0.00,0,-0.39,"deal_close"
2026-05-04T18:10:21Z,XAUUSD,OPEN,0,0,SELL,0.03,4519.46000,4520.46000,4518.86000,4521.43924,4522.50439,35.61,17,0.00,"opened"
2026-05-04T18:10:21Z,XAUUSD,OPEN,0,0,SELL,0.03,4519.48000,4520.48000,4518.88000,4521.43924,4522.50439,35.61,17,0.00,"opened"
2026-05-04T18:10:39Z,XAUUSD,CLOSE,8480401706,8070658762,BUY,0.03,4520.46000,0.00000,0.00000,0.00000,0.00000,0.00,0,-2.94,"deal_close"
2026-05-04T18:10:39Z,XAUUSD,CLOSE,8480401735,8070659082,BUY,0.03,4520.51000,0.00000,0.00000,0.00000,0.00000,0.00,0,-3.09,"deal_close"
2026-05-04T18:12:00Z,XAUUSD,OPEN,0,0,SELL,0.03,4519.80000,4520.80000,4519.20000,4520.86791,4522.04537,37.93,11,0.00,"opened"
2026-05-04T18:12:00Z,XAUUSD,OPEN,0,0,SELL,0.03,4519.84000,4520.84000,4519.24000,4520.86791,4522.04537,37.93,17,0.00,"opened"
2026-05-04T18:12:02Z,XAUUSD,CLOSE,8480416729,8070673444,BUY,0.03,4520.80000,0.00000,0.00000,0.00000,0.00000,0.00,0,-2.88,"deal_close"
2026-05-04T18:12:22Z,XAUUSD,CLOSE,8480416782,8070677190,BUY,0.03,4519.86000,0.00000,0.00000,0.00000,0.00000,0.00,0,0.06,"deal_close"
2026-05-04T18:14:59Z,XAUUSD,OPEN,0,0,SELL,0.03,4519.99000,4520.99000,4519.39000,4520.73813,4521.69544,40.81,17,0.00,"opened"
2026-05-04T18:15:00Z,XAUUSD,OPEN,0,0,SELL,0.03,4519.99000,4520.99000,4519.39000,4520.73813,4521.69544,40.81,17,0.00,"opened"
2026-05-04T18:15:13Z,XAUUSD,CLOSE,8480446251,8070710045,BUY,0.03,4519.43000,0.00000,0.00000,0.00000,0.00000,0.00,0,1.89,"deal_close"
2026-05-04T18:15:13Z,XAUUSD,CLOSE,8480446161,8070710072,BUY,0.03,4519.39000,0.00000,0.00000,0.00000,0.00000,0.00,0,1.80,"deal_close"
2026-05-04T18:15:59Z,XAUUSD,OPEN,0,0,SELL,0.03,4518.98000,4519.98000,4518.38000,4520.37651,4521.44403,37.37,17,0.00,"opened"
2026-05-04T18:16:00Z,XAUUSD,OPEN,0,0,SELL,0.03,4518.86000,4519.86000,4518.26000,4520.37651,4521.44403,37.37,17,0.00,"opened"
2026-05-04T18:16:03Z,XAUUSD,CLOSE,8480461142,8070724995,BUY,0.03,4519.92000,0.00000,0.00000,0.00000,0.00000,0.00,0,-3.27,"deal_close"
2026-05-04T18:16:06Z,XAUUSD,CLOSE,8480461085,8070725578,BUY,0.03,4519.96000,0.00000,0.00000,0.00000,0.00000,0.00,0,-3.30,"deal_close"
2026-05-04T18:19:00Z,XAUUSD,OPEN,0,0,SELL,0.03,4518.42000,4519.42000,4517.82000,4519.71613,4520.85178,36.83,15,0.00,"opened"
2026-05-04T18:19:00Z,XAUUSD,OPEN,0,0,SELL,0.03,4518.30000,4519.30000,4517.70000,4519.71613,4520.85178,36.83,19,0.00,"opened"
2026-05-04T18:19:05Z,XAUUSD,CLOSE,8480495886,8070766261,BUY,0.03,4517.72000,0.00000,0.00000,0.00000,0.00000,0.00,0,1.80,"deal_close"
2026-05-04T18:19:06Z,XAUUSD,CLOSE,8480496364,8070766962,BUY,0.03,4517.74000,0.00000,0.00000,0.00000,0.00000,0.00,0,1.02,"deal_close"
2026-05-04T18:19:59Z,XAUUSD,OPEN,0,0,SELL,0.03,4517.97000,4518.97000,4517.37000,4519.35690,4520.58525,35.34,17,0.00,"opened"
2026-05-04T18:20:00Z,XAUUSD,OPEN,0,0,SELL,0.03,4518.00000,4519.00000,4517.40000,4519.35690,4520.58525,35.34,17,0.00,"opened"
2026-05-04T18:20:09Z,XAUUSD,CLOSE,8480514514,8070786932,BUY,0.03,4517.23000,0.00000,0.00000,0.00000,0.00000,0.00,0,2.31,"deal_close"
2026-05-04T18:20:09Z,XAUUSD,CLOSE,8480514591,8070786935,BUY,0.03,4517.23000,0.00000,0.00000,0.00000,0.00000,0.00,0,2.04,"deal_close"
2026-05-04T18:21:00Z,XAUUSD,OPEN,0,0,SELL,0.03,4517.22000,4518.22000,4516.62000,4518.92952,4520.27932,33.14,17,0.00,"opened"
2026-05-04T18:21:00Z,XAUUSD,OPEN,0,0,SELL,0.03,4517.37000,4518.37000,4516.77000,4518.92952,4520.27932,33.14,17,0.00,"opened"
2026-05-04T18:21:17Z,XAUUSD,CLOSE,8480528555,8070804582,BUY,0.03,4517.38000,0.00000,0.00000,0.00000,0.00000,0.00,0,-0.03,"deal_close"
2026-05-04T18:21:17Z,XAUUSD,CLOSE,8480528662,8070804589,BUY,0.03,4517.38000,0.00000,0.00000,0.00000,0.00000,0.00,0,0.06,"deal_close"
2026-05-04T18:21:59Z,XAUUSD,OPEN,0,0,SELL,0.03,4517.13000,4518.13000,4516.53000,4518.57162,4519.99393,32.89,17,0.00,"opened"
2026-05-04T18:22:00Z,XAUUSD,OPEN,0,0,SELL,0.03,4517.14000,4518.14000,4516.54000,4518.57162,4519.99393,32.89,17,0.00,"opened"
2026-05-04T18:22:03Z,XAUUSD,CLOSE,8480540644,8070814750,BUY,0.03,4516.61000,0.00000,0.00000,0.00000,0.00000,0.00,0,1.80,"deal_close"
2026-05-04T18:22:04Z,XAUUSD,CLOSE,8480540580,8070815159,BUY,0.03,4516.87000,0.00000,0.00000,0.00000,0.00000,0.00,0,0.81,"deal_close"
2026-05-04T18:22:59Z,XAUUSD,OPEN,0,0,SELL,0.03,4516.49000,4517.49000,4515.89000,4518.15530,4519.67539,30.84,17,0.00,"opened"
2026-05-04T18:23:00Z,XAUUSD,OPEN,0,0,SELL,0.03,4516.49000,4517.49000,4515.89000,4518.15530,4519.67539,30.84,17,0.00,"opened"
2026-05-04T18:23:04Z,XAUUSD,CLOSE,8480552911,8070829370,BUY,0.03,4516.49000,0.00000,0.00000,0.00000,0.00000,0.00,0,0.00,"deal_close"
2026-05-04T18:23:04Z,XAUUSD,CLOSE,8480552951,8070829371,BUY,0.03,4516.49000,0.00000,0.00000,0.00000,0.00000,0.00,0,0.03,"deal_close"
2026-05-04T18:24:00Z,XAUUSD,OPEN,0,0,SELL,0.03,4515.78000,4516.78000,4515.18000,4517.68024,4519.32126,28.74,17,0.00,"opened"
2026-05-04T18:24:00Z,XAUUSD,OPEN,0,0,SELL,0.03,4515.95000,4516.95000,4515.35000,4517.68024,4519.32126,28.74,17,0.00,"opened"
2026-05-04T18:24:10Z,XAUUSD,CLOSE,8480568861,8070847668,BUY,0.03,4515.77000,0.00000,0.00000,0.00000,0.00000,0.00,0,0.54,"deal_close"
2026-05-04T18:24:10Z,XAUUSD,CLOSE,8480568927,8070847671,BUY,0.03,4515.77000,0.00000,0.00000,0.00000,0.00000,0.00,0,0.54,"deal_close"
2026-05-04T18:24:59Z,XAUUSD,OPEN,0,0,SELL,0.03,4514.40000,4515.40000,4513.80000,4517.02419,4518.87387,25.14,11,0.00,"opened"
2026-05-04T18:25:00Z,XAUUSD,OPEN,0,0,SELL,0.03,4514.34000,4515.34000,4513.74000,4517.02419,4518.87387,25.14,4,0.00,"opened"
2026-05-04T18:25:12Z,XAUUSD,CLOSE,8480581670,8070865048,BUY,0.03,4514.08000,0.00000,0.00000,0.00000,0.00000,0.00,0,0.78,"deal_close"
2026-05-04T18:25:12Z,XAUUSD,CLOSE,8480581813,8070865049,BUY,0.03,4514.08000,0.00000,0.00000,0.00000,0.00000,0.00,0,0.54,"deal_close"
2026-05-04T18:27:00Z,XAUUSD,OPEN,0,0,SELL,0.03,4513.65000,4514.65000,4513.05000,4515.99228,4518.06056,24.76,17,0.00,"opened"
2026-05-04T18:27:00Z,XAUUSD,OPEN,0,0,SELL,0.03,4513.59000,4514.59000,4512.99000,4515.99228,4518.06056,24.76,17,0.00,"opened"
2026-05-04T18:27:01Z,XAUUSD,CLOSE,8480609264,8070891231,BUY,0.03,4513.53000,0.00000,0.00000,0.00000,0.00000,0.00,0,0.06,"deal_close"
2026-05-04T18:27:04Z,XAUUSD,CLOSE,8480609206,8070892281,BUY,0.03,4513.40000,0.00000,0.00000,0.00000,0.00000,0.00,0,0.57,"deal_close"
2026-05-04T18:29:59Z,XAUUSD,OPEN,0,0,SELL,0.03,4511.93000,4512.93000,4511.33000,4514.07389,4516.55912,29.73,17,0.00,"opened"
2026-05-04T18:30:00Z,XAUUSD,OPEN,0,0,SELL,0.03,4512.54000,4513.54000,4511.94000,4514.07389,4516.55912,29.73,17,0.00,"opened"
2026-05-04T18:30:01Z,XAUUSD,CLOSE,8480665052,8070954599,BUY,0.03,4513.10000,0.00000,0.00000,0.00000,0.00000,0.00,0,-1.50,"deal_close"
2026-05-04T18:30:18Z,XAUUSD,CLOSE,8480665153,8070961504,BUY,0.03,4512.39000,0.00000,0.00000,0.00000,0.00000,0.00,0,0.42,"deal_close"
2026-05-04T18:31:00Z,XAUUSD,OPEN,0,0,SELL,0.03,4511.74000,4512.74000,4511.14000,4513.60911,4516.12193,29.34,17,0.00,"opened"
2026-05-04T18:31:10Z,XAUUSD,CLOSE,8480679503,8070974480,BUY,0.03,4511.11000,0.00000,0.00000,0.00000,0.00000,0.00,0,1.89,"deal_close"
2026-05-04T18:31:10Z,XAUUSD,CLOSE,8480679614,8070974482,BUY,0.03,4511.11000,0.00000,0.00000,0.00000,0.00000,0.00,0,1.89,"deal_close"
2026-05-04T18:33:59Z,XAUUSD,OPEN,0,0,SELL,0.03,4512.78000,4513.78000,4512.18000,4513.18050,4515.27168,35.80,17,0.00,"opened"
2026-05-04T18:34:00Z,XAUUSD,OPEN,0,0,SELL,0.03,4512.85000,4513.85000,4512.25000,4513.18050,4515.27168,35.80,17,0.00,"opened"
2026-05-04T18:34:12Z,XAUUSD,CLOSE,8480715609,8071014765,BUY,0.03,4513.78000,0.00000,0.00000,0.00000,0.00000,0.00,0,-2.79,"deal_close"
2026-05-04T18:34:12Z,XAUUSD,CLOSE,8480715656,8071014788,BUY,0.03,4513.86000,0.00000,0.00000,0.00000,0.00000,0.00,0,-3.03,"deal_close"
2026-05-04T18:37:00Z,XAUUSD,OPEN,0,0,SELL,0.03,4512.77000,4513.77000,4512.17000,4513.31394,4514.83790,38.54,17,0.00,"opened"
2026-05-04T18:37:00Z,XAUUSD,OPEN,0,0,SELL,0.03,4512.76000,4513.76000,4512.16000,4513.31394,4514.83790,38.54,17,0.00,"opened"
2026-05-04T18:37:13Z,XAUUSD,CLOSE,8480748434,8071051156,BUY,0.03,4512.11000,0.00000,0.00000,0.00000,0.00000,0.00,0,1.95,"deal_close"
2026-05-04T18:37:13Z,XAUUSD,CLOSE,8480748459,8071051158,BUY,0.03,4512.11000,0.00000,0.00000,0.00000,0.00000,0.00,0,1.95,"deal_close"
2026-05-04T18:38:00Z,XAUUSD,OPEN,0,0,SELL,0.03,4512.15000,4513.15000,4511.55000,4513.08115,4514.59355,36.72,17,0.00,"opened"
2026-05-04T18:38:43Z,XAUUSD,CLOSE,8480758742,8071067806,BUY,0.03,4512.10000,0.00000,0.00000,0.00000,0.00000,0.00,0,0.69,"deal_close"
2026-05-04T18:38:44Z,XAUUSD,CLOSE,8480758700,8071068004,BUY,0.03,4512.13000,0.00000,0.00000,0.00000,0.00000,0.00,0,0.06,"deal_close"
2026-05-04T18:38:59Z,XAUUSD,OPEN,0,0,SELL,0.03,4511.64000,4512.64000,4511.04000,4512.79292,4514.32504,35.24,17,0.00,"opened"
2026-05-04T18:39:00Z,XAUUSD,OPEN,0,0,SELL,0.03,4511.64000,4512.64000,4511.04000,4512.79292,4514.32504,35.24,17,0.00,"opened"
2026-05-04T18:39:03Z,XAUUSD,CLOSE,8480767852,8071072107,BUY,0.03,4512.86000,0.00000,0.00000,0.00000,0.00000,0.00,0,-3.66,"deal_close"
2026-05-04T18:39:03Z,XAUUSD,CLOSE,8480767894,8071072108,BUY,0.03,4512.86000,0.00000,0.00000,0.00000,0.00000,0.00,0,-3.66,"deal_close"
2026-05-04T18:43:59Z,XAUUSD,OPEN,0,0,SELL,0.03,4510.84000,4511.84000,4510.24000,4513.01884,4513.95957,37.26,17,0.00,"opened"
2026-05-04T18:44:00Z,XAUUSD,OPEN,0,0,SELL,0.03,4510.84000,4511.84000,4510.24000,4513.01884,4513.95957,37.26,17,0.00,"opened"
2026-05-04T18:44:45Z,XAUUSD,CLOSE,8480825076,8071144682,BUY,0.03,4511.78000,0.00000,0.00000,0.00000,0.00000,0.00,0,-2.97,"deal_close"
2026-05-04T18:44:45Z,XAUUSD,CLOSE,8480825016,8071144713,BUY,0.03,4511.77000,0.00000,0.00000,0.00000,0.00000,0.00,0,-2.79,"deal_close"
2026-05-04T18:45:59Z,XAUUSD,OPEN,0,0,SELL,0.03,4511.56000,4512.56000,4510.96000,4512.54126,4513.56782,40.48,17,0.00,"opened"
2026-05-04T18:46:00Z,XAUUSD,OPEN,0,0,SELL,0.03,4511.28000,4512.28000,4510.68000,4512.54126,4513.56782,40.48,17,0.00,"opened"
2026-05-04T18:46:13Z,XAUUSD,CLOSE,8480846789,8071161929,BUY,0.03,4511.25000,0.00000,0.00000,0.00000,0.00000,0.00,0,0.09,"deal_close"
2026-05-04T18:46:13Z,XAUUSD,CLOSE,8480846825,8071161987,BUY,0.03,4511.25000,0.00000,0.00000,0.00000,0.00000,0.00,0,0.12,"deal_close"
2026-05-04T18:51:59Z,XAUUSD,OPEN,0,0,BUY,0.03,4515.67000,4514.67000,4516.27000,4514.00123,4513.89874,55.32,17,0.00,"opened"
2026-05-04T18:52:21Z,XAUUSD,CLOSE,8480913004,8071239484,SELL,0.03,4513.31000,0.00000,0.00000,0.00000,0.00000,0.00,0,-7.11,"deal_close"
2026-05-04T19:00:00Z,XAUUSD,OPEN,0,0,BUY,0.03,4516.50000,4515.50000,4517.10000,4514.47177,4514.12221,59.63,17,0.00,"opened"
2026-05-04T19:00:00Z,XAUUSD,OPEN,0,0,BUY,0.03,4516.57000,4515.57000,4517.17000,4514.47177,4514.12221,59.63,17,0.00,"opened"
2026-05-04T19:00:40Z,XAUUSD,CLOSE,8481001086,8071349307,SELL,0.03,4515.39000,0.00000,0.00000,0.00000,0.00000,0.00,0,-3.42,"deal_close"
2026-05-04T19:00:40Z,XAUUSD,CLOSE,8481001268,8071349309,SELL,0.03,4515.39000,0.00000,0.00000,0.00000,0.00000,0.00,0,-3.75,"deal_close"
2026-05-04T19:01:59Z,XAUUSD,OPEN,0,0,BUY,0.03,4515.66000,4514.66000,4516.26000,4514.83034,4514.35546,55.30,17,0.00,"opened"
2026-05-04T19:02:00Z,XAUUSD,OPEN,0,0,BUY,0.03,4515.54000,4514.54000,4516.14000,4514.83034,4514.35546,55.30,17,0.00,"opened"
2026-05-04T19:02:06Z,XAUUSD,CLOSE,8481029538,8071367750,SELL,0.03,4514.64000,0.00000,0.00000,0.00000,0.00000,0.00,0,-2.70,"deal_close"
2026-05-04T19:02:45Z,XAUUSD,CLOSE,8481029594,8071374843,SELL,0.03,4515.12000,0.00000,0.00000,0.00000,0.00000,0.00,0,-1.23,"deal_close"
2026-05-04T19:05:59Z,XAUUSD,OPEN,0,0,BUY,0.03,4516.22000,4515.22000,4516.82000,4514.48422,4514.31105,54.82,4,0.00,"opened"
2026-05-04T19:06:03Z,XAUUSD,CLOSE,8481072340,8071415529,SELL,0.03,4516.58000,0.00000,0.00000,0.00000,0.00000,0.00,0,1.80,"deal_close"
2026-05-04T19:07:00Z,XAUUSD,OPEN,0,0,BUY,0.03,4517.13000,4516.13000,4517.73000,4514.91937,4514.52459,57.16,17,0.00,"opened"
2026-05-04T19:07:00Z,XAUUSD,OPEN,0,0,BUY,0.03,4517.11000,4516.11000,4517.71000,4514.91937,4514.52459,57.16,17,0.00,"opened"
2026-05-04T19:07:03Z,XAUUSD,CLOSE,8481094793,8071438301,SELL,0.03,4518.06000,0.00000,0.00000,0.00000,0.00000,0.00,0,2.85,"deal_close"
2026-05-04T19:07:03Z,XAUUSD,CLOSE,8481094835,8071438305,SELL,0.03,4518.06000,0.00000,0.00000,0.00000,0.00000,0.00,0,2.88,"deal_close"
2026-05-04T19:07:59Z,XAUUSD,OPEN,0,0,BUY,0.03,4518.05000,4517.05000,4518.65000,4515.51150,4514.82963,60.41,17,0.00,"opened"
2026-05-04T19:08:00Z,XAUUSD,OPEN,0,0,BUY,0.03,4517.99000,4516.99000,4518.59000,4515.51150,4514.82963,60.41,17,0.00,"opened"
2026-05-04T19:08:04Z,XAUUSD,CLOSE,8481111851,8071456828,SELL,0.03,4518.60000,0.00000,0.00000,0.00000,0.00000,0.00,0,1.83,"deal_close"
2026-05-04T19:08:04Z,XAUUSD,CLOSE,8481111906,8071456843,SELL,0.03,4518.84000,0.00000,0.00000,0.00000,0.00000,0.00,0,2.43,"deal_close"
2026-05-04T19:09:00Z,XAUUSD,OPEN,0,0,BUY,0.03,4520.68000,4519.68000,4521.28000,4516.51120,4515.34602,66.33,17,0.00,"opened"
2026-05-04T19:09:00Z,XAUUSD,OPEN,0,0,BUY,0.03,4520.78000,4519.78000,4521.38000,4516.51120,4515.34602,66.33,17,0.00,"opened"
2026-05-04T19:09:02Z,XAUUSD,CLOSE,8481133546,8071479373,SELL,0.03,4520.73000,0.00000,0.00000,0.00000,0.00000,0.00,0,-0.15,"deal_close"
2026-05-04T19:09:02Z,XAUUSD,CLOSE,8481133598,8071479376,SELL,0.03,4520.73000,0.00000,0.00000,0.00000,0.00000,0.00,0,-0.12,"deal_close"
2026-05-04T19:11:00Z,XAUUSD,OPEN,0,0,BUY,0.03,4518.22000,4517.22000,4518.82000,4517.03997,4515.80167,57.63,12,0.00,"opened"
2026-05-04T19:11:00Z,XAUUSD,OPEN,0,0,BUY,0.03,4518.17000,4517.17000,4518.77000,4517.03997,4515.80167,57.63,17,0.00,"opened"
2026-05-04T19:11:08Z,XAUUSD,CLOSE,8481163924,8071512144,SELL,0.03,4518.19000,0.00000,0.00000,0.00000,0.00000,0.00,0,0.06,"deal_close"
2026-05-04T19:11:08Z,XAUUSD,CLOSE,8481163998,8071512146,SELL,0.03,4518.19000,0.00000,0.00000,0.00000,0.00000,0.00,0,0.06,"deal_close"
2026-05-04T19:12:00Z,XAUUSD,OPEN,0,0,BUY,0.03,4518.78000,4517.78000,4519.38000,4517.35397,4516.05698,58.89,17,0.00,"opened"
2026-05-04T19:12:00Z,XAUUSD,OPEN,0,0,BUY,0.03,4518.77000,4517.77000,4519.37000,4517.35397,4516.05698,58.89,17,0.00,"opened"
2026-05-04T19:12:17Z,XAUUSD,CLOSE,8481176879,8071526964,SELL,0.03,4517.74000,0.00000,0.00000,0.00000,0.00000,0.00,0,-3.09,"deal_close"
2026-05-04T19:12:17Z,XAUUSD,CLOSE,8481176920,8071526971,SELL,0.03,4517.74000,0.00000,0.00000,0.00000,0.00000,0.00,0,-3.09,"deal_close"
2026-05-04T19:12:59Z,XAUUSD,OPEN,0,0,BUY,0.03,4519.40000,4518.40000,4520.00000,4517.73118,4516.34634,60.45,17,0.00,"opened"
2026-05-04T19:13:00Z,XAUUSD,OPEN,0,0,BUY,0.03,4519.40000,4518.40000,4520.00000,4517.73118,4516.34634,60.45,17,0.00,"opened"
2026-05-04T19:13:04Z,XAUUSD,CLOSE,8481188437,8071536027,SELL,0.03,4519.21000,0.00000,0.00000,0.00000,0.00000,0.00,0,-0.57,"deal_close"
2026-05-04T19:13:45Z,XAUUSD,CLOSE,8481188483,8071543707,SELL,0.03,4519.34000,0.00000,0.00000,0.00000,0.00000,0.00,0,-1.26,"deal_close"
2026-05-04T19:14:00Z,XAUUSD,OPEN,0,0,BUY,0.03,4519.74000,4518.74000,4520.34000,4518.09894,4516.63940,61.28,16,0.00,"opened"
2026-05-04T19:14:00Z,XAUUSD,OPEN,0,0,BUY,0.03,4519.77000,4518.77000,4520.37000,4518.09894,4516.63940,61.28,15,0.00,"opened"
2026-05-04T19:14:03Z,XAUUSD,CLOSE,8481199108,8071547123,SELL,0.03,4519.84000,0.00000,0.00000,0.00000,0.00000,0.00,0,0.00,"deal_close"
2026-05-04T19:14:03Z,XAUUSD,CLOSE,8481199080,8071547174,SELL,0.03,4519.78000,0.00000,0.00000,0.00000,0.00000,0.00,0,0.03,"deal_close"
2026-05-04T19:23:24Z,XAUUSD,OPEN,0,0,BUY,0.03,4522.29000,4521.29000,4522.89000,4520.14825,4518.72557,61.38,17,0.00,"opened"
2026-05-04T19:23:24Z,XAUUSD,OPEN,0,0,BUY,0.03,4522.41000,4521.41000,4523.01000,4520.14825,4518.72557,61.38,17,0.00,"opened"
2026-05-04T19:23:26Z,XAUUSD,CLOSE,8481305833,8071662290,SELL,0.03,4522.40000,0.00000,0.00000,0.00000,0.00000,0.00,0,-0.03,"deal_close"
2026-05-04T19:23:26Z,XAUUSD,CLOSE,8481305859,8071662294,SELL,0.03,4522.40000,0.00000,0.00000,0.00000,0.00000,0.00,0,-0.03,"deal_close"
2026-05-04T19:24:00Z,XAUUSD,OPEN,0,0,BUY,0.03,4523.06000,4522.06000,4523.66000,4520.69660,4519.10415,66.17,17,0.00,"opened"
2026-05-04T19:24:00Z,XAUUSD,OPEN,0,0,BUY,0.03,4523.14000,4522.14000,4523.74000,4520.69660,4519.10415,66.17,17,0.00,"opened"
2026-05-04T19:24:05Z,XAUUSD,CLOSE,8481314402,8071672729,SELL,0.03,4523.18000,0.00000,0.00000,0.00000,0.00000,0.00,0,0.12,"deal_close"
2026-05-04T19:24:05Z,XAUUSD,CLOSE,8481314466,8071672730,SELL,0.03,4523.18000,0.00000,0.00000,0.00000,0.00000,0.00,0,-0.06,"deal_close"
2026-05-04T19:26:59Z,XAUUSD,OPEN,0,0,BUY,0.03,4522.43000,4521.43000,4523.03000,4521.75682,4520.06380,59.96,17,0.00,"opened"
2026-05-04T19:27:00Z,XAUUSD,OPEN,0,0,BUY,0.03,4522.31000,4521.31000,4522.91000,4521.75682,4520.06380,59.96,17,0.00,"opened"
2026-05-04T19:27:16Z,XAUUSD,CLOSE,8481360923,8071725793,SELL,0.03,4522.91000,0.00000,0.00000,0.00000,0.00000,0.00,0,1.80,"deal_close"
2026-05-04T19:27:16Z,XAUUSD,CLOSE,8481360998,8071725796,SELL,0.03,4522.91000,0.00000,0.00000,0.00000,0.00000,0.00,0,1.80,"deal_close"
2026-05-04T19:27:59Z,XAUUSD,OPEN,0,0,BUY,0.03,4522.93000,4521.93000,4523.53000,4521.95745,4520.30891,61.31,17,0.00,"opened"
2026-05-04T19:28:00Z,XAUUSD,OPEN,0,0,BUY,0.03,4522.91000,4521.91000,4523.51000,4521.95745,4520.30891,61.31,17,0.00,"opened"
2026-05-04T19:28:04Z,XAUUSD,CLOSE,8481372543,8071736751,SELL,0.03,4523.60000,0.00000,0.00000,0.00000,0.00000,0.00,0,2.07,"deal_close"
2026-05-04T19:28:04Z,XAUUSD,CLOSE,8481372593,8071736752,SELL,0.03,4523.60000,0.00000,0.00000,0.00000,0.00000,0.00,0,1.92,"deal_close"
2026-05-04T19:28:59Z,XAUUSD,OPEN,0,0,BUY,0.03,4523.77000,4522.77000,4524.37000,4522.27796,4520.60446,63.45,17,0.00,"opened"
2026-05-04T19:29:00Z,XAUUSD,OPEN,0,0,BUY,0.03,4523.67000,4522.67000,4524.27000,4522.27796,4520.60446,63.45,17,0.00,"opened"
2026-05-04T19:29:22Z,XAUUSD,CLOSE,8481382479,8071750007,SELL,0.03,4522.64000,0.00000,0.00000,0.00000,0.00000,0.00,0,-3.00,"deal_close"
2026-05-04T19:29:22Z,XAUUSD,CLOSE,8481382526,8071750009,SELL,0.03,4522.64000,0.00000,0.00000,0.00000,0.00000,0.00,0,-3.06,"deal_close"
2026-05-04T19:31:59Z,XAUUSD,OPEN,0,0,BUY,0.03,4523.74000,4522.74000,4524.34000,4522.41112,4521.07512,60.65,17,0.00,"opened"
2026-05-04T19:32:00Z,XAUUSD,OPEN,0,0,BUY,0.03,4523.74000,4522.74000,4524.34000,4522.41112,4521.07512,60.65,16,0.00,"opened"
2026-05-04T19:32:20Z,XAUUSD,CLOSE,8481409711,8071780097,SELL,0.03,4522.71000,0.00000,0.00000,0.00000,0.00000,0.00,0,-3.06,"deal_close"
2026-05-04T19:32:20Z,XAUUSD,CLOSE,8481409788,8071780098,SELL,0.03,4522.71000,0.00000,0.00000,0.00000,0.00000,0.00,0,-3.06,"deal_close"
2026-05-04T19:33:59Z,XAUUSD,OPEN,0,0,BUY,0.03,4523.52000,4522.52000,4524.12000,4522.58952,4521.38836,58.83,24,0.00,"opened"
2026-05-04T19:34:00Z,XAUUSD,OPEN,0,0,BUY,0.03,4523.38000,4522.38000,4523.98000,4522.58952,4521.38836,58.83,17,0.00,"opened"
2026-05-04T19:34:04Z,XAUUSD,CLOSE,8481425415,8071794276,SELL,0.03,4523.20000,0.00000,0.00000,0.00000,0.00000,0.00,0,-0.54,"deal_close"
2026-05-04T19:34:04Z,XAUUSD,CLOSE,8481425447,8071794279,SELL,0.03,4523.20000,0.00000,0.00000,0.00000,0.00000,0.00,0,-0.51,"deal_close"
2026-05-04T19:35:59Z,XAUUSD,OPEN,0,0,BUY,0.03,4525.79000,4524.79000,4526.39000,4523.23249,4521.89137,64.33,17,0.00,"opened"
2026-05-04T19:36:00Z,XAUUSD,OPEN,0,0,BUY,0.03,4525.69000,4524.69000,4526.29000,4523.23249,4521.89137,64.33,17,0.00,"opened"
2026-05-04T19:36:06Z,XAUUSD,CLOSE,8481441775,8071813428,SELL,0.03,4525.63000,0.00000,0.00000,0.00000,0.00000,0.00,0,-0.18,"deal_close"
2026-05-04T19:36:06Z,XAUUSD,CLOSE,8481441858,8071813429,SELL,0.03,4525.63000,0.00000,0.00000,0.00000,0.00000,0.00,0,-0.21,"deal_close"
2026-05-04T19:36:59Z,XAUUSD,OPEN,0,0,BUY,0.03,4526.86000,4525.86000,4527.46000,4523.92399,4522.32761,66.68,16,0.00,"opened"
2026-05-04T19:37:00Z,XAUUSD,OPEN,0,0,BUY,0.03,4526.86000,4525.86000,4527.46000,4523.92399,4522.32761,66.68,16,0.00,"opened"
2026-05-04T19:37:10Z,XAUUSD,CLOSE,8481454673,8071828232,SELL,0.03,4526.84000,0.00000,0.00000,0.00000,0.00000,0.00,0,-0.06,"deal_close"
2026-05-04T19:37:45Z,XAUUSD,CLOSE,8481454710,8071836476,SELL,0.03,4526.55000,0.00000,0.00000,0.00000,0.00000,0.00,0,-1.53,"deal_close"
2026-05-04T19:59:59Z,XAUUSD,OPEN_FAIL,0,0,SELL,0.03,4517.81000,4518.81000,4517.21000,4518.11070,4519.76845,34.85,17,0.00,"OrderCheck false err=4752 | ck.retcode=10027 ck.comment=[AutoTrading disabled by client] | SYM_TRADE_MODE=4 TERM_TRADE=0 MQL_TRADE=0 | Enable AutoTrading (toolbar) + Tools->Options->Expert Advisors->Allow algorithmic trading"
2026-05-05T09:11:16Z,XAUUSD,OPEN,0,0,BUY,0.03,4558.08000,4557.08000,4558.68000,4557.82407,4556.36634,64.49,17,0.00,"opened"
2026-05-05T09:11:17Z,XAUUSD,OPEN,0,0,BUY,0.03,4558.10000,4557.10000,4558.70000,4557.82407,4556.36634,64.49,17,0.00,"opened"
2026-05-05T09:11:23Z,XAUUSD,CLOSE,8488176158,8079363253,SELL,0.03,4558.07000,0.00000,0.00000,0.00000,0.00000,0.00,0,-0.09,"deal_close"
2026-05-05T09:11:23Z,XAUUSD,CLOSE,8488176249,8079363257,SELL,0.03,4558.07000,0.00000,0.00000,0.00000,0.00000,0.00,0,-0.36,"deal_close"
2026-05-05T09:22:27Z,XAUUSD,OPEN,0,0,SELL,0.03,4554.95000,4555.95000,4554.35000,4555.27508,4555.84357,43.24,17,0.00,"opened"
2026-05-05T09:22:46Z,XAUUSD,CLOSE,8488330007,8079540446,BUY,0.03,4555.95000,0.00000,0.00000,0.00000,0.00000,0.00,0,-3.00,"deal_close"
2026-05-05T09:22:46Z,XAUUSD,CLOSE,8488330034,8079540449,BUY,0.03,4555.95000,0.00000,0.00000,0.00000,0.00000,0.00,0,-3.00,"deal_close"
2026-05-05T09:30:47Z,XAUUSD,OPEN,0,0,SELL,0.03,4554.44000,4555.44000,4553.84000,4554.70662,4555.28628,37.86,17,0.00,"opened"
2026-05-05T09:30:47Z,XAUUSD,OPEN,0,0,SELL,0.03,4554.97000,4555.97000,4554.37000,4554.70662,4555.28628,37.86,17,0.00,"opened"
2026-05-05T09:30:48Z,XAUUSD,CLOSE,8488438986,8079658999,BUY,0.03,4554.35000,0.00000,0.00000,0.00000,0.00000,0.00,0,0.66,"deal_close"
2026-05-05T09:30:51Z,XAUUSD,CLOSE,8488438774,8079660656,BUY,0.03,4555.07000,0.00000,0.00000,0.00000,0.00000,0.00,0,-0.30,"deal_close"
2026-05-05T10:02:15Z,XAUUSD,OPEN,0,0,BUY,0.03,4555.61000,4554.61000,4556.21000,4555.36702,4555.03929,58.76,17,0.00,"opened"
2026-05-05T10:02:15Z,XAUUSD,OPEN,0,0,BUY,0.03,4555.64000,4554.64000,4556.24000,4555.36702,4555.03929,58.76,17,0.00,"opened"
2026-05-05T10:02:20Z,XAUUSD,CLOSE,8488818010,8080094280,SELL,0.03,4556.17000,0.00000,0.00000,0.00000,0.00000,0.00,0,1.80,"deal_close"
2026-05-05T10:02:20Z,XAUUSD,CLOSE,8488817967,8080094338,SELL,0.03,4556.25000,0.00000,0.00000,0.00000,0.00000,0.00,0,1.83,"deal_close"
2026-05-05T10:20:29Z,XAUUSD,OPEN,0,0,SELL,0.03,4553.08000,4554.08000,4552.48000,4553.35948,4553.83209,41.60,17,0.00,"opened"
2026-05-05T10:20:29Z,XAUUSD,OPEN,0,0,SELL,0.03,4553.09000,4554.09000,4552.49000,4553.35948,4553.83209,41.60,17,0.00,"opened"
2026-05-05T10:21:00Z,XAUUSD,CLOSE,8489051362,8080367098,BUY,0.03,4553.07000,0.00000,0.00000,0.00000,0.00000,0.00,0,0.06,"deal_close"
2026-05-05T10:21:01Z,XAUUSD,CLOSE,8489051384,8080367253,BUY,0.03,4553.09000,0.00000,0.00000,0.00000,0.00000,0.00,0,0.03,"deal_close"
2026-05-05T10:25:11Z,XAUUSD,OPEN,0,0,SELL,0.03,4551.75000,4552.75000,4551.15000,4553.21391,4553.57200,43.89,16,0.00,"opened"
2026-05-05T10:25:12Z,XAUUSD,OPEN,0,0,SELL,0.03,4551.96000,4552.96000,4551.36000,4553.21391,4553.57200,43.89,17,0.00,"opened"
2026-05-05T10:25:26Z,XAUUSD,CLOSE,8489098124,8080418811,BUY,0.03,4551.91000,0.00000,0.00000,0.00000,0.00000,0.00,0,0.15,"deal_close"
2026-05-05T10:25:26Z,XAUUSD,CLOSE,8489098181,8080418813,BUY,0.03,4551.91000,0.00000,0.00000,0.00000,0.00000,0.00,0,0.18,"deal_close"
2026-05-05T10:33:14Z,XAUUSD,OPEN,0,0,SELL,0.03,4549.10000,4550.10000,4548.50000,4549.36977,4551.06657,29.89,17,0.00,"opened"
2026-05-05T10:33:26Z,XAUUSD,CLOSE,8489251667,8080594966,BUY,0.03,4548.47000,0.00000,0.00000,0.00000,0.00000,0.00,0,1.89,"deal_close"
2026-05-05T10:33:26Z,XAUUSD,CLOSE,8489251705,8080594970,BUY,0.03,4548.47000,0.00000,0.00000,0.00000,0.00000,0.00,0,1.89,"deal_close"
2026-05-05T11:02:45Z,XAUUSD,OPEN,0,0,SELL,0.03,4542.28000,4543.28000,4541.68000,4542.44364,4544.15060,29.38,4,0.00,"opened"
2026-05-05T11:02:45Z,XAUUSD,OPEN,0,0,SELL,0.03,4542.75000,4543.75000,4542.15000,4542.44364,4544.15060,29.38,17,0.00,"opened"
2026-05-05T11:02:55Z,XAUUSD,CLOSE,8489762425,8081170006,BUY,0.03,4542.09000,0.00000,0.00000,0.00000,0.00000,0.00,0,2.13,"deal_close"
2026-05-05T11:02:56Z,XAUUSD,CLOSE,8489762370,8081170188,BUY,0.03,4542.05000,0.00000,0.00000,0.00000,0.00000,0.00,0,2.10,"deal_close"
2026-05-05T11:21:11Z,XAUUSD,OPEN,0,0,BUY,0.03,4552.52000,4551.52000,4553.12000,4551.25399,4549.54553,59.45,17,0.00,"opened"
2026-05-05T11:21:11Z,XAUUSD,OPEN,0,0,BUY,0.03,4552.49000,4551.49000,4553.09000,4551.25399,4549.54553,59.45,17,0.00,"opened"
2026-05-05T11:21:41Z,XAUUSD,CLOSE,8490123786,8081575956,SELL,0.03,4552.79000,0.00000,0.00000,0.00000,0.00000,0.00,0,0.90,"deal_close"
2026-05-05T11:21:41Z,XAUUSD,CLOSE,8490123825,8081575959,SELL,0.03,4552.79000,0.00000,0.00000,0.00000,0.00000,0.00,0,0.90,"deal_close"
2026-05-05T11:41:12Z,XAUUSD,OPEN,0,0,BUY,0.03,4558.37000,4557.37000,4558.97000,4557.37679,4555.86707,62.07,17,0.00,"opened"
2026-05-05T11:41:12Z,XAUUSD,OPEN,0,0,BUY,0.03,4558.39000,4557.39000,4558.99000,4557.37679,4555.86707,62.07,17,0.00,"opened"
2026-05-05T11:41:29Z,XAUUSD,CLOSE,8490504734,8081998442,SELL,0.03,4558.99000,0.00000,0.00000,0.00000,0.00000,0.00,0,1.80,"deal_close"
2026-05-05T11:41:29Z,XAUUSD,CLOSE,8490504769,8081998445,SELL,0.03,4558.99000,0.00000,0.00000,0.00000,0.00000,0.00,0,1.80,"deal_close"
2026-05-05T11:58:12Z,XAUUSD,OPEN,0,0,BUY,0.03,4561.04000,4560.04000,4561.64000,4560.80165,4560.12924,56.15,17,0.00,"opened"
2026-05-05T11:58:50Z,XAUUSD,CLOSE,8490863835,8082398206,SELL,0.03,4561.19000,0.00000,0.00000,0.00000,0.00000,0.00,0,0.36,"deal_close"
2026-05-05T11:59:02Z,XAUUSD,CLOSE,8490863804,8082402157,SELL,0.03,4561.08000,0.00000,0.00000,0.00000,0.00000,0.00,0,0.12,"deal_close"
2026-05-05T11:59:25Z,XAUUSD,OPEN,0,0,BUY,0.03,4561.10000,4560.10000,4561.70000,4560.88532,4560.22840,56.32,13,0.00,"opened"
2026-05-05T11:59:25Z,XAUUSD,OPEN,0,0,BUY,0.03,4561.21000,4560.21000,4561.81000,4560.88532,4560.22840,56.32,17,0.00,"opened"
2026-05-05T11:59:51Z,XAUUSD,CLOSE,8490882000,8082412164,SELL,0.03,4561.86000,0.00000,0.00000,0.00000,0.00000,0.00,0,2.13,"deal_close"
2026-05-05T11:59:51Z,XAUUSD,CLOSE,8490882095,8082412167,SELL,0.03,4561.86000,0.00000,0.00000,0.00000,0.00000,0.00,0,1.92,"deal_close"
2026-05-05T12:00:29Z,XAUUSD,OPEN,0,0,BUY,0.03,4562.03000,4561.03000,4562.63000,4561.26826,4560.46218,61.15,10,0.00,"opened"
2026-05-05T12:00:29Z,XAUUSD,OPEN,0,0,BUY,0.03,4562.18000,4561.18000,4562.78000,4561.26826,4560.46218,61.15,17,0.00,"opened"
2026-05-05T12:00:40Z,XAUUSD,CLOSE,8490903566,8082434692,SELL,0.03,4561.02000,0.00000,0.00000,0.00000,0.00000,0.00,0,-3.21,"deal_close"
2026-05-05T12:00:40Z,XAUUSD,CLOSE,8490903668,8082434699,SELL,0.03,4561.02000,0.00000,0.00000,0.00000,0.00000,0.00,0,-3.15,"deal_close"
2026-05-05T12:06:30Z,XAUUSD,OPEN,0,0,SELL,0.03,4557.76000,4558.76000,4557.16000,4558.09167,4559.03565,42.82,17,0.00,"opened"
2026-05-05T12:06:31Z,XAUUSD,OPEN,0,0,SELL,0.03,4557.46000,4558.46000,4556.86000,4558.09167,4559.03565,42.82,17,0.00,"opened"
2026-05-05T12:06:31Z,XAUUSD,CLOSE,8491055434,8082596003,BUY,0.03,4558.46000,0.00000,0.00000,0.00000,0.00000,0.00,0,-3.36,"deal_close"
2026-05-05T12:06:32Z,XAUUSD,CLOSE,8491055296,8082596329,BUY,0.03,4559.16000,0.00000,0.00000,0.00000,0.00000,0.00,0,-4.68,"deal_close"
2026-05-05T12:21:26Z,XAUUSD,OPEN,0,0,BUY,0.03,4568.13000,4567.13000,4568.73000,4563.00632,4561.86230,59.44,4,0.00,"opened"
2026-05-05T12:21:26Z,XAUUSD,OPEN,0,0,BUY,0.03,4567.80000,4566.80000,4568.40000,4563.00632,4561.86230,59.44,7,0.00,"opened"
2026-05-05T12:21:30Z,XAUUSD,CLOSE,8491457755,8083042876,SELL,0.03,4568.04000,0.00000,0.00000,0.00000,0.00000,0.00,0,0.72,"deal_close"
2026-05-05T12:21:30Z,XAUUSD,CLOSE,8491458765,8083043650,SELL,0.03,4568.45000,0.00000,0.00000,0.00000,0.00000,0.00,0,1.05,"deal_close"
2026-05-05T12:35:59Z,XAUUSD,OPEN,0,0,BUY,0.03,4569.32000,4568.32000,4569.92000,4569.06687,4567.70717,56.08,17,0.00,"opened"
2026-05-05T12:35:59Z,XAUUSD,OPEN,0,0,BUY,0.03,4569.43000,4568.43000,4570.03000,4569.06687,4567.70717,56.08,17,0.00,"opened"
2026-05-05T12:36:11Z,XAUUSD,CLOSE,8491867868,8083498919,SELL,0.03,4568.29000,0.00000,0.00000,0.00000,0.00000,0.00,0,-3.42,"deal_close"
2026-05-05T12:36:11Z,XAUUSD,CLOSE,8491867994,8083498920,SELL,0.03,4568.29000,0.00000,0.00000,0.00000,0.00000,0.00,0,-3.69,"deal_close"
2026-05-05T12:40:11Z,XAUUSD,OPEN,0,0,BUY,0.03,4570.08000,4569.08000,4570.68000,4568.91280,4568.09855,57.74,16,0.00,"opened"
2026-05-05T12:40:11Z,XAUUSD,OPEN,0,0,BUY,0.03,4570.19000,4569.19000,4570.79000,4568.91280,4568.09855,57.74,17,0.00,"opened"
2026-05-05T12:40:23Z,XAUUSD,CLOSE,8491937882,8083579821,SELL,0.03,4569.05000,0.00000,0.00000,0.00000,0.00000,0.00,0,-3.42,"deal_close"
2026-05-05T12:40:23Z,XAUUSD,CLOSE,8491937835,8083579824,SELL,0.03,4569.05000,0.00000,0.00000,0.00000,0.00000,0.00,0,-3.42,"deal_close"
2026-05-05T12:57:23Z,XAUUSD,OPEN,0,0,SELL,0.03,4563.49000,4564.49000,4562.89000,4563.76068,4565.10776,39.60,17,0.00,"opened"
2026-05-05T12:58:04Z,XAUUSD,CLOSE,8492218678,8083903420,BUY,0.03,4564.83000,0.00000,0.00000,0.00000,0.00000,0.00,0,-4.02,"deal_close"
2026-05-05T12:58:04Z,XAUUSD,CLOSE,8492218699,8083903425,BUY,0.03,4564.83000,0.00000,0.00000,0.00000,0.00000,0.00,0,-4.08,"deal_close"
2026-05-05T13:23:27Z,XAUUSD,OPEN,0,0,BUY,0.03,4580.57000,4579.57000,4581.17000,4580.00466,4577.35370,64.39,17,0.00,"opened"
2026-05-05T13:23:28Z,XAUUSD,OPEN,0,0,BUY,0.03,4580.57000,4579.57000,4581.17000,4580.00466,4577.35370,64.39,17,0.00,"opened"
2026-05-05T13:23:33Z,XAUUSD,CLOSE,8492862487,8084641375,SELL,0.03,4581.17000,0.00000,0.00000,0.00000,0.00000,0.00,0,1.80,"deal_close"
2026-05-05T13:23:33Z,XAUUSD,CLOSE,8492862507,8084641378,SELL,0.03,4581.17000,0.00000,0.00000,0.00000,0.00000,0.00,0,1.83,"deal_close"
2026-05-05T13:32:11Z,XAUUSD,OPEN,0,0,BUY,0.03,4581.75000,4580.75000,4582.35000,4578.65920,4577.96667,57.07,17,0.00,"opened"
2026-05-05T13:32:11Z,XAUUSD,OPEN,0,0,BUY,0.03,4581.52000,4580.52000,4582.12000,4578.65920,4577.96667,57.07,17,0.00,"opened"
2026-05-05T13:32:13Z,XAUUSD,CLOSE,8493031077,8084835212,SELL,0.03,4580.74000,0.00000,0.00000,0.00000,0.00000,0.00,0,-2.34,"deal_close"
2026-05-05T13:32:14Z,XAUUSD,CLOSE,8493031144,8084835808,SELL,0.03,4580.44000,0.00000,0.00000,0.00000,0.00000,0.00,0,-3.27,"deal_close"
2026-05-05T13:33:32Z,XAUUSD,OPEN,0,0,BUY,0.03,4581.60000,4580.60000,4582.20000,4579.02136,4578.19425,57.82,17,0.00,"opened"
2026-05-05T13:33:33Z,XAUUSD,OPEN,0,0,BUY,0.03,4581.60000,4580.60000,4582.20000,4579.02136,4578.19425,57.82,17,0.00,"opened"
2026-05-05T13:33:36Z,XAUUSD,CLOSE,8493053235,8084859872,SELL,0.03,4580.55000,0.00000,0.00000,0.00000,0.00000,0.00,0,-3.15,"deal_close"
2026-05-05T13:33:36Z,XAUUSD,CLOSE,8493053391,8084859875,SELL,0.03,4580.55000,0.00000,0.00000,0.00000,0.00000,0.00,0,-2.67,"deal_close"
2026-05-05T14:00:11Z,XAUUSD,OPEN,0,0,BUY,0.03,4582.63000,4581.63000,4583.23000,4578.74029,4577.94820,54.90,17,0.00,"opened"
2026-05-05T14:00:11Z,XAUUSD,OPEN,0,0,BUY,0.03,4582.39000,4581.39000,4582.99000,4578.74029,4577.94820,54.90,17,0.00,"opened"
2026-05-05T14:00:14Z,XAUUSD,CLOSE,8493611312,8085494072,SELL,0.03,4582.37000,0.00000,0.00000,0.00000,0.00000,0.00,0,0.00,"deal_close"
2026-05-05T14:00:16Z,XAUUSD,CLOSE,8493611139,8085496165,SELL,0.03,4582.60000,0.00000,0.00000,0.00000,0.00000,0.00,0,0.63,"deal_close"
2026-05-05T14:01:11Z,XAUUSD,OPEN,0,0,BUY,0.03,4580.56000,4579.56000,4581.16000,4579.05023,4578.16109,57.00,17,0.00,"opened"
2026-05-05T14:01:12Z,XAUUSD,OPEN,0,0,BUY,0.03,4580.38000,4579.38000,4580.98000,4579.05023,4578.16109,57.00,17,0.00,"opened"
2026-05-05T14:01:13Z,XAUUSD,CLOSE,8493636151,8085522219,SELL,0.03,4579.56000,0.00000,0.00000,0.00000,0.00000,0.00,0,-2.46,"deal_close"
2026-05-05T14:01:14Z,XAUUSD,CLOSE,8493636215,8085522346,SELL,0.03,4579.35000,0.00000,0.00000,0.00000,0.00000,0.00,0,-3.12,"deal_close"
2026-05-05T14:10:47Z,XAUUSD,OPEN,0,0,BUY,0.03,4580.30000,4579.30000,4580.90000,4580.07177,4578.96908,64.52,17,0.00,"opened"
2026-05-05T14:10:48Z,XAUUSD,OPEN,0,0,BUY,0.03,4580.18000,4579.18000,4580.78000,4580.07177,4578.96908,64.52,17,0.00,"opened"
2026-05-05T14:10:53Z,XAUUSD,CLOSE,8493841731,8085766332,SELL,0.03,4580.14000,0.00000,0.00000,0.00000,0.00000,0.00,0,-0.03,"deal_close"
2026-05-05T14:10:53Z,XAUUSD,CLOSE,8493841814,8085766335,SELL,0.03,4580.14000,0.00000,0.00000,0.00000,0.00000,0.00,0,-0.06,"deal_close"
2026-05-05T14:15:44Z,XAUUSD,OPEN,0,0,SELL,0.03,4569.59000,4570.59000,4568.99000,4577.86482,4578.32514,38.61,17,0.00,"opened"
2026-05-05T14:15:46Z,XAUUSD,CLOSE,8493987730,8085932271,BUY,0.03,4570.65000,0.00000,0.00000,0.00000,0.00000,0.00,0,-3.15,"deal_close"
2026-05-05T14:17:44Z,XAUUSD,OPEN,0,0,SELL,0.03,4571.32000,4572.32000,4570.72000,4575.55109,4577.13847,33.60,17,0.00,"opened"
2026-05-05T14:17:46Z,XAUUSD,CLOSE,8494039560,8085991327,BUY,0.03,4572.42000,0.00000,0.00000,0.00000,0.00000,0.00,0,-1.92,"deal_close"
2026-05-05T14:19:44Z,XAUUSD,OPEN,0,0,SELL,0.03,4570.79000,4571.79000,4570.19000,4574.00389,4576.13113,35.06,17,0.00,"opened"
2026-05-05T14:19:45Z,XAUUSD,CLOSE,8494102818,8086062458,BUY,0.03,4570.55000,0.00000,0.00000,0.00000,0.00000,0.00,0,0.72,"deal_close"
2026-05-05T14:21:44Z,XAUUSD,OPEN,0,0,SELL,0.03,4570.44000,4571.44000,4569.84000,4572.63209,4575.10226,35.25,17,0.00,"opened"
2026-05-05T14:21:50Z,XAUUSD,CLOSE,8494144271,8086111801,BUY,0.03,4570.22000,0.00000,0.00000,0.00000,0.00000,0.00,0,0.63,"deal_close"
2026-05-05T14:26:44Z,XAUUSD,OPEN,0,0,BUY,0.03,4584.13000,4583.13000,4584.73000,4576.25293,4575.96151,63.27,17,0.00,"opened"
2026-05-05T14:26:55Z,XAUUSD,CLOSE,8494301953,8086296092,SELL,0.03,4583.05000,0.00000,0.00000,0.00000,0.00000,0.00,0,-3.27,"deal_close"
2026-05-05T14:27:44Z,XAUUSD,OPEN,0,0,BUY,0.03,4583.87000,4582.87000,4584.47000,4577.48034,4576.54591,63.54,17,0.00,"opened"
2026-05-05T14:28:11Z,XAUUSD,CLOSE,8494325191,8086328161,SELL,0.03,4584.02000,0.00000,0.00000,0.00000,0.00000,0.00,0,0.45,"deal_close"
2026-05-05T14:28:44Z,XAUUSD,OPEN,0,0,BUY,0.03,4585.58000,4584.58000,4586.18000,4578.72227,4577.19538,65.62,17,0.00,"opened"
2026-05-05T14:28:52Z,XAUUSD,CLOSE,8494352260,8086353584,SELL,0.03,4585.74000,0.00000,0.00000,0.00000,0.00000,0.00,0,1.05,"deal_close"
2026-05-05T14:32:11Z,XAUUSD,OPEN,0,0,BUY,0.03,4582.78000,4581.78000,4583.38000,4581.06484,4579.01879,56.25,17,0.00,"opened"
2026-05-05T14:32:17Z,XAUUSD,CLOSE,8494451530,8086461315,SELL,0.03,4581.61000,0.00000,0.00000,0.00000,0.00000,0.00,0,-3.45,"deal_close"
2026-05-05T14:33:37Z,XAUUSD,OPEN,0,0,BUY,0.03,4581.90000,4580.90000,4582.50000,4581.63387,4579.46345,60.84,17,0.00,"opened"
2026-05-05T14:33:40Z,XAUUSD,CLOSE,8494478807,8086491523,SELL,0.03,4581.92000,0.00000,0.00000,0.00000,0.00000,0.00,0,0.15,"deal_close"
2026-05-05T14:35:11Z,XAUUSD,OPEN,0,0,BUY,0.03,4582.23000,4581.23000,4582.83000,4581.64048,4579.84012,55.73,17,0.00,"opened"
2026-05-05T14:35:20Z,XAUUSD,CLOSE,8494512337,8086530601,SELL,0.03,4582.39000,0.00000,0.00000,0.00000,0.00000,0.00,0,0.06,"deal_close"
2026-05-05T14:40:11Z,XAUUSD,OPEN,0,0,BUY,0.03,4581.82000,4580.82000,4582.42000,4580.75555,4580.00529,54.14,19,0.00,"opened"
2026-05-05T14:40:15Z,XAUUSD,CLOSE,8494611447,8086643765,SELL,0.03,4582.02000,0.00000,0.00000,0.00000,0.00000,0.00,0,0.75,"deal_close"
2026-05-05T14:41:44Z,XAUUSD,OPEN,0,0,BUY,0.03,4583.58000,4582.58000,4584.18000,4580.98444,4580.17754,55.58,17,0.00,"opened"
2026-05-05T14:41:49Z,XAUUSD,CLOSE,8494642882,8086680133,SELL,0.03,4583.83000,0.00000,0.00000,0.00000,0.00000,0.00,0,0.87,"deal_close"
2026-05-05T14:42:44Z,XAUUSD,OPEN,0,0,BUY,0.03,4582.96000,4581.96000,4583.56000,4581.33955,4580.41231,57.52,24,0.00,"opened"
2026-05-05T14:43:26Z,XAUUSD,CLOSE,8494662852,8086712585,SELL,0.03,4583.12000,0.00000,0.00000,0.00000,0.00000,0.00,0,0.45,"deal_close"
2026-05-05T14:43:28Z,XAUUSD,OPEN,0,0,BUY,0.03,4583.87000,4582.87000,4584.47000,4581.64964,4580.63755,57.82,17,0.00,"opened"
2026-05-05T14:43:37Z,XAUUSD,CLOSE,8494674265,8086715071,SELL,0.03,4582.86000,0.00000,0.00000,0.00000,0.00000,0.00,0,-2.91,"deal_close"
2026-05-05T14:44:44Z,XAUUSD,OPEN,0,0,BUY,0.03,4583.98000,4582.98000,4584.58000,4582.14172,4580.95323,60.62,17,0.00,"opened"
2026-05-05T14:44:54Z,XAUUSD,CLOSE,8494699379,8086744900,SELL,0.03,4582.79000,0.00000,0.00000,0.00000,0.00000,0.00,0,-3.57,"deal_close"
2026-05-05T14:50:44Z,XAUUSD,OPEN,0,0,SELL,0.03,4577.86000,4578.86000,4577.26000,4579.81946,4580.26642,43.54,17,0.00,"opened"
2026-05-05T14:51:04Z,XAUUSD,CLOSE,8494816934,8086880695,BUY,0.03,4577.16000,0.00000,0.00000,0.00000,0.00000,0.00,0,1.86,"deal_close"
2026-05-05T14:52:44Z,XAUUSD,OPEN,0,0,SELL,0.03,4577.16000,4578.16000,4576.56000,4578.80406,4579.70786,40.51,17,0.00,"opened"
2026-05-05T14:52:50Z,XAUUSD,CLOSE,8494853389,8086918475,BUY,0.03,4577.15000,0.00000,0.00000,0.00000,0.00000,0.00,0,0.03,"deal_close"
2026-05-05T15:00:41Z,XAUUSD,OPEN,0,0,BUY,0.03,4580.48000,4579.48000,4581.08000,4580.37218,4580.02211,57.24,4,0.00,"opened"
2026-05-05T15:00:42Z,XAUUSD,CLOSE,8494990701,8087075154,SELL,0.03,4581.24000,0.00000,0.00000,0.00000,0.00000,0.00,0,1.56,"deal_close"
2026-05-05T15:04:37Z,XAUUSD,OPEN,0,0,BUY,0.03,4582.12000,4581.12000,4582.72000,4580.45110,4580.14608,54.25,4,0.00,"opened"
2026-05-05T15:04:37Z,XAUUSD,CLOSE,8495065386,8087159428,SELL,0.03,4582.77000,0.00000,0.00000,0.00000,0.00000,0.00,0,0.15,"deal_close"
2026-05-05T15:05:40Z,XAUUSD,OPEN,0,0,BUY,0.03,4583.07000,4582.07000,4583.67000,4581.08888,4580.46371,59.36,17,0.00,"opened"
2026-05-05T15:06:25Z,XAUUSD,CLOSE,8495090854,8087201260,SELL,0.03,4582.20000,0.00000,0.00000,0.00000,0.00000,0.00,0,-3.51,"deal_close"
2026-05-05T15:07:11Z,XAUUSD,OPEN,0,0,BUY,0.03,4581.99000,4580.99000,4582.59000,4581.67808,4580.85521,56.62,17,0.00,"opened"
2026-05-05T15:07:23Z,XAUUSD,CLOSE,8495112272,8087215587,SELL,0.03,4582.68000,0.00000,0.00000,0.00000,0.00000,0.00,0,2.07,"deal_close"
2026-05-05T15:09:11Z,XAUUSD,OPEN,0,0,BUY,0.03,4582.34000,4581.34000,4582.94000,4581.75197,4581.02935,54.44,17,0.00,"opened"
2026-05-05T15:09:53Z,XAUUSD,CLOSE,8495142452,8087256507,SELL,0.03,4581.15000,0.00000,0.00000,0.00000,0.00000,0.00,0,-3.57,"deal_close"
2026-05-05T15:18:44Z,XAUUSD,OPEN,0,0,SELL,0.03,4578.71000,4579.71000,4578.11000,4580.18213,4580.50905,41.94,17,0.00,"opened"
2026-05-05T15:19:29Z,XAUUSD,CLOSE,8495270571,8087400266,BUY,0.03,4579.58000,0.00000,0.00000,0.00000,0.00000,0.00,0,-2.64,"deal_close"
2026-05-05T15:20:44Z,XAUUSD,OPEN,0,0,SELL,0.03,4576.32000,4577.32000,4575.72000,4579.58016,4580.16261,41.66,19,0.00,"opened"
2026-05-05T15:20:52Z,XAUUSD,CLOSE,8495307527,8087432798,BUY,0.03,4576.26000,0.00000,0.00000,0.00000,0.00000,0.00,0,-0.36,"deal_close"
2026-05-05T15:21:44Z,XAUUSD,OPEN,0,0,SELL,0.03,4576.71000,4577.71000,4576.11000,4578.90013,4579.80055,34.18,17,0.00,"opened"
2026-05-05T15:22:02Z,XAUUSD,CLOSE,8495326630,8087457694,BUY,0.03,4577.73000,0.00000,0.00000,0.00000,0.00000,0.00,0,-2.94,"deal_close"
2026-05-05T15:25:44Z,XAUUSD,OPEN,0,0,SELL,0.03,4577.50000,4578.50000,4576.90000,4578.45314,4579.29150,40.01,17,0.00,"opened"
2026-05-05T15:26:03Z,XAUUSD,CLOSE,8495394437,8087532967,BUY,0.03,4578.50000,0.00000,0.00000,0.00000,0.00000,0.00,0,-2.91,"deal_close"
2026-05-05T15:28:44Z,XAUUSD,OPEN,0,0,SELL,0.03,4577.24000,4578.24000,4576.64000,4577.89889,4578.82643,39.65,14,0.00,"opened"
2026-05-05T15:29:00Z,XAUUSD,CLOSE,8495441420,8087585659,BUY,0.03,4576.71000,0.00000,0.00000,0.00000,0.00000,0.00,0,1.80,"deal_close"
2026-05-05T15:40:44Z,XAUUSD,OPEN,0,0,SELL,0.03,4575.16000,4576.16000,4574.56000,4577.16166,4577.81798,41.29,17,0.00,"opened"
2026-05-05T15:40:51Z,XAUUSD,CLOSE,8495629569,8087795826,BUY,0.03,4574.95000,0.00000,0.00000,0.00000,0.00000,0.00,0,0.63,"deal_close"
2026-05-05T15:41:44Z,XAUUSD,OPEN,0,0,SELL,0.03,4574.18000,4575.18000,4573.58000,4576.65333,4577.52725,37.37,17,0.00,"opened"
2026-05-05T15:41:53Z,XAUUSD,CLOSE,8495650767,8087820618,BUY,0.03,4575.21000,0.00000,0.00000,0.00000,0.00000,0.00,0,-3.09,"deal_close"
2026-05-05T15:42:44Z,XAUUSD,OPEN,0,0,SELL,0.03,4574.27000,4575.27000,4573.67000,4576.23466,4577.25750,37.20,16,0.00,"opened"
2026-05-05T15:43:04Z,XAUUSD,CLOSE,8495669026,8087843545,BUY,0.03,4574.24000,0.00000,0.00000,0.00000,0.00000,0.00,0,-0.06,"deal_close"
2026-05-05T15:43:44Z,XAUUSD,OPEN,0,0,SELL,0.03,4575.06000,4576.06000,4574.46000,4575.76973,4576.95318,35.27,17,0.00,"opened"
2026-05-05T15:43:51Z,XAUUSD,CLOSE,8495686166,8087858613,BUY,0.03,4574.85000,0.00000,0.00000,0.00000,0.00000,0.00,0,0.63,"deal_close"
2026-05-05T15:45:44Z,XAUUSD,OPEN,0,0,SELL,0.03,4572.97000,4573.97000,4572.37000,4575.07863,4576.42552,34.73,17,0.00,"opened"
2026-05-05T15:45:59Z,XAUUSD,CLOSE,8495721974,8087901471,BUY,0.03,4574.01000,0.00000,0.00000,0.00000,0.00000,0.00,0,-3.12,"deal_close"
2026-05-05T15:48:11Z,XAUUSD,OPEN,0,0,SELL,0.03,4574.04000,4575.04000,4573.44000,4574.57858,4575.83107,40.53,17,0.00,"opened"
2026-05-05T15:48:23Z,XAUUSD,CLOSE,8495766339,8087949347,BUY,0.03,4574.08000,0.00000,0.00000,0.00000,0.00000,0.00,0,-0.06,"deal_close"
2026-05-05T15:49:14Z,XAUUSD,OPEN,0,0,SELL,0.03,4574.07000,4575.07000,4573.47000,4574.33686,4575.60734,38.01,17,0.00,"opened"
2026-05-05T15:49:17Z,XAUUSD,CLOSE,8495783267,8087965286,BUY,0.03,4573.95000,0.00000,0.00000,0.00000,0.00000,0.00,0,0.36,"deal_close"
2026-05-05T15:52:44Z,XAUUSD,OPEN,0,0,SELL,0.03,4571.85000,4572.85000,4571.25000,4574.09503,4575.17866,38.95,17,0.00,"opened"
2026-05-05T15:53:08Z,XAUUSD,CLOSE,8495838383,8088031677,BUY,0.03,4571.31000,0.00000,0.00000,0.00000,0.00000,0.00,0,1.80,"deal_close"
2026-05-05T15:53:44Z,XAUUSD,OPEN,0,0,SELL,0.03,4570.88000,4571.88000,4570.28000,4573.60003,4574.85515,34.27,17,0.00,"opened"
2026-05-05T15:53:51Z,XAUUSD,CLOSE,8495858228,8088050480,BUY,0.03,4570.63000,0.00000,0.00000,0.00000,0.00000,0.00,0,0.72,"deal_close"
2026-05-05T15:54:44Z,XAUUSD,OPEN,0,0,SELL,0.03,4570.14000,4571.14000,4569.54000,4572.97802,4574.45831,31.30,4,0.00,"opened"
2026-05-05T15:54:46Z,XAUUSD,CLOSE,8495881379,8088072145,BUY,0.03,4571.37000,0.00000,0.00000,0.00000,0.00000,0.00,0,-3.30,"deal_close"
2026-05-05T15:56:44Z,XAUUSD,OPEN,0,0,SELL,0.03,4569.66000,4570.66000,4569.06000,4572.20473,4573.82910,33.19,15,0.00,"opened"
2026-05-05T15:56:55Z,XAUUSD,CLOSE,8495914046,8088113567,BUY,0.03,4569.00000,0.00000,0.00000,0.00000,0.00000,0.00,0,1.80,"deal_close"
2026-05-05T15:57:44Z,XAUUSD,OPEN,0,0,SELL,0.03,4569.26000,4570.26000,4568.66000,4571.54179,4573.38009,28.25,11,0.00,"opened"
2026-05-05T15:58:29Z,XAUUSD,CLOSE,8495935887,8088145378,BUY,0.03,4569.50000,0.00000,0.00000,0.00000,0.00000,0.00,0,-1.44,"deal_close"
2026-05-05T16:00:44Z,XAUUSD,OPEN,0,0,SELL,0.03,4567.13000,4568.13000,4566.53000,4570.47187,4572.39091,30.86,17,0.00,"opened"
2026-05-05T16:01:04Z,XAUUSD,CLOSE,8495994494,8088208956,BUY,0.03,4566.52000,0.00000,0.00000,0.00000,0.00000,0.00,0,1.98,"deal_close"
2026-05-05T16:01:44Z,XAUUSD,OPEN,0,0,SELL,0.03,4567.90000,4568.90000,4567.30000,4569.84350,4571.93083,28.11,17,0.00,"opened"
2026-05-05T16:02:03Z,XAUUSD,CLOSE,8496019896,8088233414,BUY,0.03,4567.29000,0.00000,0.00000,0.00000,0.00000,0.00,0,1.80,"deal_close"
2026-05-05T16:03:44Z,XAUUSD,OPEN,0,0,SELL,0.03,4565.63000,4566.63000,4565.03000,4568.98104,4571.15498,29.06,17,0.00,"opened"
2026-05-05T16:03:47Z,XAUUSD,CLOSE,8496057623,8088272588,BUY,0.03,4565.80000,0.00000,0.00000,0.00000,0.00000,0.00,0,-0.57,"deal_close"
2026-05-05T16:04:44Z,XAUUSD,OPEN,0,0,SELL,0.03,4566.82000,4567.82000,4566.22000,4568.25083,4570.62544,24.78,17,0.00,"opened"
2026-05-05T16:05:00Z,XAUUSD,CLOSE,8496084143,8088307901,BUY,0.03,4567.86000,0.00000,0.00000,0.00000,0.00000,0.00,0,-3.09,"deal_close"
2026-05-05T16:06:44Z,XAUUSD,OPEN,0,0,SELL,0.03,4564.52000,4565.52000,4563.92000,4567.53933,4569.87830,30.75,17,0.00,"opened"
2026-05-05T16:06:53Z,XAUUSD,CLOSE,8496120964,8088349187,BUY,0.03,4564.16000,0.00000,0.00000,0.00000,0.00000,0.00,0,1.08,"deal_close"
2026-05-05T16:07:44Z,XAUUSD,OPEN,0,0,SELL,0.03,4563.37000,4564.37000,4562.77000,4566.78547,4569.32300,27.01,16,0.00,"opened"
2026-05-05T16:08:03Z,XAUUSD,CLOSE,8496144277,8088375860,BUY,0.03,4563.17000,0.00000,0.00000,0.00000,0.00000,0.00,0,1.02,"deal_close"
2026-05-05T16:08:44Z,XAUUSD,OPEN,0,0,SELL,0.03,4563.29000,4564.29000,4562.69000,4566.12237,4568.79091,26.45,17,0.00,"opened"
2026-05-05T16:09:06Z,XAUUSD,CLOSE,8496161684,8088394997,BUY,0.03,4564.32000,0.00000,0.00000,0.00000,0.00000,0.00,0,-3.09,"deal_close"
2026-05-05T16:09:44Z,XAUUSD,OPEN,0,0,SELL,0.03,4564.51000,4565.51000,4563.91000,4565.56590,4568.29537,26.20,17,0.00,"opened"
2026-05-05T16:10:05Z,XAUUSD,CLOSE,8496177516,8088413464,BUY,0.03,4563.90000,0.00000,0.00000,0.00000,0.00000,0.00,0,1.83,"deal_close"
2026-05-05T16:11:44Z,XAUUSD,OPEN,0,0,SELL,0.03,4563.49000,4564.49000,4562.89000,4565.02897,4567.56535,30.46,5,0.00,"opened"
2026-05-05T16:12:03Z,XAUUSD,CLOSE,8496209566,8088446949,BUY,0.03,4563.51000,0.00000,0.00000,0.00000,0.00000,0.00,0,0.06,"deal_close"
2026-05-05T16:12:34Z,XAUUSD,OPEN,0,0,SELL,0.03,4564.34000,4565.34000,4563.74000,4564.66918,4567.17122,28.94,17,0.00,"opened"
2026-05-05T16:12:53Z,XAUUSD,CLOSE,8496222030,8088461572,BUY,0.03,4564.31000,0.00000,0.00000,0.00000,0.00000,0.00,0,-0.03,"deal_close"
2026-05-05T16:16:12Z,XAUUSD,OPEN,0,0,SELL,0.03,4564.66000,4565.66000,4564.06000,4564.86357,4566.49657,36.28,10,0.00,"opened"
2026-05-05T16:16:47Z,XAUUSD,CLOSE,8496284223,8088537043,BUY,0.03,4564.46000,0.00000,0.00000,0.00000,0.00000,0.00,0,0.63,"deal_close"
2026-05-05T16:19:29Z,XAUUSD,OPEN,0,0,SELL,0.03,4564.30000,4565.30000,4563.70000,4564.61519,4565.97018,38.59,17,0.00,"opened"
2026-05-05T16:20:10Z,XAUUSD,CLOSE,8496329200,8088587847,BUY,0.03,4564.11000,0.00000,0.00000,0.00000,0.00000,0.00,0,0.57,"deal_close"
2026-05-05T16:23:11Z,XAUUSD,OPEN,0,0,SELL,0.03,4564.00000,4565.00000,4563.40000,4564.60372,4565.53470,41.69,17,0.00,"opened"
2026-05-05T16:23:56Z,XAUUSD,CLOSE,8496379801,8088644733,BUY,0.03,4563.77000,0.00000,0.00000,0.00000,0.00000,0.00,0,-0.24,"deal_close"
2026-05-05T16:24:22Z,XAUUSD,OPEN,0,0,SELL,0.03,4561.80000,4562.80000,4561.20000,4564.40098,4565.35791,38.85,17,0.00,"opened"
2026-05-05T16:24:25Z,XAUUSD,CLOSE,8496399988,8088657118,BUY,0.03,4562.88000,0.00000,0.00000,0.00000,0.00000,0.00,0,-3.30,"deal_close"
2026-05-05T16:25:44Z,XAUUSD,OPEN,0,0,SELL,0.03,4557.55000,4558.55000,4556.95000,4563.85278,4565.02174,33.08,17,0.00,"opened"
2026-05-05T16:26:01Z,XAUUSD,CLOSE,8496444672,8088717325,BUY,0.03,4557.51000,0.00000,0.00000,0.00000,0.00000,0.00,0,0.27,"deal_close"
2026-05-05T16:26:44Z,XAUUSD,OPEN,0,0,SELL,0.03,4557.83000,4558.83000,4557.23000,4562.54423,4564.32067,24.31,17,0.00,"opened"
2026-05-05T16:26:49Z,XAUUSD,CLOSE,8496472404,8088739710,BUY,0.03,4557.81000,0.00000,0.00000,0.00000,0.00000,0.00,0,0.06,"deal_close"
2026-05-05T16:28:44Z,XAUUSD,OPEN,0,0,SELL,0.03,4558.10000,4559.10000,4557.50000,4560.79111,4563.17270,26.83,15,0.00,"opened"
2026-05-05T16:28:55Z,XAUUSD,CLOSE,8496517348,8088790393,BUY,0.03,4559.10000,0.00000,0.00000,0.00000,0.00000,0.00,0,-3.00,"deal_close"
2026-05-05T16:31:44Z,XAUUSD,OPEN,0,0,SELL,0.03,4555.52000,4556.52000,4554.92000,4559.67385,4562.03360,32.02,14,0.00,"opened"
2026-05-05T16:31:47Z,XAUUSD,CLOSE,8496589267,8088871824,BUY,0.03,4554.91000,0.00000,0.00000,0.00000,0.00000,0.00,0,0.99,"deal_close"
2026-05-05T16:32:44Z,XAUUSD,OPEN,0,0,SELL,0.03,4554.32000,4555.32000,4553.72000,4558.70308,4561.37782,28.08,17,0.00,"opened"
2026-05-05T16:32:49Z,XAUUSD,CLOSE,8496620170,8088908146,BUY,0.03,4555.39000,0.00000,0.00000,0.00000,0.00000,0.00,0,-3.36,"deal_close"
2026-05-05T16:33:44Z,XAUUSD,OPEN,0,0,SELL,0.03,4555.24000,4556.24000,4554.64000,4557.87446,4560.75802,27.66,17,0.00,"opened"
2026-05-05T16:34:05Z,XAUUSD,CLOSE,8496643762,8088939033,BUY,0.03,4556.39000,0.00000,0.00000,0.00000,0.00000,0.00,0,-3.45,"deal_close"
2026-05-05T16:37:23Z,XAUUSD,OPEN,0,0,SELL,0.03,4557.39000,4558.39000,4556.79000,4557.66511,4559.71137,39.69,17,0.00,"opened"
2026-05-05T16:37:27Z,XAUUSD,CLOSE,8496716199,8089010926,BUY,0.03,4556.73000,0.00000,0.00000,0.00000,0.00000,0.00,0,1.86,"deal_close"
2026-05-05T16:38:11Z,XAUUSD,OPEN,0,0,SELL,0.03,4557.20000,4558.20000,4556.60000,4557.58809,4559.49033,39.32,13,0.00,"opened"
2026-05-05T16:38:44Z,XAUUSD,CLOSE,8496732198,8089034449,BUY,0.03,4558.29000,0.00000,0.00000,0.00000,0.00000,0.00,0,-3.24,"deal_close"
2026-05-05T16:40:22Z,XAUUSD,OPEN,0,0,SELL,0.03,4556.96000,4557.96000,4556.36000,4557.25397,4559.00854,36.27,17,0.00,"opened"
2026-05-05T16:40:37Z,XAUUSD,CLOSE,8496766019,8089069266,BUY,0.03,4557.97000,0.00000,0.00000,0.00000,0.00000,0.00,0,-2.94,"deal_close"
2026-05-05T16:45:44Z,XAUUSD,OPEN,0,0,SELL,0.03,4556.62000,4557.62000,4556.02000,4557.26419,4558.35564,40.13,17,0.00,"opened"
2026-05-05T16:45:46Z,XAUUSD,CLOSE,8496846133,8089150706,BUY,0.03,4556.74000,0.00000,0.00000,0.00000,0.00000,0.00,0,-0.36,"deal_close"
2026-05-05T16:47:11Z,XAUUSD,OPEN,0,0,SELL,0.03,4556.61000,4557.61000,4556.01000,4557.24428,4558.16516,41.35,17,0.00,"opened"
2026-05-05T16:47:33Z,XAUUSD,CLOSE,8496865967,8089175860,BUY,0.03,4555.89000,0.00000,0.00000,0.00000,0.00000,0.00,0,2.19,"deal_close"
2026-05-05T16:55:44Z,XAUUSD,OPEN,0,0,BUY,0.03,4560.80000,4559.80000,4561.40000,4558.73326,4558.47554,56.33,18,0.00,"opened"
2026-05-05T16:55:50Z,XAUUSD,CLOSE,8497004538,8089327493,SELL,0.03,4561.20000,0.00000,0.00000,0.00000,0.00000,0.00,0,1.80,"deal_close"
2026-05-05T16:56:44Z,XAUUSD,OPEN,0,0,BUY,0.03,4561.33000,4560.33000,4561.93000,4559.29861,4558.75594,61.43,17,0.00,"opened"
2026-05-05T16:57:21Z,XAUUSD,CLOSE,8497023368,8089355857,SELL,0.03,4561.54000,0.00000,0.00000,0.00000,0.00000,0.00,0,0.63,"deal_close"
2026-05-05T16:58:44Z,XAUUSD,OPEN,0,0,BUY,0.03,4562.71000,4561.71000,4563.31000,4560.04711,4559.20822,60.82,24,0.00,"opened"
2026-05-05T16:59:07Z,XAUUSD,CLOSE,8497054416,8089388175,SELL,0.03,4561.71000,0.00000,0.00000,0.00000,0.00000,0.00,0,-2.82,"deal_close"
2026-05-05T16:59:44Z,XAUUSD,OPEN,0,0,BUY,0.03,4561.18000,4560.18000,4561.78000,4560.44969,4559.46747,62.46,17,0.00,"opened"
2026-05-05T16:59:58Z,XAUUSD,CLOSE,8497069384,8089402681,SELL,0.03,4561.20000,0.00000,0.00000,0.00000,0.00000,0.00,0,0.06,"deal_close"
2026-05-05T17:01:44Z,XAUUSD,OPEN,0,0,BUY,0.03,4562.19000,4561.19000,4562.79000,4560.73260,4559.77378,57.91,17,0.00,"opened"
2026-05-05T17:02:11Z,XAUUSD,CLOSE,8497104480,8089446018,SELL,0.03,4561.16000,0.00000,0.00000,0.00000,0.00000,0.00,0,-3.06,"deal_close"
2026-05-05T17:02:11Z,XAUUSD,OPEN,0,0,BUY,0.03,4561.28000,4560.28000,4561.88000,4560.99008,4559.97798,60.90,17,0.00,"opened"
2026-05-05T17:02:42Z,XAUUSD,CLOSE,8497111964,8089454256,SELL,0.03,4560.26000,0.00000,0.00000,0.00000,0.00000,0.00,0,-3.06,"deal_close"
2026-05-05T17:08:44Z,XAUUSD,OPEN,0,0,SELL,0.03,4555.65000,4556.65000,4555.05000,4558.83501,4559.28999,34.98,17,0.00,"opened"
2026-05-05T17:08:57Z,XAUUSD,CLOSE,8497225990,8089578037,BUY,0.03,4554.83000,0.00000,0.00000,0.00000,0.00000,0.00,0,2.46,"deal_close"
2026-05-05T17:09:44Z,XAUUSD,OPEN,0,0,SELL,0.03,4554.08000,4555.08000,4553.48000,4558.00401,4558.87090,31.28,4,0.00,"opened"
2026-05-05T17:10:02Z,XAUUSD,CLOSE,8497248887,8089606176,BUY,0.03,4555.12000,0.00000,0.00000,0.00000,0.00000,0.00,0,-3.09,"deal_close"
2026-05-05T17:11:44Z,XAUUSD,OPEN,0,0,SELL,0.03,4554.69000,4555.69000,4554.09000,4556.80296,4558.14215,31.26,17,0.00,"opened"
2026-05-05T17:11:51Z,XAUUSD,CLOSE,8497288359,8089646387,BUY,0.03,4555.79000,0.00000,0.00000,0.00000,0.00000,0.00,0,-3.30,"deal_close"
2026-05-05T17:13:23Z,XAUUSD,OPEN,0,0,SELL,0.03,4555.69000,4556.69000,4555.09000,4556.01950,4557.54277,32.00,17,0.00,"opened"
2026-05-05T17:13:29Z,XAUUSD,CLOSE,8497314818,8089674219,BUY,0.03,4555.69000,0.00000,0.00000,0.00000,0.00000,0.00,0,0.00,"deal_close"
2026-05-05T17:14:26Z,XAUUSD,OPEN,0,0,SELL,0.03,4555.27000,4556.27000,4554.67000,4555.55960,4557.19525,31.89,17,0.00,"opened"
2026-05-05T17:14:55Z,XAUUSD,CLOSE,8497329525,8089698589,BUY,0.03,4556.32000,0.00000,0.00000,0.00000,0.00000,0.00,0,-2.88,"deal_close"
2026-05-05T17:20:44Z,XAUUSD,OPEN,0,0,BUY,0.03,4561.28000,4560.28000,4561.88000,4557.76694,4557.62100,62.08,16,0.00,"opened"
2026-05-05T17:21:29Z,XAUUSD,CLOSE,8497431305,8089811750,SELL,0.03,4560.91000,0.00000,0.00000,0.00000,0.00000,0.00,0,-1.11,"deal_close"
2026-05-05T17:21:44Z,XAUUSD,OPEN,0,0,BUY,0.03,4561.05000,4560.05000,4561.65000,4558.43555,4557.93818,62.98,17,0.00,"opened"
2026-05-05T17:22:04Z,XAUUSD,CLOSE,8497443076,8089820386,SELL,0.03,4560.04000,0.00000,0.00000,0.00000,0.00000,0.00,0,-3.03,"deal_close"
2026-05-05T17:23:44Z,XAUUSD,OPEN,0,0,BUY,0.03,4561.11000,4560.11000,4561.71000,4559.20915,4558.39552,60.55,17,0.00,"opened"
2026-05-05T17:24:13Z,XAUUSD,CLOSE,8497468242,8089850200,SELL,0.03,4560.08000,0.00000,0.00000,0.00000,0.00000,0.00,0,-3.27,"deal_close"
2026-05-05T17:28:29Z,XAUUSD,OPEN,0,0,BUY,0.03,4559.58000,4558.58000,4560.18000,4559.32063,4558.77692,54.92,17,0.00,"opened"
2026-05-05T17:29:04Z,XAUUSD,CLOSE,8497536593,8089928512,SELL,0.03,4558.57000,0.00000,0.00000,0.00000,0.00000,0.00,0,-2.85,"deal_close"
2026-05-05T17:35:44Z,XAUUSD,OPEN,0,0,BUY,0.03,4560.96000,4559.96000,4561.56000,4558.99741,4558.73679,61.29,16,0.00,"opened"
2026-05-05T17:35:49Z,XAUUSD,CLOSE,8497646517,8090046019,SELL,0.03,4559.90000,0.00000,0.00000,0.00000,0.00000,0.00,0,-3.18,"deal_close"
2026-05-05T17:37:44Z,XAUUSD,OPEN,0,0,BUY,0.03,4561.53000,4560.53000,4562.13000,4559.98194,4559.24504,63.85,17,0.00,"opened"
2026-05-05T17:38:17Z,XAUUSD,CLOSE,8497679083,8090087806,SELL,0.03,4560.36000,0.00000,0.00000,0.00000,0.00000,0.00,0,-3.60,"deal_close"
2026-05-05T17:40:25Z,XAUUSD,OPEN,0,0,BUY,0.03,4560.66000,4559.66000,4561.26000,4560.38987,4559.64233,55.33,17,0.00,"opened"
2026-05-05T17:40:27Z,XAUUSD,CLOSE,8497714079,8090118439,SELL,0.03,4560.66000,0.00000,0.00000,0.00000,0.00000,0.00,0,0.00,"deal_close"
2026-05-05T17:41:41Z,XAUUSD,OPEN,0,0,BUY,0.03,4561.54000,4560.54000,4562.14000,4560.68390,4559.84394,58.72,13,0.00,"opened"
2026-05-05T17:41:46Z,XAUUSD,CLOSE,8497731125,8090137206,SELL,0.03,4561.54000,0.00000,0.00000,0.00000,0.00000,0.00,0,0.00,"deal_close"
2026-05-05T17:49:34Z,XAUUSD,OPEN,0,0,BUY,0.03,4562.00000,4561.00000,4562.60000,4560.62567,4560.28216,54.85,17,0.00,"opened"
2026-05-05T17:50:11Z,XAUUSD,CLOSE,8497811105,8090231523,SELL,0.03,4560.82000,0.00000,0.00000,0.00000,0.00000,0.00,0,-3.69,"deal_close"
2026-05-01T17:48:57Z,XAUUSD,OPEN,56486510517,56174955970,SELL,0.01,4627.82000,4629.02000,4627.22000,4628.56764,4630.19842,35.72,15,0.00,"opened"
2026-05-01T17:49:03Z,XAUUSD,CLOSE,56486510517,56174957155,BUY,0.01,4628.01000,0.00000,0.00000,0.00000,0.00000,0.00,0,0.02,"deal_close"
2026-05-01T17:49:57Z,XAUUSD,OPEN,56486523359,56174968529,SELL,0.01,4627.44000,4628.64000,4626.84000,4628.34211,4629.94765,34.62,17,0.00,"opened"
2026-05-01T17:52:10Z,XAUUSD,CLOSE,56486523359,56174988654,BUY,0.01,4628.64000,0.00000,0.00000,0.00000,0.00000,0.00,0,-1.20,"deal_close"
2026-05-01T17:58:57Z,XAUUSD,OPEN,56486632842,56175073669,SELL,0.01,4629.12000,4630.32000,4628.52000,4629.60464,4629.81284,45.03,17,0.00,"opened"
2026-05-01T17:59:58Z,XAUUSD,CLOSE,56486632842,56175083997,BUY,0.01,4630.32000,0.00000,0.00000,0.00000,0.00000,0.00,0,-1.50,"deal_close"
2026-05-01T18:01:57Z,XAUUSD,OPEN,56486667789,56175106993,SELL,0.01,4627.15000,4628.35000,4626.55000,4629.10918,4629.53463,37.92,17,0.00,"opened"
2026-05-01T18:02:05Z,XAUUSD,CLOSE,56486667789,56175110465,BUY,0.01,4626.56000,0.00000,0.00000,0.00000,0.00000,0.00,0,0.60,"deal_close"
2026-05-01T18:02:57Z,XAUUSD,OPEN,56486693029,56175132045,SELL,0.01,4625.02000,4626.22000,4624.42000,4628.29134,4629.12421,32.01,17,0.00,"opened"
2026-05-01T18:03:30Z,XAUUSD,CLOSE,56486693029,56175140992,BUY,0.01,4624.73000,0.00000,0.00000,0.00000,0.00000,0.00,0,0.30,"deal_close"
2026-05-01T18:03:57Z,XAUUSD,OPEN,56486709207,56175147551,SELL,0.01,4624.48000,4625.68000,4623.88000,4627.52707,4628.70110,30.68,17,0.00,"opened"
2026-05-01T18:04:07Z,XAUUSD,CLOSE,56486709207,56175149806,BUY,0.01,4625.68000,0.00000,0.00000,0.00000,0.00000,0.00,0,-1.20,"deal_close"
2026-05-01T18:05:57Z,XAUUSD,OPEN,56486743142,56175180170,SELL,0.01,4624.15000,4625.35000,4623.55000,4626.38493,4627.94926,30.25,19,0.00,"opened"
2026-05-01T18:06:12Z,XAUUSD,CLOSE,56486743142,56175183704,BUY,0.01,4623.50000,0.00000,0.00000,0.00000,0.00000,0.00,0,0.60,"deal_close"
2026-05-01T18:06:57Z,XAUUSD,OPEN,56486758818,56175195253,SELL,0.01,4623.89000,4625.09000,4623.29000,4625.88994,4627.58205,29.61,17,0.00,"opened"
2026-05-01T18:07:13Z,XAUUSD,CLOSE,56486758818,56175198459,BUY,0.01,4623.73000,0.00000,0.00000,0.00000,0.00000,0.00,0,0.17,"deal_close"
2026-05-01T18:09:57Z,XAUUSD,OPEN,56486798974,56175234220,SELL,0.01,4624.25000,4625.45000,4623.65000,4625.23013,4626.82968,33.29,25,0.00,"opened"
2026-05-01T18:10:11Z,XAUUSD,CLOSE,56486798974,56175236923,BUY,0.01,4623.78000,0.00000,0.00000,0.00000,0.00000,0.00,0,0.60,"deal_close"
2026-05-01T18:10:57Z,XAUUSD,OPEN,56486815588,56175250371,SELL,0.01,4623.27000,4624.47000,4622.67000,4624.83810,4626.50607,30.23,17,0.00,"opened"
2026-05-01T18:11:02Z,XAUUSD,CLOSE,56486815588,56175251462,BUY,0.01,4622.66000,0.00000,0.00000,0.00000,0.00000,0.00,0,0.60,"deal_close"
2026-05-01T18:11:57Z,XAUUSD,OPEN,56486829138,56175263601,SELL,0.01,4621.90000,4623.10000,4621.30000,4624.24848,4626.08643,26.54,17,0.00,"opened"
2026-05-01T18:12:20Z,XAUUSD,CLOSE,56486829138,56175269714,BUY,0.01,4621.61000,0.00000,0.00000,0.00000,0.00000,0.00,0,0.29,"deal_close"
2026-05-01T18:12:57Z,XAUUSD,OPEN,56486846192,56175280296,SELL,0.01,4620.61000,4621.81000,4620.01000,4623.52279,4625.58948,23.67,17,0.00,"opened"
2026-05-01T18:13:08Z,XAUUSD,CLOSE,56486846192,56175285115,BUY,0.01,4620.18000,0.00000,0.00000,0.00000,0.00000,0.00,0,0.39,"deal_close"
2026-05-01T18:13:57Z,XAUUSD,OPEN,56486869250,56175303285,SELL,0.01,4617.77000,4618.97000,4617.17000,4622.38023,4624.88225,18.83,17,0.00,"opened"
2026-05-01T18:14:03Z,XAUUSD,CLOSE,56486869250,56175305750,BUY,0.01,4617.17000,0.00000,0.00000,0.00000,0.00000,0.00,0,0.60,"deal_close"
2026-05-01T18:14:57Z,XAUUSD,OPEN,56486890263,56175323713,SELL,0.01,4615.80000,4617.00000,4615.20000,4621.06418,4624.05659,16.26,17,0.00,"opened"
2026-05-01T18:15:24Z,XAUUSD,CLOSE,56486890263,56175332422,BUY,0.01,4617.00000,0.00000,0.00000,0.00000,0.00000,0.00,0,-1.20,"deal_close"
2026-05-01T18:16:57Z,XAUUSD,OPEN,56486927540,56175359740,SELL,0.01,4614.10000,4615.30000,4613.50000,4619.09148,4622.60413,20.32,15,0.00,"opened"
2026-05-01T18:16:59Z,XAUUSD,CLOSE,56486927540,56175360949,BUY,0.01,4614.09000,0.00000,0.00000,0.00000,0.00000,0.00,0,0.02,"deal_close"
2026-05-01T18:30:57Z,XAUUSD,OPEN,56487120465,56175545394,SELL,0.01,4620.99000,4622.19000,4620.39000,4621.08701,4621.21717,47.63,19,0.00,"opened"
2026-05-01T18:31:10Z,XAUUSD,CLOSE,56487120465,56175548440,BUY,0.01,4622.19000,0.00000,0.00000,0.00000,0.00000,0.00,0,-1.30,"deal_close"
2026-05-01T18:31:57Z,XAUUSD,OPEN,56487134087,56175558346,SELL,0.01,4620.95000,4622.15000,4620.35000,4621.05961,4621.19288,47.51,17,0.00,"opened"
2026-05-01T18:32:01Z,XAUUSD,CLOSE,56487134087,56175559104,BUY,0.01,4620.93000,0.00000,0.00000,0.00000,0.00000,0.00,0,0.02,"deal_close"
2026-05-01T18:32:57Z,XAUUSD,OPEN,56487147105,56175570591,SELL,0.01,4620.85000,4622.05000,4620.25000,4621.01768,4621.16171,47.19,17,0.00,"opened"
2026-05-01T18:33:14Z,XAUUSD,CLOSE,56487147105,56175573592,BUY,0.01,4620.31000,0.00000,0.00000,0.00000,0.00000,0.00,0,0.60,"deal_close"
2026-05-01T18:33:57Z,XAUUSD,OPEN,56487160611,56175583590,SELL,0.01,4619.76000,4620.96000,4619.16000,4620.76615,4621.03428,43.70,17,0.00,"opened"
2026-05-01T18:33:59Z,XAUUSD,CLOSE,56487160611,56175584008,BUY,0.01,4619.74000,0.00000,0.00000,0.00000,0.00000,0.00,0,0.02,"deal_close"
2026-05-01T18:34:57Z,XAUUSD,OPEN,56487174842,56175597377,SELL,0.01,4617.60000,4618.80000,4617.00000,4620.13292,4620.72208,37.75,17,0.00,"opened"
2026-05-01T18:35:17Z,XAUUSD,CLOSE,56487174842,56175602698,BUY,0.01,4617.55000,0.00000,0.00000,0.00000,0.00000,0.00,0,0.02,"deal_close"
2026-05-01T18:36:57Z,XAUUSD,OPEN,56487202492,56175624154,SELL,0.01,4617.72000,4618.92000,4617.12000,4619.36507,4620.25312,39.05,17,0.00,"opened"
2026-05-01T18:37:20Z,XAUUSD,CLOSE,56487202492,56175628306,BUY,0.01,4617.24000,0.00000,0.00000,0.00000,0.00000,0.00,0,0.60,"deal_close"
2026-05-01T18:37:57Z,XAUUSD,OPEN,56487215025,56175636292,SELL,0.01,4616.38000,4617.58000,4615.78000,4618.76405,4619.89920,35.58,17,0.00,"opened"
2026-05-01T18:38:33Z,XAUUSD,CLOSE,56487215025,56175644345,BUY,0.01,4617.58000,0.00000,0.00000,0.00000,0.00000,0.00,0,-1.20,"deal_close"
2026-05-01T18:44:57Z,XAUUSD,OPEN,56487295912,56175714792,BUY,0.01,4622.43000,4621.23000,4623.03000,4620.37912,4620.12684,56.79,17,0.00,"opened"
2026-05-01T18:45:16Z,XAUUSD,CLOSE,56487295912,56175717351,SELL,0.01,4621.23000,0.00000,0.00000,0.00000,0.00000,0.00,0,-1.25,"deal_close"
2026-05-01T18:46:57Z,XAUUSD,OPEN,56487315189,56175733519,BUY,0.01,4621.83000,4620.63000,4622.43000,4620.81304,4620.37888,54.36,17,0.00,"opened"
2026-05-01T18:47:06Z,XAUUSD,CLOSE,56487315189,56175735619,SELL,0.01,4622.06000,0.00000,0.00000,0.00000,0.00000,0.00,0,0.26,"deal_close"
2026-05-01T18:47:57Z,XAUUSD,OPEN,56487328003,56175746073,BUY,0.01,4622.52000,4621.32000,4623.12000,4621.12043,4620.55807,56.71,17,0.00,"opened"
2026-05-01T18:48:32Z,XAUUSD,CLOSE,56487328003,56175751734,SELL,0.01,4622.51000,0.00000,0.00000,0.00000,0.00000,0.00,0,0.02,"deal_close"
2026-05-01T18:49:57Z,XAUUSD,OPEN,56487350642,56175768177,BUY,0.01,4624.22000,4623.02000,4624.82000,4621.87748,4621.01039,62.02,17,0.00,"opened"
2026-05-01T18:49:58Z,XAUUSD,CLOSE,56487350642,56175768429,SELL,0.01,4624.82000,0.00000,0.00000,0.00000,0.00000,0.00,0,0.17,"deal_close"
2026-05-01T18:50:57Z,XAUUSD,OPEN,56487364854,56175781963,BUY,0.01,4625.68000,4624.48000,4626.28000,4622.60598,4621.42035,65.99,17,0.00,"opened"
2026-05-01T18:51:27Z,XAUUSD,CLOSE,56487364854,56175788478,SELL,0.01,4625.70000,0.00000,0.00000,0.00000,0.00000,0.00,0,0.02,"deal_close"
2026-05-01T18:51:57Z,XAUUSD,OPEN,56487376765,56175793387,BUY,0.01,4625.95000,4624.75000,4626.55000,4623.24078,4621.81668,66.65,17,0.00,"opened"
2026-05-01T18:52:04Z,XAUUSD,CLOSE,56487376765,56175794853,SELL,0.01,4624.75000,0.00000,0.00000,0.00000,0.00000,0.00,0,-1.19,"deal_close"
2026-05-01T18:54:57Z,XAUUSD,OPEN,56487407089,56175822438,BUY,0.01,4624.35000,4623.15000,4624.95000,4623.63112,4622.37142,58.25,4,0.00,"opened"
2026-05-01T18:59:26Z,XAUUSD,CLOSE,56487407089,56175862509,SELL,0.01,4623.15000,0.00000,0.00000,0.00000,0.00000,0.00,0,-1.47,"deal_close"
2026-05-01T18:59:57Z,XAUUSD,OPEN_FAIL,0,0,BUY,0.01,4624.48000,4623.28000,4625.08000,4623.90837,4623.01182,57.89,15,0.00,"invalid stops"
2026-05-01T18:59:57Z,XAUUSD,OPEN,56487454432,56175867826,BUY,0.01,4625.37000,4624.17000,4625.97000,4623.90837,4623.01182,57.89,17,0.00,"opened"
2026-05-01T19:00:07Z,XAUUSD,CLOSE,56487454432,56175869938,SELL,0.01,4624.17000,0.00000,0.00000,0.00000,0.00000,0.00,0,-0.93,"deal_close"
2026-05-01T19:14:57Z,XAUUSD,OPEN,56487601479,56176009220,BUY,0.01,4626.48000,4625.28000,4627.08000,4624.60217,4623.68482,65.52,17,0.00,"opened"
2026-05-01T19:15:23Z,XAUUSD,CLOSE,56487601479,56176013855,SELL,0.01,4626.83000,0.00000,0.00000,0.00000,0.00000,0.00,0,0.35,"deal_close"
2026-05-01T19:15:57Z,XAUUSD,OPEN,56487611887,56176019420,BUY,0.01,4627.25000,4626.05000,4627.85000,4625.09773,4623.99347,68.16,17,0.00,"opened"
2026-05-01T19:16:55Z,XAUUSD,CLOSE,56487611887,56176028562,SELL,0.01,4627.27000,0.00000,0.00000,0.00000,0.00000,0.00,0,0.02,"deal_close"
2026-05-01T19:19:57Z,XAUUSD,OPEN,56487647776,56176053811,BUY,0.01,4627.36000,4626.16000,4627.96000,4626.15368,4624.90661,67.09,17,0.00,"opened"
2026-05-01T19:20:14Z,XAUUSD,CLOSE,56487647776,56176056791,SELL,0.01,4626.16000,0.00000,0.00000,0.00000,0.00000,0.00,0,-1.20,"deal_close"
2026-05-01T19:21:57Z,XAUUSD,OPEN,56487666159,56176071583,BUY,0.01,4627.41000,4626.21000,4628.01000,4626.40436,4625.23893,64.56,17,0.00,"opened"
2026-05-01T19:23:10Z,XAUUSD,CLOSE,56487666159,56176080449,SELL,0.01,4626.21000,0.00000,0.00000,0.00000,0.00000,0.00,0,-1.20,"deal_close"
2026-05-01T19:24:57Z,XAUUSD,OPEN,56487689667,56176094245,BUY,0.01,4626.82000,4625.62000,4627.42000,4626.39559,4625.52223,59.03,17,0.00,"opened"
2026-05-01T19:25:18Z,XAUUSD,CLOSE,56487689667,56176097904,SELL,0.01,4626.85000,0.00000,0.00000,0.00000,0.00000,0.00,0,0.02,"deal_close"
2026-05-01T19:25:57Z,XAUUSD,OPEN,56487698201,56176102476,BUY,0.01,4627.61000,4626.41000,4628.21000,4626.60447,4625.69657,62.55,17,0.00,"opened"
2026-05-01T19:28:10Z,XAUUSD,CLOSE,56487698201,56176118573,SELL,0.01,4626.41000,0.00000,0.00000,0.00000,0.00000,0.00,0,-1.21,"deal_close"
2026-05-01T19:30:57Z,XAUUSD,OPEN,56487747099,56176149766,SELL,0.01,4622.35000,4623.55000,4621.75000,4625.32694,4625.43342,36.20,15,0.00,"opened"
2026-05-01T19:31:26Z,XAUUSD,CLOSE,56487747099,56176155959,BUY,0.01,4621.74000,0.00000,0.00000,0.00000,0.00000,0.00,0,0.60,"deal_close"
2026-05-01T19:31:57Z,XAUUSD,OPEN,56487759503,56176161710,SELL,0.01,4622.06000,4623.26000,4621.46000,4624.67355,4625.12675,35.22,17,0.00,"opened"
2026-05-01T19:32:14Z,XAUUSD,CLOSE,56487759503,56176164210,BUY,0.01,4621.46000,0.00000,0.00000,0.00000,0.00000,0.00,0,0.60,"deal_close"
2026-05-01T19:32:57Z,XAUUSD,OPEN,56487773803,56176175665,SELL,0.01,4619.10000,4620.30000,4618.50000,4623.55884,4624.57886,27.13,17,0.00,"opened"
2026-05-01T19:33:29Z,XAUUSD,CLOSE,56487773803,56176182227,BUY,0.01,4618.44000,0.00000,0.00000,0.00000,0.00000,0.00,0,0.60,"deal_close"
2026-05-01T19:33:57Z,XAUUSD,OPEN,56487788120,56176189620,SELL,0.01,4617.40000,4618.60000,4616.80000,4622.32707,4623.92624,23.75,15,0.00,"opened"
2026-05-01T19:34:11Z,XAUUSD,CLOSE,56487788120,56176192793,BUY,0.01,4617.38000,0.00000,0.00000,0.00000,0.00000,0.00,0,0.02,"deal_close"
2026-05-01T19:35:57Z,XAUUSD,OPEN,56487814628,56176215199,SELL,0.01,4616.73000,4617.93000,4616.13000,4620.55613,4622.80358,25.52,17,0.00,"opened"
2026-05-01T19:36:02Z,XAUUSD,CLOSE,56487814628,56176216591,BUY,0.01,4616.13000,0.00000,0.00000,0.00000,0.00000,0.00,0,0.60,"deal_close"
2026-05-01T19:36:57Z,XAUUSD,OPEN,56487830736,56176230869,SELL,0.01,4615.59000,4616.79000,4614.99000,4619.56290,4622.14780,23.52,13,0.00,"opened"
2026-05-01T19:37:07Z,XAUUSD,CLOSE,56487830736,56176233226,BUY,0.01,4616.79000,0.00000,0.00000,0.00000,0.00000,0.00,0,-1.11,"deal_close"
2026-05-01T19:39:57Z,XAUUSD,OPEN,56487862721,56176261511,SELL,0.01,4617.24000,4618.44000,4616.64000,4618.51381,4620.96788,33.82,17,0.00,"opened"
2026-05-01T19:40:11Z,XAUUSD,CLOSE,56487862721,56176263499,BUY,0.01,4616.69000,0.00000,0.00000,0.00000,0.00000,0.00,0,0.60,"deal_close"
2026-05-01T19:40:57Z,XAUUSD,OPEN,56487873361,56176271830,SELL,0.01,4615.80000,4617.00000,4615.20000,4617.97104,4620.49807,30.53,7,0.00,"opened"
2026-05-01T19:41:06Z,XAUUSD,CLOSE,56487873361,56176273654,BUY,0.01,4615.20000,0.00000,0.00000,0.00000,0.00000,0.00,0,0.60,"deal_close"
2026-05-01T19:41:57Z,XAUUSD,OPEN,56487885533,56176283545,SELL,0.01,4614.92000,4616.12000,4614.32000,4617.36684,4619.99370,28.76,17,0.00,"opened"
2026-05-01T19:42:03Z,XAUUSD,CLOSE,56487885533,56176284891,BUY,0.01,4614.80000,0.00000,0.00000,0.00000,0.00000,0.00,0,0.02,"deal_close"
2026-05-01T19:42:57Z,XAUUSD,OPEN,56487900808,56176298712,SELL,0.01,4612.10000,4613.30000,4611.50000,4616.31347,4619.27609,23.77,17,0.00,"opened"
2026-05-01T19:43:05Z,XAUUSD,CLOSE,56487900808,56176301835,BUY,0.01,4612.12000,0.00000,0.00000,0.00000,0.00000,0.00,0,0.02,"deal_close"
2026-05-01T19:44:57Z,XAUUSD,OPEN,56487925972,56176323276,SELL,0.01,4611.88000,4613.08000,4611.28000,4614.87582,4618.07429,25.72,16,0.00,"opened"
2026-05-01T19:45:20Z,XAUUSD,CLOSE,56487925972,56176328322,BUY,0.01,4611.52000,0.00000,0.00000,0.00000,0.00000,0.00,0,0.17,"deal_close"
2026-05-01T19:47:57Z,XAUUSD,OPEN,56487957936,56176354152,SELL,0.01,4613.31000,4614.51000,4612.71000,4613.98210,4616.81082,33.18,17,0.00,"opened"
2026-05-01T19:48:30Z,XAUUSD,CLOSE,56487957936,56176359076,BUY,0.01,4614.51000,0.00000,0.00000,0.00000,0.00000,0.00,0,-1.20,"deal_close"
2026-05-01T19:50:57Z,XAUUSD,OPEN,56487988349,56176383474,SELL,0.01,4612.58000,4613.78000,4611.98000,4613.82140,4616.04388,33.68,17,0.00,"opened"
2026-05-01T19:52:10Z,XAUUSD,CLOSE,56487988349,56176393617,BUY,0.01,4611.98000,0.00000,0.00000,0.00000,0.00000,0.00,0,0.60,"deal_close"
2026-05-01T19:52:57Z,XAUUSD,OPEN,56488011764,56176406550,SELL,0.01,4609.78000,4610.98000,4609.18000,4612.77769,4615.16915,27.59,4,0.00,"opened"
2026-05-01T19:53:03Z,XAUUSD,CLOSE,56488011764,56176409600,BUY,0.01,4609.38000,0.00000,0.00000,0.00000,0.00000,0.00,0,0.38,"deal_close"
2026-05-01T19:56:57Z,XAUUSD,OPEN,56488058558,56176451513,SELL,0.01,4610.75000,4611.95000,4610.15000,4611.69600,4613.82238,34.31,17,0.00,"opened"
2026-05-01T19:57:24Z,XAUUSD,CLOSE,56488058558,56176456628,BUY,0.01,4610.10000,0.00000,0.00000,0.00000,0.00000,0.00,0,0.60,"deal_close"
2026-05-01T19:57:57Z,XAUUSD,OPEN,56488070808,56176463320,SELL,0.01,4609.22000,4610.42000,4608.62000,4611.20080,4613.40398,30.70,17,0.00,"opened"
2026-05-01T19:58:03Z,XAUUSD,CLOSE,56488070808,56176464363,BUY,0.01,4609.47000,0.00000,0.00000,0.00000,0.00000,0.00,0,0.02,"deal_close"
2026-05-03T22:41:56Z,XAUUSD,OPEN,56488689165,56177110535,BUY,0.01,4628.06000,4626.86000,4628.66000,4625.39138,4623.34689,66.15,18,0.00,"opened"
2026-05-03T22:43:25Z,XAUUSD,CLOSE,56488689165,56177121129,SELL,0.01,4628.66000,0.00000,0.00000,0.00000,0.00000,0.00,0,0.60,"deal_close"
2026-05-03T22:43:56Z,XAUUSD,OPEN,56488705181,56177126327,BUY,0.01,4629.13000,4627.93000,4629.73000,4626.38328,4624.17082,67.09,25,0.00,"opened"
2026-05-03T22:44:26Z,XAUUSD,CLOSE,56488705181,56177130040,SELL,0.01,4627.93000,0.00000,0.00000,0.00000,0.00000,0.00,0,-1.22,"deal_close"
2026-05-03T22:45:56Z,XAUUSD,OPEN,56488719693,56177140513,BUY,0.01,4628.81000,4627.61000,4629.41000,4627.09810,4624.89704,65.02,25,0.00,"opened"
2026-05-03T22:47:07Z,XAUUSD,CLOSE,56488719693,56177146969,SELL,0.01,4628.89000,0.00000,0.00000,0.00000,0.00000,0.00,0,0.02,"deal_close"
2026-05-03T22:51:56Z,XAUUSD,OPEN,56488761783,56177182191,BUY,0.01,4627.32000,4626.12000,4627.92000,4627.07123,4625.87888,57.68,25,0.00,"opened"
2026-05-03T22:51:59Z,XAUUSD,CLOSE,56488761783,56177182573,SELL,0.01,4626.12000,0.00000,0.00000,0.00000,0.00000,0.00,0,-1.20,"deal_close"
2026-05-03T22:54:56Z,XAUUSD,OPEN,56488794893,56177214955,SELL,0.01,4619.82000,4621.02000,4619.22000,4624.23343,4624.77062,35.05,20,0.00,"opened"
2026-05-03T22:55:03Z,XAUUSD,CLOSE,56488794893,56177216289,BUY,0.01,4619.81000,0.00000,0.00000,0.00000,0.00000,0.00,0,0.02,"deal_close"
2026-05-03T22:55:55Z,XAUUSD,OPEN,56488804277,56177224254,SELL,0.01,4619.79000,4620.99000,4619.19000,4623.34674,4624.31875,35.00,25,0.00,"opened"
2026-05-03T22:56:18Z,XAUUSD,CLOSE,56488804277,56177228316,BUY,0.01,4619.53000,0.00000,0.00000,0.00000,0.00000,0.00,0,0.32,"deal_close"
2026-05-03T22:58:56Z,XAUUSD,OPEN,56488825407,56177245006,SELL,0.01,4618.60000,4619.80000,4618.00000,4621.49753,4623.15097,33.05,25,0.00,"opened"
2026-05-03T22:59:21Z,XAUUSD,CLOSE,56488825407,56177247663,BUY,0.01,4619.80000,0.00000,0.00000,0.00000,0.00000,0.00,0,-1.20,"deal_close"
2026-05-03T23:00:55Z,XAUUSD,OPEN,56488841774,56177260888,SELL,0.01,4616.98000,4618.18000,4616.38000,4620.16242,4622.23039,29.81,25,0.00,"opened"
2026-05-03T23:00:56Z,XAUUSD,CLOSE,56488841774,56177261256,BUY,0.01,4616.38000,0.00000,0.00000,0.00000,0.00000,0.00,0,0.08,"deal_close"
2026-05-03T23:02:55Z,XAUUSD,OPEN,56488863881,56177282550,SELL,0.01,4616.24000,4617.44000,4615.64000,4619.03995,4621.34032,30.83,25,0.00,"opened"
2026-05-03T23:03:08Z,XAUUSD,CLOSE,56488863881,56177284514,BUY,0.01,4617.44000,0.00000,0.00000,0.00000,0.00000,0.00,0,-1.20,"deal_close"
2026-05-03T23:07:57Z,XAUUSD,OPEN,56488897113,56177315135,SELL,0.01,4617.31000,4618.51000,4616.71000,4618.79921,4620.36792,37.59,20,0.00,"opened"
2026-05-03T23:08:07Z,XAUUSD,CLOSE,56488897113,56177317122,BUY,0.01,4617.29000,0.00000,0.00000,0.00000,0.00000,0.00,0,0.02,"deal_close"
2026-05-03T23:08:57Z,XAUUSD,OPEN,56488910188,56177328122,SELL,0.01,4614.82000,4616.02000,4614.22000,4618.00737,4619.86538,32.03,25,0.00,"opened"
2026-05-03T23:10:28Z,XAUUSD,CLOSE,56488910188,56177340023,BUY,0.01,4614.22000,0.00000,0.00000,0.00000,0.00000,0.00,0,0.60,"deal_close"
2026-05-03T23:10:57Z,XAUUSD,OPEN,56488926801,56177344578,SELL,0.01,4614.87000,4616.07000,4614.27000,4616.96912,4619.04552,33.29,25,0.00,"opened"
2026-05-03T23:11:09Z,XAUUSD,CLOSE,56488926801,56177346665,BUY,0.01,4616.07000,0.00000,0.00000,0.00000,0.00000,0.00,0,-0.82,"deal_close"
2026-05-03T23:11:57Z,XAUUSD,OPEN,56488936544,56177354172,SELL,0.01,4613.77000,4614.97000,4613.17000,4616.32929,4618.56593,30.93,25,0.00,"opened"
2026-05-03T23:12:33Z,XAUUSD,CLOSE,56488936544,56177358274,BUY,0.01,4613.54000,0.00000,0.00000,0.00000,0.00000,0.00,0,0.23,"deal_close"
2026-05-03T23:12:57Z,XAUUSD,OPEN,56488945770,56177363372,SELL,0.01,4611.95000,4613.15000,4611.35000,4615.45343,4617.96448,27.46,25,0.00,"opened"
2026-05-03T23:13:25Z,XAUUSD,CLOSE,56488945770,56177367492,BUY,0.01,4613.15000,0.00000,0.00000,0.00000,0.00000,0.00,0,-1.24,"deal_close"
2026-05-03T23:15:57Z,XAUUSD,OPEN,56488969934,56177387112,SELL,0.01,4613.73000,4614.93000,4613.13000,4614.77720,4616.99060,37.44,25,0.00,"opened"
2026-05-03T23:16:41Z,XAUUSD,CLOSE,56488969934,56177390829,BUY,0.01,4614.93000,0.00000,0.00000,0.00000,0.00000,0.00,0,-1.20,"deal_close"
2026-05-03T23:21:57Z,XAUUSD,OPEN,56489010489,56177426549,SELL,0.01,4614.43000,4615.63000,4613.83000,4615.33667,4616.39578,40.91,25,0.00,"opened"
2026-05-03T23:22:18Z,XAUUSD,CLOSE,56489010489,56177428935,BUY,0.01,4614.41000,0.00000,0.00000,0.00000,0.00000,0.00,0,0.02,"deal_close"
2026-05-03T23:22:57Z,XAUUSD,OPEN,56489016064,56177432014,SELL,0.01,4614.18000,4615.38000,4613.58000,4615.10733,4616.19525,40.27,25,0.00,"opened"
2026-05-03T23:23:24Z,XAUUSD,CLOSE,56489016064,56177434970,BUY,0.01,4615.38000,0.00000,0.00000,0.00000,0.00000,0.00,0,-1.20,"deal_close"
2026-05-03T23:27:57Z,XAUUSD,OPEN,56489045348,56177460178,SELL,0.01,4615.62000,4616.82000,4615.02000,4615.78010,4616.16039,46.01,25,0.00,"opened"
2026-05-03T23:29:30Z,XAUUSD,CLOSE,56489045348,56177466059,BUY,0.01,4616.82000,0.00000,0.00000,0.00000,0.00000,0.00,0,-1.20,"deal_close"
2026-05-03T23:32:57Z,XAUUSD,OPEN,56489073871,56177487240,BUY,0.01,4618.14000,4616.94000,4618.74000,4616.63825,4616.45645,55.48,25,0.00,"opened"
2026-05-03T23:33:10Z,XAUUSD,CLOSE,56489073871,56177489449,SELL,0.01,4618.16000,0.00000,0.00000,0.00000,0.00000,0.00,0,0.02,"deal_close"
2026-05-03T23:34:57Z,XAUUSD,OPEN,56489086873,56177499762,BUY,0.01,4617.80000,4616.60000,4618.40000,4616.87688,4616.59996,53.56,25,0.00,"opened"
2026-05-03T23:35:18Z,XAUUSD,CLOSE,56489086873,56177501100,SELL,0.01,4617.82000,0.00000,0.00000,0.00000,0.00000,0.00,0,0.02,"deal_close"
2026-05-03T23:35:57Z,XAUUSD,OPEN,56489091984,56177504656,BUY,0.01,4618.04000,4616.84000,4618.64000,4617.05950,4616.70815,54.56,25,0.00,"opened"
2026-05-03T23:36:45Z,XAUUSD,CLOSE,56489091984,56177508596,SELL,0.01,4618.25000,0.00000,0.00000,0.00000,0.00000,0.00,0,0.19,"deal_close"
2026-05-03T23:36:57Z,XAUUSD,OPEN,56489096849,56177509368,BUY,0.01,4618.49000,4617.29000,4619.09000,4617.30160,4616.85013,56.59,19,0.00,"opened"
2026-05-03T23:37:13Z,XAUUSD,CLOSE,56489096849,56177510675,SELL,0.01,4617.29000,0.00000,0.00000,0.00000,0.00000,0.00,0,-1.20,"deal_close"
2026-05-03T23:38:57Z,XAUUSD,OPEN,56489106316,56177518379,BUY,0.01,4617.82000,4616.62000,4618.42000,4617.34903,4616.94953,52.87,24,0.00,"opened"
2026-05-03T23:39:02Z,XAUUSD,CLOSE,56489106316,56177518561,SELL,0.01,4617.90000,0.00000,0.00000,0.00000,0.00000,0.00,0,0.15,"deal_close"
2026-05-03T23:40:57Z,XAUUSD,OPEN,56489120425,56177532054,SELL,0.01,4614.08000,4615.28000,4613.48000,4616.28738,4616.51102,38.79,25,0.00,"opened"
2026-05-03T23:44:14Z,XAUUSD,CLOSE,56489120425,56177549051,BUY,0.01,4613.48000,0.00000,0.00000,0.00000,0.00000,0.00,0,0.60,"deal_close"
2026-05-03T23:44:57Z,XAUUSD,OPEN,56489143091,56177554199,SELL,0.01,4613.45000,4614.65000,4612.85000,4614.94094,4615.73030,37.13,25,0.00,"opened"
2026-05-03T23:44:58Z,XAUUSD,CLOSE,56489143091,56177554406,BUY,0.01,4612.85000,0.00000,0.00000,0.00000,0.00000,0.00,0,0.56,"deal_close"
2026-05-03T23:45:57Z,XAUUSD,OPEN,56489153256,56177563972,SELL,0.01,4611.93000,4613.13000,4611.33000,4614.33875,4615.38481,32.05,25,0.00,"opened"
2026-05-03T23:45:59Z,XAUUSD,CLOSE,56489153256,56177564283,BUY,0.01,4613.13000,0.00000,0.00000,0.00000,0.00000,0.00,0,-1.20,"deal_close"
2026-05-03T23:48:57Z,XAUUSD,OPEN,56489175087,56177585073,SELL,0.01,4614.39000,4615.59000,4613.79000,4614.52184,4615.21826,45.46,25,0.00,"opened"
2026-05-03T23:49:16Z,XAUUSD,CLOSE,56489175087,56177586321,BUY,0.01,4615.59000,0.00000,0.00000,0.00000,0.00000,0.00,0,-1.20,"deal_close"
2026-05-03T23:49:57Z,XAUUSD,OPEN,56489179484,56177589115,SELL,0.01,4614.26000,4615.46000,4613.66000,4614.48547,4615.13842,45.28,25,0.00,"opened"
2026-05-03T23:50:34Z,XAUUSD,CLOSE,56489179484,56177591346,BUY,0.01,4613.66000,0.00000,0.00000,0.00000,0.00000,0.00,0,0.60,"deal_close"
2026-05-03T23:50:57Z,XAUUSD,OPEN,56489184130,56177593483,SELL,0.01,4613.58000,4614.78000,4612.98000,4614.30438,4614.99674,42.46,27,0.00,"opened"
2026-05-03T23:51:12Z,XAUUSD,CLOSE,56489184130,56177594624,BUY,0.01,4614.78000,0.00000,0.00000,0.00000,0.00000,0.00,0,-1.19,"deal_close"
2026-05-03T23:55:57Z,XAUUSD,OPEN,56489209436,56177616886,BUY,0.01,4616.61000,4615.41000,4617.21000,4615.59150,4615.45193,53.79,25,0.00,"opened"
2026-05-03T23:56:16Z,XAUUSD,CLOSE,56489209436,56177618642,SELL,0.01,4616.86000,0.00000,0.00000,0.00000,0.00000,0.00,0,0.25,"deal_close"
2026-05-03T23:56:57Z,XAUUSD,OPEN,56489216059,56177623139,BUY,0.01,4617.03000,4615.83000,4617.63000,4615.83120,4615.57357,55.76,25,0.00,"opened"
2026-05-03T23:57:28Z,XAUUSD,CLOSE,56489216059,56177625575,SELL,0.01,4615.83000,0.00000,0.00000,0.00000,0.00000,0.00,0,-1.20,"deal_close"
2026-05-03T23:58:57Z,XAUUSD,OPEN,56489231115,56177637221,SELL,0.01,4612.36000,4613.56000,4611.76000,4614.96077,4615.21171,37.96,25,0.00,"opened"
2026-05-03T23:59:15Z,XAUUSD,CLOSE,56489231115,56177639997,BUY,0.01,4613.56000,0.00000,0.00000,0.00000,0.00000,0.00,0,-1.20,"deal_close"
2026-05-04T00:00:57Z,XAUUSD,OPEN,56489255289,56177659853,SELL,0.01,4610.38000,4611.58000,4609.78000,4613.87169,4614.66241,35.21,29,0.00,"opened"
2026-05-04T00:01:03Z,XAUUSD,CLOSE,56489255289,56177660993,BUY,0.01,4609.88000,0.00000,0.00000,0.00000,0.00000,0.00,0,0.60,"deal_close"
2026-05-04T00:01:57Z,XAUUSD,OPEN,56489274867,56177679536,SELL,0.01,4606.35000,4607.55000,4605.75000,4612.36735,4613.90673,27.87,25,0.00,"opened"
2026-05-04T00:02:01Z,XAUUSD,CLOSE,56489274867,56177681210,BUY,0.01,4605.84000,0.00000,0.00000,0.00000,0.00000,0.00,0,0.60,"deal_close"
2026-05-04T00:03:57Z,XAUUSD,OPEN,56489298135,56177702128,SELL,0.01,4605.81000,4607.01000,4605.21000,4610.29631,4612.65110,29.63,21,0.00,"opened"
2026-05-04T00:04:02Z,XAUUSD,CLOSE,56489298135,56177703198,BUY,0.01,4607.01000,0.00000,0.00000,0.00000,0.00000,0.00,0,-1.20,"deal_close"
2026-05-04T00:12:57Z,XAUUSD,OPEN,56489389528,56177788973,SELL,0.01,4610.74000,4611.94000,4610.14000,4612.55819,4612.73284,44.60,21,0.00,"opened"
2026-05-04T00:13:21Z,XAUUSD,CLOSE,56489389528,56177792501,BUY,0.01,4611.94000,0.00000,0.00000,0.00000,0.00000,0.00,0,-1.15,"deal_close"
2026-05-04T07:59:57Z,XAUUSD,OPEN,56494705494,56182902687,SELL,0.01,4578.96000,4580.16000,4578.36000,4582.17284,4584.05605,33.14,17,0.00,"opened"
2026-05-04T07:59:58Z,XAUUSD,CLOSE,56494705494,56182903275,BUY,0.01,4578.60000,0.00000,0.00000,0.00000,0.00000,0.00,0,0.60,"deal_close"
2026-05-04T08:00:57Z,XAUUSD,OPEN,56494733369,56182929533,SELL,0.01,4578.15000,4579.35000,4577.55000,4581.36827,4583.51914,31.60,17,0.00,"opened"
2026-05-04T08:01:02Z,XAUUSD,CLOSE,56494733369,56182931429,BUY,0.01,4579.35000,0.00000,0.00000,0.00000,0.00000,0.00,0,-1.31,"deal_close"
2026-05-04T08:02:57Z,XAUUSD,OPEN,56494773261,56182967854,SELL,0.01,4578.46000,4579.66000,4577.86000,4580.67849,4582.82251,36.32,4,0.00,"opened"
2026-05-04T08:03:41Z,XAUUSD,CLOSE,56494773261,56182979127,BUY,0.01,4577.98000,0.00000,0.00000,0.00000,0.00000,0.00,0,0.35,"deal_close"
2026-05-04T08:04:57Z,XAUUSD,OPEN,56494820043,56183013779,SELL,0.01,4575.50000,4576.70000,4574.90000,4579.31984,4581.81282,30.33,17,0.00,"opened"
2026-05-04T08:04:58Z,XAUUSD,CLOSE,56494820043,56183015801,BUY,0.01,4574.90000,0.00000,0.00000,0.00000,0.00000,0.00,0,0.61,"deal_close"
2026-05-04T08:05:57Z,XAUUSD,OPEN,56494848687,56183042210,SELL,0.01,4575.21000,4576.41000,4574.61000,4578.49387,4581.21074,29.82,17,0.00,"opened"
2026-05-04T08:06:30Z,XAUUSD,CLOSE,56494848687,56183051003,BUY,0.01,4575.16000,0.00000,0.00000,0.00000,0.00000,0.00,0,0.02,"deal_close"
2026-05-04T08:08:57Z,XAUUSD,OPEN,56494899824,56183091274,SELL,0.01,4577.48000,4578.68000,4576.88000,4577.86022,4580.19401,39.27,17,0.00,"opened"
2026-05-04T08:09:01Z,XAUUSD,CLOSE,56494899824,56183092296,BUY,0.01,4576.87000,0.00000,0.00000,0.00000,0.00000,0.00,0,0.60,"deal_close"
2026-05-04T08:11:57Z,XAUUSD,OPEN,56494946957,56183136277,SELL,0.01,4577.91000,4579.11000,4577.31000,4578.16995,4579.78048,41.57,17,0.00,"opened"
2026-05-04T08:12:00Z,XAUUSD,CLOSE,56494946957,56183137077,BUY,0.01,4578.02000,0.00000,0.00000,0.00000,0.00000,0.00,0,0.02,"deal_close"
2026-05-04T08:16:57Z,XAUUSD,OPEN,56495025481,56183211759,SELL,0.01,4575.33000,4576.53000,4574.73000,4578.10874,4579.20485,36.68,17,0.00,"opened"
2026-05-04T08:17:01Z,XAUUSD,CLOSE,56495025481,56183212986,BUY,0.01,4576.53000,0.00000,0.00000,0.00000,0.00000,0.00,0,-1.18,"deal_close"
2026-05-04T08:18:57Z,XAUUSD,OPEN,56495056009,56183241072,SELL,0.01,4575.19000,4576.39000,4574.59000,4577.12479,4578.54268,36.73,17,0.00,"opened"
2026-05-04T08:19:33Z,XAUUSD,CLOSE,56495056009,56183248472,BUY,0.01,4574.90000,0.00000,0.00000,0.00000,0.00000,0.00,0,0.29,"deal_close"
2026-05-04T08:23:57Z,XAUUSD,OPEN,56495124772,56183306841,SELL,0.01,4576.77000,4577.97000,4576.17000,4577.09256,4577.97671,43.14,17,0.00,"opened"
2026-05-04T08:23:59Z,XAUUSD,CLOSE,56495124772,56183307142,BUY,0.01,4577.97000,0.00000,0.00000,0.00000,0.00000,0.00,0,-1.21,"deal_close"
2026-05-04T08:27:57Z,XAUUSD,OPEN,56495183928,56183363349,SELL,0.01,4576.33000,4577.53000,4575.73000,4577.28593,4577.82326,42.74,17,0.00,"opened"
2026-05-04T08:28:10Z,XAUUSD,CLOSE,56495183928,56183367003,BUY,0.01,4576.15000,0.00000,0.00000,0.00000,0.00000,0.00,0,0.22,"deal_close"
2026-05-04T08:29:57Z,XAUUSD,OPEN,56495215098,56183393346,SELL,0.01,4575.02000,4576.22000,4574.42000,4576.73379,4577.47253,39.17,17,0.00,"opened"
2026-05-04T08:30:04Z,XAUUSD,CLOSE,56495215098,56183395580,BUY,0.01,4574.69000,0.00000,0.00000,0.00000,0.00000,0.00,0,0.31,"deal_close"
2026-05-04T08:36:57Z,XAUUSD,OPEN,56495321192,56183495484,SELL,0.01,4576.04000,4577.24000,4575.44000,4576.85993,4577.20140,43.97,17,0.00,"opened"
2026-05-04T08:37:13Z,XAUUSD,CLOSE,56495321192,56183499063,BUY,0.01,4577.24000,0.00000,0.00000,0.00000,0.00000,0.00,0,-1.22,"deal_close"
2026-05-04T08:38:57Z,XAUUSD,OPEN,56495345639,56183518964,SELL,0.01,4576.02000,4577.22000,4575.42000,4576.75116,4577.09636,44.60,17,0.00,"opened"
2026-05-04T08:39:07Z,XAUUSD,CLOSE,56495345639,56183521205,BUY,0.01,4577.22000,0.00000,0.00000,0.00000,0.00000,0.00,0,-1.20,"deal_close"
2026-05-04T08:40:57Z,XAUUSD,OPEN,56495378328,56183550651,BUY,0.01,4580.85000,4579.65000,4581.45000,4577.91914,4577.59104,59.64,17,0.00,"opened"
2026-05-04T08:41:11Z,XAUUSD,CLOSE,56495378328,56183554960,SELL,0.01,4579.65000,0.00000,0.00000,0.00000,0.00000,0.00,0,-1.41,"deal_close"
2026-05-04T08:50:57Z,XAUUSD,OPEN,56495499132,56183666801,BUY,0.01,4579.24000,4578.04000,4579.84000,4578.23283,4578.05924,54.40,17,0.00,"opened"
2026-05-04T08:51:03Z,XAUUSD,CLOSE,56495499132,56183668585,SELL,0.01,4579.25000,0.00000,0.00000,0.00000,0.00000,0.00,0,0.02,"deal_close"
2026-05-04T08:55:57Z,XAUUSD,OPEN,56495556647,56183722297,BUY,0.01,4578.92000,4577.72000,4579.52000,4578.20082,4578.09141,52.94,17,0.00,"opened"
2026-05-04T08:56:05Z,XAUUSD,CLOSE,56495556647,56183723578,SELL,0.01,4579.07000,0.00000,0.00000,0.00000,0.00000,0.00,0,0.15,"deal_close"
2026-05-04T08:56:57Z,XAUUSD,OPEN,56495568524,56183733595,BUY,0.01,4579.30000,4578.10000,4579.90000,4578.39265,4578.18856,54.68,17,0.00,"opened"
2026-05-04T08:57:03Z,XAUUSD,CLOSE,56495568524,56183735094,SELL,0.01,4579.42000,0.00000,0.00000,0.00000,0.00000,0.00,0,0.19,"deal_close"
2026-05-04T08:58:57Z,XAUUSD,OPEN,56495592158,56183756450,SELL,0.01,4576.38000,4577.58000,4575.78000,4577.86330,4577.97550,42.97,17,0.00,"opened"
2026-05-04T08:59:40Z,XAUUSD,CLOSE,56495592158,56183764429,BUY,0.01,4576.21000,0.00000,0.00000,0.00000,0.00000,0.00,0,0.20,"deal_close"
2026-05-04T09:01:57Z,XAUUSD,OPEN,56495631435,56183793704,SELL,0.01,4577.42000,4578.62000,4576.82000,4577.66809,4577.84457,47.83,17,0.00,"opened"
2026-05-04T09:02:01Z,XAUUSD,CLOSE,56495631435,56183794572,BUY,0.01,4578.62000,0.00000,0.00000,0.00000,0.00000,0.00,0,-1.19,"deal_close"
2026-05-04T09:02:57Z,XAUUSD,OPEN,56495650444,56183812065,BUY,0.01,4579.48000,4578.28000,4580.08000,4577.99647,4577.97779,55.51,17,0.00,"opened"
2026-05-04T09:03:06Z,XAUUSD,CLOSE,56495650444,56183814171,SELL,0.01,4580.09000,0.00000,0.00000,0.00000,0.00000,0.00,0,0.60,"deal_close"
2026-05-04T09:04:57Z,XAUUSD,OPEN,56495678481,56183839190,BUY,0.01,4580.92000,4579.72000,4581.52000,4578.70454,4578.31264,60.21,17,0.00,"opened"
2026-05-04T09:06:42Z,XAUUSD,CLOSE,56495678481,56183862649,SELL,0.01,4579.72000,0.00000,0.00000,0.00000,0.00000,0.00,0,-1.19,"deal_close"
2026-05-04T09:06:57Z,XAUUSD,OPEN,56495705934,56183865821,BUY,0.01,4580.89000,4579.69000,4581.49000,4579.36611,4578.69739,59.54,17,0.00,"opened"
2026-05-04T09:07:01Z,XAUUSD,CLOSE,56495705934,56183867024,SELL,0.01,4581.01000,0.00000,0.00000,0.00000,0.00000,0.00,0,0.18,"deal_close"
2026-05-04T09:07:57Z,XAUUSD,OPEN,56495723156,56183882647,BUY,0.01,4580.92000,4579.72000,4581.52000,4579.64489,4578.88490,59.68,16,0.00,"opened"
2026-05-04T09:08:04Z,XAUUSD,CLOSE,56495723156,56183884011,SELL,0.01,4581.05000,0.00000,0.00000,0.00000,0.00000,0.00,0,0.26,"deal_close"
2026-05-04T09:10:57Z,XAUUSD,OPEN,56495761552,56183919844,BUY,0.01,4580.54000,4579.34000,4581.14000,4579.92978,4579.21731,57.23,19,0.00,"opened"
2026-05-04T09:13:38Z,XAUUSD,CLOSE,56495761552,56183949273,SELL,0.01,4580.72000,0.00000,0.00000,0.00000,0.00000,0.00,0,0.18,"deal_close"
2026-05-04T09:13:57Z,XAUUSD,OPEN,56495795487,56183952826,BUY,0.01,4581.79000,4580.59000,4582.39000,4580.44837,4579.64691,63.03,17,0.00,"opened"
2026-05-04T09:14:07Z,XAUUSD,CLOSE,56495795487,56183956774,SELL,0.01,4582.38000,0.00000,0.00000,0.00000,0.00000,0.00,0,0.60,"deal_close"
2026-05-04T09:14:57Z,XAUUSD,OPEN,56495818419,56183975414,BUY,0.01,4584.27000,4583.07000,4584.87000,4581.17869,4580.05173,71.38,17,0.00,"opened"
2026-05-04T09:15:01Z,XAUUSD,CLOSE,56495818419,56183977201,SELL,0.01,4584.27000,0.00000,0.00000,0.00000,0.00000,0.00,0,0.02,"deal_close"
2026-05-04T09:16:57Z,XAUUSD,OPEN,56495848904,56184005120,BUY,0.01,4582.67000,4581.47000,4583.27000,4581.58876,4580.44276,61.04,17,0.00,"opened"
2026-05-04T09:18:20Z,XAUUSD,CLOSE,56495848904,56184020848,SELL,0.01,4583.27000,0.00000,0.00000,0.00000,0.00000,0.00,0,0.60,"deal_close"
2026-05-04T09:18:57Z,XAUUSD,OPEN,56495873961,56184029182,BUY,0.01,4582.91000,4581.71000,4583.51000,4581.98881,4580.83401,61.90,17,0.00,"opened"
2026-05-04T09:20:35Z,XAUUSD,CLOSE,56495873961,56184048665,SELL,0.01,4583.14000,0.00000,0.00000,0.00000,0.00000,0.00,0,0.23,"deal_close"
2026-05-04T09:20:57Z,XAUUSD,OPEN,56495898141,56184052711,BUY,0.01,4583.24000,4582.04000,4583.84000,4582.30444,4581.18406,62.96,17,0.00,"opened"
2026-05-04T09:21:41Z,XAUUSD,CLOSE,56495898141,56184060248,SELL,0.01,4582.04000,0.00000,0.00000,0.00000,0.00000,0.00,0,-1.20,"deal_close"
2026-05-04T09:29:57Z,XAUUSD,OPEN,56496007615,56184157923,BUY,0.01,4581.50000,4580.30000,4582.10000,4581.27472,4581.16021,52.60,17,0.00,"opened"
2026-05-04T09:33:42Z,XAUUSD,CLOSE,56496007615,56184195482,SELL,0.01,4582.15000,0.00000,0.00000,0.00000,0.00000,0.00,0,0.60,"deal_close"
2026-05-04T09:33:57Z,XAUUSD,OPEN,56496050145,56184198896,BUY,0.01,4582.10000,4580.90000,4582.70000,4581.33513,4581.21095,56.12,17,0.00,"opened"
2026-05-04T09:34:14Z,XAUUSD,CLOSE,56496050145,56184203434,SELL,0.01,4582.38000,0.00000,0.00000,0.00000,0.00000,0.00,0,0.29,"deal_close"
2026-05-04T09:34:57Z,XAUUSD,OPEN,56496063845,56184212232,BUY,0.01,4582.61000,4581.41000,4583.21000,4581.55811,4581.32359,59.08,17,0.00,"opened"
2026-05-04T09:35:05Z,XAUUSD,CLOSE,56496063845,56184214436,SELL,0.01,4583.21000,0.00000,0.00000,0.00000,0.00000,0.00,0,0.60,"deal_close"
2026-05-04T09:35:59Z,XAUUSD,OPEN,56496080635,56184228634,BUY,0.01,4584.14000,4582.94000,4584.74000,4582.04049,4581.56418,66.25,17,0.00,"opened"
2026-05-04T09:38:59Z,XAUUSD,OPEN,56496121834,56184268925,BUY,0.01,4584.07000,4582.87000,4584.67000,4582.80489,4582.06685,64.23,17,0.00,"opened"
2026-05-04T09:40:35Z,XAUUSD,CLOSE,56496121834,56184285153,SELL,0.01,4584.09000,0.00000,0.00000,0.00000,0.00000,0.00,0,0.02,"deal_close"
2026-05-04T09:42:59Z,XAUUSD,OPEN,56496166216,56184312192,BUY,0.01,4583.38000,4582.18000,4583.98000,4583.07439,4582.45749,57.37,18,0.00,"opened"
2026-05-04T09:43:56Z,XAUUSD,CLOSE,56496166216,56184321878,SELL,0.01,4582.18000,0.00000,0.00000,0.00000,0.00000,0.00,0,-1.20,"deal_close"
2026-05-04T09:46:59Z,XAUUSD,OPEN,56496220630,56184365374,SELL,0.01,4580.66000,4581.86000,4580.06000,4582.07933,4582.14117,41.47,17,0.00,"opened"
2026-05-04T09:47:45Z,XAUUSD,CLOSE,56496220630,56184374392,BUY,0.01,4581.86000,0.00000,0.00000,0.00000,0.00000,0.00,0,-1.21,"deal_close"
2026-05-04T09:50:59Z,XAUUSD,OPEN,56496264638,56184407724,SELL,0.01,4581.19000,4582.39000,4580.59000,4581.76137,4581.95389,45.48,17,0.00,"opened"
2026-05-04T09:51:33Z,XAUUSD,CLOSE,56496264638,56184415731,BUY,0.01,4580.56000,0.00000,0.00000,0.00000,0.00000,0.00,0,0.60,"deal_close"
2026-05-04T09:51:59Z,XAUUSD,OPEN,56496281191,56184424100,SELL,0.01,4578.95000,4580.15000,4578.35000,4581.19910,4581.68081,35.24,17,0.00,"opened"
2026-05-04T09:52:33Z,XAUUSD,CLOSE,56496281191,56184434868,BUY,0.01,4578.33000,0.00000,0.00000,0.00000,0.00000,0.00,0,0.60,"deal_close"
2026-05-04T09:52:59Z,XAUUSD,OPEN,56496300087,56184442745,SELL,0.01,4578.35000,4579.55000,4577.75000,4580.62928,4581.37801,33.09,19,0.00,"opened"
2026-05-04T09:53:08Z,XAUUSD,CLOSE,56496300087,56184445497,BUY,0.01,4579.55000,0.00000,0.00000,0.00000,0.00000,0.00,0,-1.23,"deal_close"
2026-05-04T09:54:59Z,XAUUSD,OPEN,56496325178,56184467201,SELL,0.01,4579.21000,4580.41000,4578.61000,4580.12794,4581.00670,38.96,17,0.00,"opened"
2026-05-04T09:55:23Z,XAUUSD,CLOSE,56496325178,56184471000,BUY,0.01,4579.18000,0.00000,0.00000,0.00000,0.00000,0.00,0,0.02,"deal_close"
2026-05-04T09:55:59Z,XAUUSD,OPEN,56496334723,56184476395,SELL,0.01,4579.13000,4580.33000,4578.53000,4579.92835,4580.83609,38.61,17,0.00,"opened"
2026-05-04T09:56:32Z,XAUUSD,CLOSE,56496334723,56184481551,BUY,0.01,4578.52000,0.00000,0.00000,0.00000,0.00000,0.00,0,0.60,"deal_close"
2026-05-04T09:56:59Z,XAUUSD,OPEN,56496348358,56184489728,SELL,0.01,4577.64000,4578.84000,4577.04000,4579.47268,4580.54645,32.69,17,0.00,"opened"
2026-05-04T09:57:45Z,XAUUSD,CLOSE,56496348358,56184500049,BUY,0.01,4577.04000,0.00000,0.00000,0.00000,0.00000,0.00,0,0.60,"deal_close"
2026-05-04T09:57:59Z,XAUUSD,OPEN,56496367198,56184508725,SELL,0.01,4574.78000,4575.98000,4574.18000,4578.54014,4580.02495,24.83,17,0.00,"opened"
2026-05-04T09:58:07Z,XAUUSD,CLOSE,56496367198,56184513850,BUY,0.01,4574.12000,0.00000,0.00000,0.00000,0.00000,0.00,0,0.60,"deal_close"
2026-05-04T09:58:59Z,XAUUSD,OPEN,56496397696,56184539279,SELL,0.01,4574.50000,4575.70000,4573.90000,4577.73212,4579.52268,24.14,17,0.00,"opened"
2026-05-04T09:59:12Z,XAUUSD,CLOSE,56496397696,56184542935,BUY,0.01,4575.70000,0.00000,0.00000,0.00000,0.00000,0.00,0,-1.20,"deal_close"
2026-05-04T10:00:59Z,XAUUSD,OPEN,56496437222,56184577398,SELL,0.01,4574.17000,4575.37000,4573.57000,4576.64975,4578.69701,27.07,17,0.00,"opened"
2026-05-04T10:01:04Z,XAUUSD,CLOSE,56496437222,56184578997,BUY,0.01,4573.70000,0.00000,0.00000,0.00000,0.00000,0.00,0,0.60,"deal_close"
2026-05-04T10:01:59Z,XAUUSD,OPEN,56496473590,56184613450,SELL,0.01,4570.41000,4571.61000,4569.81000,4575.40180,4577.94365,20.17,17,0.00,"opened"
2026-05-04T10:02:00Z,XAUUSD,CLOSE,56496473590,56184614553,BUY,0.01,4569.81000,0.00000,0.00000,0.00000,0.00000,0.00,0,-0.07,"deal_close"
2026-05-04T10:02:59Z,XAUUSD,OPEN,56496528321,56184669041,SELL,0.01,4567.26000,4568.46000,4566.66000,4573.77344,4576.97241,16.39,17,0.00,"opened"
2026-05-04T10:03:00Z,XAUUSD,CLOSE,56496528321,56184669511,BUY,0.01,4566.71000,0.00000,0.00000,0.00000,0.00000,0.00,0,0.60,"deal_close"
2026-05-04T10:03:59Z,XAUUSD,OPEN_FAIL,0,0,SELL,0.01,4556.31000,4557.51000,4555.71000,4570.28475,4575.09582,9.65,4,0.00,"invalid stops"
2026-05-04T10:03:59Z,XAUUSD,OPEN,56496594683,56184736015,SELL,0.01,4555.39000,4556.59000,4554.79000,4570.28475,4575.09582,9.65,21,0.00,"opened"
2026-05-04T10:04:02Z,XAUUSD,CLOSE,56496594683,56184744038,BUY,0.01,4554.79000,0.00000,0.00000,0.00000,0.00000,0.00,0,1.33,"deal_close"
2026-05-04T10:05:59Z,XAUUSD,OPEN,56496736964,56184878531,SELL,0.01,4551.37000,4552.57000,4550.77000,4564.89144,4571.70952,16.46,4,0.00,"opened"
2026-05-04T10:05:59Z,XAUUSD,CLOSE,56496736964,56184878606,BUY,0.01,4550.77000,0.00000,0.00000,0.00000,0.00000,0.00,0,0.60,"deal_close"
2026-05-04T10:06:59Z,XAUUSD,OPEN,56496797086,56184937948,SELL,0.01,4546.04000,4547.24000,4545.44000,4561.13315,4569.38138,14.19,24,0.00,"opened"
2026-05-04T10:07:00Z,XAUUSD,CLOSE,56496797086,56184938604,BUY,0.01,4545.38000,0.00000,0.00000,0.00000,0.00000,0.00,0,0.60,"deal_close"
2026-05-04T10:08:59Z,XAUUSD,OPEN,56496883636,56185022918,SELL,0.01,4544.39000,4545.59000,4543.79000,4555.83362,4565.42007,18.22,17,0.00,"opened"
2026-05-04T10:09:00Z,XAUUSD,CLOSE,56496883636,56185023686,BUY,0.01,4544.72000,0.00000,0.00000,0.00000,0.00000,0.00,0,0.60,"deal_close"
2026-05-04T10:10:59Z,XAUUSD,OPEN,56496947729,56185084693,SELL,0.01,4547.13000,4548.33000,4546.53000,4552.74832,4562.27055,24.21,17,0.00,"opened"
2026-05-04T10:11:00Z,XAUUSD,CLOSE,56496947729,56185084840,BUY,0.01,4546.53000,0.00000,0.00000,0.00000,0.00000,0.00,0,0.41,"deal_close"
2026-05-04T10:11:59Z,XAUUSD,OPEN_FAIL,0,0,SELL,0.01,4544.73000,4545.93000,4544.13000,4551.15865,4560.68232,22.70,17,0.00,"invalid stops"
2026-05-04T10:12:00Z,XAUUSD,OPEN,56496978061,56185114046,SELL,0.01,4543.95000,4545.15000,4543.35000,4551.15865,4560.68232,22.70,4,0.00,"opened"
2026-05-04T10:12:03Z,XAUUSD,CLOSE,56496978061,56185115178,BUY,0.01,4543.35000,0.00000,0.00000,0.00000,0.00000,0.00,0,0.05,"deal_close"
2026-05-04T10:12:59Z,XAUUSD,OPEN,56497037010,56185173218,SELL,0.01,4542.13000,4543.33000,4541.53000,4549.34292,4558.99120,21.04,4,0.00,"opened"
2026-05-04T10:13:00Z,XAUUSD,CLOSE,56497037010,56185173767,BUY,0.01,4543.33000,0.00000,0.00000,0.00000,0.00000,0.00,0,-1.10,"deal_close"
2026-05-04T10:13:59Z,XAUUSD,OPEN,56497066723,56185201904,SELL,0.01,4539.00000,4540.20000,4538.40000,4547.27434,4557.17382,19.33,17,0.00,"opened"
2026-05-04T10:14:02Z,XAUUSD,CLOSE,56497066723,56185203783,BUY,0.01,4538.40000,0.00000,0.00000,0.00000,0.00000,0.00,0,0.28,"deal_close"
2026-05-04T10:15:59Z,XAUUSD,OPEN,56497138924,56185272160,SELL,0.01,4539.96000,4541.16000,4539.36000,4545.00598,4554.37473,24.58,18,0.00,"opened"
2026-05-04T10:16:01Z,XAUUSD,CLOSE,56497138924,56185273208,BUY,0.01,4539.36000,0.00000,0.00000,0.00000,0.00000,0.00,0,0.64,"deal_close"
2026-05-04T10:17:59Z,XAUUSD,OPEN,56497195976,56185327279,SELL,0.01,4539.91000,4541.11000,4539.31000,4543.43222,4551.99903,26.55,16,0.00,"opened"
2026-05-04T10:18:00Z,XAUUSD,CLOSE,56497195976,56185327491,BUY,0.01,4539.31000,0.00000,0.00000,0.00000,0.00000,0.00,0,0.36,"deal_close"
2026-05-04T10:18:59Z,XAUUSD,OPEN,56497240679,56185370864,SELL,0.01,4539.38000,4540.58000,4538.78000,4542.62178,4550.85185,26.13,17,0.00,"opened"
2026-05-04T10:19:05Z,XAUUSD,CLOSE,56497240679,56185373247,BUY,0.01,4538.95000,0.00000,0.00000,0.00000,0.00000,0.00,0,0.60,"deal_close"
2026-05-04T10:19:59Z,XAUUSD,OPEN,56497276012,56185405226,SELL,0.01,4538.14000,4539.34000,4537.54000,4541.72542,4549.69622,25.14,17,0.00,"opened"
2026-05-04T10:20:10Z,XAUUSD,CLOSE,56497276012,56185409277,BUY,0.01,4539.34000,0.00000,0.00000,0.00000,0.00000,0.00,0,-1.19,"deal_close"
2026-05-04T10:20:59Z,XAUUSD,OPEN,56497300066,56185428326,SELL,0.01,4537.90000,4539.10000,4537.30000,4540.96034,4548.62384,24.94,17,0.00,"opened"
2026-05-04T10:21:03Z,XAUUSD,CLOSE,56497300066,56185429537,BUY,0.01,4537.93000,0.00000,0.00000,0.00000,0.00000,0.00,0,0.02,"deal_close"
2026-05-04T10:21:59Z,XAUUSD,OPEN,56497342501,56185470021,SELL,0.01,4533.00000,4534.20000,4532.40000,4539.36827,4547.20349,21.26,17,0.00,"opened"
2026-05-04T10:22:03Z,XAUUSD,CLOSE,56497342501,56185472145,BUY,0.01,4532.40000,0.00000,0.00000,0.00000,0.00000,0.00,0,0.85,"deal_close"
2026-05-04T10:50:58Z,XAUUSD,OPEN,56498176115,56186278291,BUY,0.01,4564.42000,4563.22000,4565.02000,4562.53047,4558.19023,70.82,22,0.00,"opened"
2026-05-04T10:51:08Z,XAUUSD,CLOSE,56498176115,56186282138,SELL,0.01,4565.02000,0.00000,0.00000,0.00000,0.00000,0.00,0,0.60,"deal_close"
2026-05-04T10:51:59Z,XAUUSD,OPEN,56498193604,56186295255,BUY,0.01,4564.50000,4563.30000,4565.10000,4563.17950,4559.25556,64.57,17,0.00,"opened"
2026-05-04T10:52:01Z,XAUUSD,CLOSE,56498193604,56186295620,SELL,0.01,4565.11000,0.00000,0.00000,0.00000,0.00000,0.00,0,0.60,"deal_close"
2026-05-04T10:53:59Z,XAUUSD,OPEN,56498235069,56186335733,BUY,0.01,4563.53000,4562.33000,4564.13000,4563.16568,4559.92732,61.21,17,0.00,"opened"
2026-05-04T10:54:02Z,XAUUSD,CLOSE,56498235069,56186336389,SELL,0.01,4564.13000,0.00000,0.00000,0.00000,0.00000,0.00,0,0.60,"deal_close"
2026-05-04T10:55:59Z,XAUUSD,OPEN,56498272913,56186372482,BUY,0.01,4563.23000,4562.03000,4563.83000,4562.95484,4560.38027,59.65,4,0.00,"opened"
2026-05-04T10:56:22Z,XAUUSD,CLOSE,56498272913,56186378493,SELL,0.01,4562.03000,0.00000,0.00000,0.00000,0.00000,0.00,0,-1.09,"deal_close"
2026-05-04T10:58:59Z,XAUUSD,OPEN,56498327950,56186426023,BUY,0.01,4563.67000,4562.47000,4564.27000,4562.81832,4560.93221,59.41,17,0.00,"opened"
2026-05-04T10:59:18Z,XAUUSD,CLOSE,56498327950,56186430383,SELL,0.01,4562.47000,0.00000,0.00000,0.00000,0.00000,0.00,0,-1.64,"deal_close"
2026-05-04T11:00:59Z,XAUUSD,OPEN,56498366783,56186463404,BUY,0.01,4566.21000,4565.01000,4566.81000,4563.45132,4561.54571,63.69,10,0.00,"opened"
2026-05-04T11:01:02Z,XAUUSD,CLOSE,56498366783,56186464495,SELL,0.01,4566.82000,0.00000,0.00000,0.00000,0.00000,0.00,0,0.60,"deal_close"
2026-05-04T11:01:59Z,XAUUSD,OPEN,56498393169,56186488770,BUY,0.01,4566.97000,4565.77000,4567.57000,4564.14706,4562.03519,65.10,17,0.00,"opened"
2026-05-04T11:02:01Z,XAUUSD,CLOSE,56498393169,56186489201,SELL,0.01,4567.74000,0.00000,0.00000,0.00000,0.00000,0.00,0,0.60,"deal_close"
2026-05-04T11:02:59Z,XAUUSD,OPEN,56498419843,56186514534,BUY,0.01,4567.83000,4566.63000,4568.43000,4564.85165,4562.54745,66.36,17,0.00,"opened"
2026-05-04T11:03:03Z,XAUUSD,CLOSE,56498419843,56186515875,SELL,0.01,4566.63000,0.00000,0.00000,0.00000,0.00000,0.00,0,-1.20,"deal_close"
2026-05-04T11:06:59Z,XAUUSD,OPEN,56498504935,56186596132,BUY,0.01,4565.89000,4564.69000,4566.49000,4564.49731,4563.08929,58.17,17,0.00,"opened"
2026-05-04T11:07:07Z,XAUUSD,CLOSE,56498504935,56186599267,SELL,0.01,4564.69000,0.00000,0.00000,0.00000,0.00000,0.00,0,-1.16,"deal_close"
2026-05-04T11:08:59Z,XAUUSD,OPEN,56498541557,56186631679,BUY,0.01,4565.64000,4564.44000,4566.24000,4564.80588,4563.48098,57.37,17,0.00,"opened"
2026-05-04T11:09:03Z,XAUUSD,CLOSE,56498541557,56186632822,SELL,0.01,4566.32000,0.00000,0.00000,0.00000,0.00000,0.00,0,0.60,"deal_close"
2026-05-04T11:09:59Z,XAUUSD,OPEN,56498560073,56186649457,BUY,0.01,4567.01000,4565.81000,4567.61000,4565.21270,4563.78635,60.20,17,0.00,"opened"
2026-05-04T11:10:17Z,XAUUSD,CLOSE,56498560073,56186654666,SELL,0.01,4565.81000,0.00000,0.00000,0.00000,0.00000,0.00,0,-1.41,"deal_close"
2026-05-04T11:10:59Z,XAUUSD,OPEN,56498576270,56186664916,BUY,0.01,4566.99000,4565.79000,4567.59000,4565.54016,4564.06486,60.22,17,0.00,"opened"
2026-05-04T11:11:23Z,XAUUSD,CLOSE,56498576270,56186670757,SELL,0.01,4565.79000,0.00000,0.00000,0.00000,0.00000,0.00,0,-1.20,"deal_close"
2026-05-04T11:14:59Z,XAUUSD,OPEN,56498647113,56186733240,BUY,0.01,4565.56000,4564.36000,4566.16000,4565.16927,4564.32509,55.09,17,0.00,"opened"
2026-05-04T11:15:04Z,XAUUSD,CLOSE,56498647113,56186734637,SELL,0.01,4566.16000,0.00000,0.00000,0.00000,0.00000,0.00,0,0.11,"deal_close"
2026-05-04T11:15:59Z,XAUUSD,OPEN,56498665448,56186750821,BUY,0.01,4566.87000,4565.67000,4567.47000,4565.47541,4564.54099,58.26,17,0.00,"opened"
2026-05-04T11:16:01Z,XAUUSD,CLOSE,56498665448,56186751233,SELL,0.01,4567.47000,0.00000,0.00000,0.00000,0.00000,0.00,0,0.46,"deal_close"
2026-05-04T11:16:59Z,XAUUSD,OPEN,56498682634,56186767375,BUY,0.01,4566.82000,4565.62000,4567.42000,4565.72233,4564.73817,58.29,11,0.00,"opened"
2026-05-04T11:17:31Z,XAUUSD,CLOSE,56498682634,56186775468,SELL,0.01,4567.37000,0.00000,0.00000,0.00000,0.00000,0.00,0,0.60,"deal_close"
2026-05-04T11:17:59Z,XAUUSD,OPEN,56498703344,56186787634,BUY,0.01,4568.77000,4567.57000,4569.37000,4566.29786,4565.08925,62.69,17,0.00,"opened"
2026-05-04T11:18:07Z,XAUUSD,CLOSE,56498703344,56186790241,SELL,0.01,4569.37000,0.00000,0.00000,0.00000,0.00000,0.00,0,0.60,"deal_close"
2026-05-04T11:18:59Z,XAUUSD,OPEN,56498725333,56186809035,BUY,0.01,4569.52000,4568.32000,4570.12000,4566.90829,4565.47659,64.31,17,0.00,"opened"
2026-05-04T11:19:09Z,XAUUSD,CLOSE,56498725333,56186812250,SELL,0.01,4569.79000,0.00000,0.00000,0.00000,0.00000,0.00,0,0.25,"deal_close"
2026-05-04T11:23:59Z,XAUUSD,OPEN,56498818365,56186899393,BUY,0.01,4566.85000,4565.65000,4567.45000,4566.51744,4565.85810,54.15,17,0.00,"opened"
2026-05-04T11:24:04Z,XAUUSD,CLOSE,56498818365,56186900702,SELL,0.01,4565.65000,0.00000,0.00000,0.00000,0.00000,0.00,0,-1.18,"deal_close"
2026-05-04T11:26:59Z,XAUUSD,OPEN,56498864591,56186943883,SELL,0.01,4563.60000,4564.80000,4563.00000,4565.30429,4565.41179,45.49,19,0.00,"opened"
2026-05-04T11:27:22Z,XAUUSD,CLOSE,56498864591,56186948854,BUY,0.01,4563.23000,0.00000,0.00000,0.00000,0.00000,0.00,0,0.15,"deal_close"
2026-05-04T11:27:59Z,XAUUSD,OPEN,56498880063,56186958778,SELL,0.01,4562.70000,4563.90000,4562.10000,4564.78543,4565.16618,43.10,17,0.00,"opened"
2026-05-04T11:28:12Z,XAUUSD,CLOSE,56498880063,56186962302,BUY,0.01,4562.10000,0.00000,0.00000,0.00000,0.00000,0.00,0,0.51,"deal_close"
2026-05-04T11:29:00Z,XAUUSD,OPEN,56498895481,56186973361,SELL,0.01,4562.39000,4563.59000,4561.79000,4564.30635,4564.91380,42.24,12,0.00,"opened"
2026-05-04T11:29:21Z,XAUUSD,CLOSE,56498895481,56186977146,BUY,0.01,4562.47000,0.00000,0.00000,0.00000,0.00000,0.00,0,0.02,"deal_close"
2026-05-04T11:29:59Z,XAUUSD,OPEN,56498906968,56186984334,SELL,0.01,4562.25000,4563.45000,4561.65000,4563.89908,4564.67345,41.90,14,0.00,"opened"
2026-05-04T11:30:07Z,XAUUSD,CLOSE,56498906968,56186987422,BUY,0.01,4561.65000,0.00000,0.00000,0.00000,0.00000,0.00,0,0.20,"deal_close"
2026-05-04T11:30:59Z,XAUUSD,OPEN,56498931703,56187008665,SELL,0.01,4560.43000,4561.63000,4559.83000,4563.20526,4564.28768,37.01,17,0.00,"opened"
2026-05-04T11:31:01Z,XAUUSD,CLOSE,56498931703,56187009096,BUY,0.01,4560.48000,0.00000,0.00000,0.00000,0.00000,0.00,0,0.02,"deal_close"
2026-05-04T11:33:59Z,XAUUSD,OPEN,56498985447,56187060496,SELL,0.01,4559.72000,4560.92000,4559.12000,4562.03981,4563.43569,37.93,17,0.00,"opened"
2026-05-04T11:34:06Z,XAUUSD,CLOSE,56498985447,56187061733,BUY,0.01,4559.12000,0.00000,0.00000,0.00000,0.00000,0.00,0,0.60,"deal_close"
2026-05-04T11:34:59Z,XAUUSD,OPEN,56499002508,56187077223,SELL,0.01,4556.77000,4557.97000,4556.17000,4560.98585,4562.82972,32.01,18,0.00,"opened"
2026-05-04T11:35:04Z,XAUUSD,CLOSE,56499002508,56187079089,BUY,0.01,4557.97000,0.00000,0.00000,0.00000,0.00000,0.00,0,-1.20,"deal_close"
2026-05-04T11:35:59Z,XAUUSD,OPEN,56499024234,56187098253,SELL,0.01,4556.21000,4557.41000,4555.61000,4560.03068,4562.22793,31.01,17,0.00,"opened"
2026-05-04T11:36:05Z,XAUUSD,CLOSE,56499024234,56187099542,BUY,0.01,4556.26000,0.00000,0.00000,0.00000,0.00000,0.00,0,0.02,"deal_close"
2026-05-04T11:38:59Z,XAUUSD,OPEN,56499075810,56187147861,SELL,0.01,4557.48000,4558.68000,4556.88000,4559.19203,4561.25297,39.19,17,0.00,"opened"
2026-05-04T11:39:05Z,XAUUSD,CLOSE,56499075810,56187149521,BUY,0.01,4557.31000,0.00000,0.00000,0.00000,0.00000,0.00,0,0.16,"deal_close"
2026-05-04T11:39:59Z,XAUUSD,OPEN,56499108687,56187179632,SELL,0.01,4553.92000,4555.12000,4553.32000,4558.13762,4560.58634,33.18,17,0.00,"opened"
2026-05-04T11:40:04Z,XAUUSD,CLOSE,56499108687,56187180782,BUY,0.01,4553.70000,0.00000,0.00000,0.00000,0.00000,0.00,0,0.02,"deal_close"
2026-05-04T11:41:59Z,XAUUSD,OPEN,56499151486,56187220597,SELL,0.01,4556.18000,4557.38000,4555.58000,4557.50808,4559.86044,39.86,17,0.00,"opened"
2026-05-04T11:42:05Z,XAUUSD,CLOSE,56499151486,56187222049,BUY,0.01,4555.60000,0.00000,0.00000,0.00000,0.00000,0.00,0,0.60,"deal_close"
2026-05-04T11:43:59Z,XAUUSD,OPEN,56499185165,56187253036,SELL,0.01,4554.70000,4555.90000,4554.10000,4556.84597,4559.14500,37.75,17,0.00,"opened"
2026-05-04T11:44:36Z,XAUUSD,CLOSE,56499185165,56187263195,BUY,0.01,4554.32000,0.00000,0.00000,0.00000,0.00000,0.00,0,0.33,"deal_close"
2026-05-04T11:44:59Z,XAUUSD,OPEN,56499203166,56187270546,SELL,0.01,4553.46000,4554.66000,4552.86000,4556.16878,4558.62818,35.65,17,0.00,"opened"
2026-05-04T11:45:09Z,XAUUSD,CLOSE,56499203166,56187273371,BUY,0.01,4554.66000,0.00000,0.00000,0.00000,0.00000,0.00,0,-1.54,"deal_close"
2026-05-04T11:46:59Z,XAUUSD,OPEN,56499240537,56187306829,SELL,0.01,4554.18000,4555.38000,4553.58000,4555.87082,4558.07246,39.88,17,0.00,"opened"
2026-05-04T11:47:53Z,XAUUSD,CLOSE,56499240537,56187318785,BUY,0.01,4555.38000,0.00000,0.00000,0.00000,0.00000,0.00,0,-1.20,"deal_close"
2026-05-04T11:48:59Z,XAUUSD,OPEN,56499270898,56187336230,SELL,0.01,4555.28000,4556.48000,4554.68000,4555.76052,4557.64071,42.95,17,0.00,"opened"
2026-05-04T11:49:01Z,XAUUSD,CLOSE,56499270898,56187336754,BUY,0.01,4554.95000,0.00000,0.00000,0.00000,0.00000,0.00,0,0.25,"deal_close"
2026-05-04T11:56:59Z,XAUUSD,OPEN,56499390739,56187451624,BUY,0.01,4561.33000,4560.13000,4561.93000,4558.67282,4558.36137,57.14,17,0.00,"opened"
2026-05-04T11:57:04Z,XAUUSD,CLOSE,56499390739,56187454016,SELL,0.01,4561.32000,0.00000,0.00000,0.00000,0.00000,0.00,0,0.02,"deal_close"
2026-05-04T11:57:59Z,XAUUSD,OPEN,56499410625,56187470796,BUY,0.01,4561.78000,4560.58000,4562.38000,4559.26625,4558.65942,58.30,17,0.00,"opened"
2026-05-04T11:58:08Z,XAUUSD,CLOSE,56499410625,56187474065,SELL,0.01,4562.39000,0.00000,0.00000,0.00000,0.00000,0.00,0,0.60,"deal_close"
2026-05-04T11:58:59Z,XAUUSD,OPEN,56499430921,56187490799,BUY,0.01,4562.21000,4561.01000,4562.81000,4559.82300,4558.96766,59.30,17,0.00,"opened"
2026-05-04T11:59:03Z,XAUUSD,CLOSE,56499430921,56187491642,SELL,0.01,4561.01000,0.00000,0.00000,0.00000,0.00000,0.00,0,-1.20,"deal_close"
2026-05-04T12:02:59Z,XAUUSD,OPEN,56499504073,56187560847,BUY,0.01,4562.88000,4561.68000,4563.48000,4560.47192,4559.54988,59.69,17,0.00,"opened"
2026-05-04T12:03:03Z,XAUUSD,CLOSE,56499504073,56187562144,SELL,0.01,4563.16000,0.00000,0.00000,0.00000,0.00000,0.00,0,0.28,"deal_close"
2026-05-04T12:04:59Z,XAUUSD,OPEN,56499539479,56187594926,BUY,0.01,4563.24000,4562.04000,4563.84000,4561.08523,4559.99659,58.94,34,0.00,"opened"
2026-05-04T12:05:53Z,XAUUSD,CLOSE,56499539479,56187607456,SELL,0.01,4562.04000,0.00000,0.00000,0.00000,0.00000,0.00,0,-1.26,"deal_close"
2026-05-04T12:07:59Z,XAUUSD,OPEN,56499586305,56187640316,BUY,0.01,4561.81000,4560.61000,4562.41000,4561.29324,4560.37884,54.41,17,0.00,"opened"
2026-05-04T12:08:01Z,XAUUSD,CLOSE,56499586305,56187640460,SELL,0.01,4562.41000,0.00000,0.00000,0.00000,0.00000,0.00,0,0.60,"deal_close"
2026-05-04T12:10:59Z,XAUUSD,OPEN,56499632125,56187684327,BUY,0.01,4563.11000,4561.91000,4563.71000,4561.45654,4560.66572,57.76,17,0.00,"opened"
2026-05-04T12:11:08Z,XAUUSD,CLOSE,56499632125,56187687122,SELL,0.01,4563.79000,0.00000,0.00000,0.00000,0.00000,0.00,0,0.60,"deal_close"
2026-05-04T12:11:59Z,XAUUSD,OPEN,56499653127,56187704966,BUY,0.01,4563.36000,4562.16000,4563.96000,4561.80323,4560.89520,58.41,17,0.00,"opened"
2026-05-04T12:12:07Z,XAUUSD,CLOSE,56499653127,56187707305,SELL,0.01,4562.16000,0.00000,0.00000,0.00000,0.00000,0.00,0,-1.20,"deal_close"
2026-05-04T12:12:59Z,XAUUSD,OPEN,56499668888,56187720169,BUY,0.01,4564.46000,4563.26000,4565.06000,4562.30058,4561.20382,61.25,17,0.00,"opened"
2026-05-04T12:13:00Z,XAUUSD,CLOSE,56499668888,56187720471,SELL,0.01,4564.69000,0.00000,0.00000,0.00000,0.00000,0.00,0,0.60,"deal_close"
2026-05-04T12:13:59Z,XAUUSD,OPEN,56499689371,56187740088,BUY,0.01,4564.92000,4563.72000,4565.52000,4562.79047,4561.52620,62.41,17,0.00,"opened"
2026-05-04T12:14:05Z,XAUUSD,CLOSE,56499689371,56187741645,SELL,0.01,4565.50000,0.00000,0.00000,0.00000,0.00000,0.00,0,0.60,"deal_close"
2026-05-04T12:15:59Z,XAUUSD,OPEN,56499720185,56187769781,BUY,0.01,4565.39000,4564.19000,4565.99000,4563.39230,4562.02909,61.75,17,0.00,"opened"
2026-05-04T12:16:01Z,XAUUSD,CLOSE,56499720185,56187770369,SELL,0.01,4565.46000,0.00000,0.00000,0.00000,0.00000,0.00,0,0.02,"deal_close"
2026-05-04T12:16:59Z,XAUUSD,OPEN,56499756825,56187805688,BUY,0.01,4570.58000,4569.38000,4571.18000,4564.79584,4562.79099,72.25,17,0.00,"opened"
2026-05-04T12:17:02Z,XAUUSD,CLOSE,56499756825,56187807186,SELL,0.01,4571.18000,0.00000,0.00000,0.00000,0.00000,0.00,0,0.60,"deal_close"
2026-05-04T12:18:59Z,XAUUSD,OPEN,56499824742,56187871917,BUY,0.01,4573.39000,4572.19000,4573.99000,4567.13254,4564.24148,73.02,17,0.00,"opened"
2026-05-04T12:19:02Z,XAUUSD,CLOSE,56499824742,56187873060,SELL,0.01,4572.19000,0.00000,0.00000,0.00000,0.00000,0.00,0,-1.21,"deal_close"
2026-05-04T12:19:59Z,XAUUSD,OPEN,56499850495,56187896835,BUY,0.01,4573.54000,4572.34000,4574.14000,4568.38003,4565.07135,73.21,17,0.00,"opened"
2026-05-04T12:20:04Z,XAUUSD,CLOSE,56499850495,56187898917,SELL,0.01,4573.93000,0.00000,0.00000,0.00000,0.00000,0.00,0,0.60,"deal_close"
2026-05-04T12:20:59Z,XAUUSD,OPEN,56499887159,56187933031,BUY,0.01,4577.97000,4576.77000,4578.57000,4570.27002,4566.23122,78.14,17,0.00,"opened"
2026-05-04T12:21:02Z,XAUUSD,CLOSE,56499887159,56187934127,SELL,0.01,4578.57000,0.00000,0.00000,0.00000,0.00000,0.00,0,0.60,"deal_close"
2026-05-04T12:21:59Z,XAUUSD,OPEN,56499916357,56187961473,BUY,0.01,4578.09000,4576.89000,4578.69000,4571.81202,4567.29929,78.28,6,0.00,"opened"
2026-05-04T12:22:14Z,XAUUSD,CLOSE,56499916357,56187966576,SELL,0.01,4576.89000,0.00000,0.00000,0.00000,0.00000,0.00,0,-1.20,"deal_close"
2026-05-04T12:24:59Z,XAUUSD,OPEN,56499990058,56188033102,BUY,0.01,4572.53000,4571.33000,4573.13000,4572.33031,4568.70643,61.31,17,0.00,"opened"
2026-05-04T12:25:01Z,XAUUSD,CLOSE,56499990058,56188033676,SELL,0.01,4572.41000,0.00000,0.00000,0.00000,0.00000,0.00,0,0.02,"deal_close"
2026-05-04T12:28:59Z,XAUUSD,OPEN,56500093390,56188133379,BUY,0.01,4570.18000,4568.98000,4570.78000,4569.97166,4568.58981,54.56,17,0.00,"opened"
2026-05-04T12:29:01Z,XAUUSD,CLOSE,56500093390,56188133879,SELL,0.01,4570.20000,0.00000,0.00000,0.00000,0.00000,0.00,0,0.02,"deal_close"
2026-05-04T12:30:59Z,XAUUSD,OPEN,56500128065,56188166615,BUY,0.01,4569.84000,4568.64000,4570.44000,4569.68067,4568.68306,53.68,17,0.00,"opened"
2026-05-04T12:31:20Z,XAUUSD,CLOSE,56500128065,56188172319,SELL,0.01,4570.35000,0.00000,0.00000,0.00000,0.00000,0.00,0,0.60,"deal_close"
2026-05-04T12:35:59Z,XAUUSD,OPEN,56500218100,56188253388,SELL,0.01,4562.99000,4564.19000,4562.39000,4566.63412,4567.41513,40.83,17,0.00,"opened"
2026-05-04T12:36:00Z,XAUUSD,CLOSE,56500218100,56188253960,BUY,0.01,4562.39000,0.00000,0.00000,0.00000,0.00000,0.00,0,0.59,"deal_close"
2026-05-04T12:36:59Z,XAUUSD,OPEN,56500239198,56188273682,SELL,0.01,4562.65000,4563.85000,4562.05000,4565.83530,4566.98102,40.20,17,0.00,"opened"
2026-05-04T12:37:07Z,XAUUSD,CLOSE,56500239198,56188275611,BUY,0.01,4563.85000,0.00000,0.00000,0.00000,0.00000,0.00,0,-1.19,"deal_close"
2026-05-04T12:41:59Z,XAUUSD,OPEN,56500338944,56188369780,BUY,0.01,4570.77000,4569.57000,4571.37000,4567.92982,4567.62150,57.90,15,0.00,"opened"
2026-05-04T12:42:03Z,XAUUSD,CLOSE,56500338944,56188370662,SELL,0.01,4570.94000,0.00000,0.00000,0.00000,0.00000,0.00,0,0.23,"deal_close"
2026-05-04T12:43:59Z,XAUUSD,OPEN,56500373753,56188403405,BUY,0.01,4570.14000,4568.94000,4570.74000,4568.42909,4567.90760,55.58,17,0.00,"opened"
2026-05-04T12:44:18Z,XAUUSD,CLOSE,56500373753,56188407624,SELL,0.01,4570.16000,0.00000,0.00000,0.00000,0.00000,0.00,0,0.02,"deal_close"
2026-05-04T12:44:59Z,XAUUSD,OPEN,56500386538,56188415685,BUY,0.01,4570.27000,4569.07000,4570.87000,4568.76127,4568.10600,55.83,17,0.00,"opened"
2026-05-04T12:45:36Z,XAUUSD,CLOSE,56500386538,56188423299,SELL,0.01,4569.07000,0.00000,0.00000,0.00000,0.00000,0.00,0,-1.27,"deal_close"
2026-05-04T12:47:59Z,XAUUSD,OPEN,56500434940,56188462465,BUY,0.01,4568.97000,4567.77000,4569.57000,4568.46177,4568.11142,52.36,17,0.00,"opened"
2026-05-04T12:48:07Z,XAUUSD,CLOSE,56500434940,56188464559,SELL,0.01,4569.57000,0.00000,0.00000,0.00000,0.00000,0.00,0,0.60,"deal_close"
2026-05-04T12:48:59Z,XAUUSD,OPEN,56500459889,56188486992,BUY,0.01,4572.55000,4571.35000,4573.15000,4569.26742,4568.50947,59.81,6,0.00,"opened"
2026-05-04T12:49:31Z,XAUUSD,CLOSE,56500459889,56188496654,SELL,0.01,4571.35000,0.00000,0.00000,0.00000,0.00000,0.00,0,-1.33,"deal_close"
2026-05-04T12:50:59Z,XAUUSD,OPEN,56500499994,56188526105,BUY,0.01,4573.37000,4572.17000,4573.97000,4570.27595,4569.11295,59.84,17,0.00,"opened"
2026-05-04T12:51:08Z,XAUUSD,CLOSE,56500499994,56188528833,SELL,0.01,4573.44000,0.00000,0.00000,0.00000,0.00000,0.00,0,0.02,"deal_close"
2026-05-04T12:52:59Z,XAUUSD,OPEN,56500538603,56188563909,BUY,0.01,4574.97000,4573.77000,4575.57000,4571.54301,4569.91318,62.04,8,0.00,"opened"
2026-05-04T12:53:02Z,XAUUSD,CLOSE,56500538603,56188565187,SELL,0.01,4575.57000,0.00000,0.00000,0.00000,0.00000,0.00,0,-0.17,"deal_close"
2026-05-04T12:57:59Z,XAUUSD,OPEN,56500627237,56188649896,BUY,0.01,4573.64000,4572.44000,4574.24000,4571.74232,4570.63835,57.35,17,0.00,"opened"
2026-05-04T12:58:06Z,XAUUSD,CLOSE,56500627237,56188652252,SELL,0.01,4572.44000,0.00000,0.00000,0.00000,0.00000,0.00,0,-1.20,"deal_close"
2026-05-04T13:00:59Z,XAUUSD,OPEN,56500711595,56188731321,SELL,0.01,4563.79000,4564.99000,4563.19000,4569.57839,4569.89381,38.85,17,0.00,"opened"
2026-05-04T13:01:05Z,XAUUSD,CLOSE,56500711595,56188734477,BUY,0.01,4563.18000,0.00000,0.00000,0.00000,0.00000,0.00,0,0.60,"deal_close"
2026-05-04T13:05:59Z,XAUUSD,OPEN,56500843628,56188857043,SELL,0.01,4565.37000,4566.57000,4564.77000,4566.21770,4567.84486,44.42,17,0.00,"opened"
2026-05-04T13:06:01Z,XAUUSD,CLOSE,56500843628,56188857629,BUY,0.01,4566.57000,0.00000,0.00000,0.00000,0.00000,0.00,0,-1.19,"deal_close"
2026-05-04T13:16:59Z,XAUUSD,OPEN,56501099341,56189103110,SELL,0.01,4564.28000,4565.48000,4563.68000,4567.38529,4568.20443,40.75,17,0.00,"opened"
2026-05-04T13:17:23Z,XAUUSD,CLOSE,56501099341,56189109465,BUY,0.01,4565.48000,0.00000,0.00000,0.00000,0.00000,0.00,0,-1.20,"deal_close"
2026-05-04T13:19:59Z,XAUUSD,OPEN,56501151914,56189154054,SELL,0.01,4564.75000,4565.95000,4564.15000,4566.56487,4567.60029,42.59,17,0.00,"opened"
2026-05-04T13:20:08Z,XAUUSD,CLOSE,56501151914,56189156280,BUY,0.01,4564.79000,0.00000,0.00000,0.00000,0.00000,0.00,0,0.02,"deal_close"
2026-05-04T13:21:59Z,XAUUSD,OPEN,56501188032,56189189312,SELL,0.01,4562.72000,4563.92000,4562.12000,4565.57111,4566.95495,38.87,17,0.00,"opened"
2026-05-04T13:22:27Z,XAUUSD,CLOSE,56501188032,56189198407,BUY,0.01,4562.57000,0.00000,0.00000,0.00000,0.00000,0.00,0,0.17,"deal_close"
2026-05-04T13:23:59Z,XAUUSD,OPEN,56501225531,56189225855,SELL,0.01,4562.05000,4563.25000,4561.45000,4564.47911,4566.19450,37.97,17,0.00,"opened"
2026-05-04T13:25:09Z,XAUUSD,CLOSE,56501225531,56189241082,BUY,0.01,4563.25000,0.00000,0.00000,0.00000,0.00000,0.00,0,-1.30,"deal_close"
2026-05-04T13:26:59Z,XAUUSD,OPEN,56501271356,56189269959,SELL,0.01,4563.05000,4564.25000,4562.45000,4563.87195,4565.45534,41.81,17,0.00,"opened"
2026-05-04T13:27:10Z,XAUUSD,CLOSE,56501271356,56189272481,BUY,0.01,4564.25000,0.00000,0.00000,0.00000,0.00000,0.00,0,-1.22,"deal_close"
2026-05-04T13:28:59Z,XAUUSD,OPEN,56501298317,56189295420,SELL,0.01,4563.87000,4565.07000,4563.27000,4564.04565,4565.27028,44.79,17,0.00,"opened"
2026-05-04T13:29:04Z,XAUUSD,CLOSE,56501298317,56189296147,BUY,0.01,4563.85000,0.00000,0.00000,0.00000,0.00000,0.00,0,0.02,"deal_close"
2026-05-04T13:29:59Z,XAUUSD,OPEN,56501316462,56189312893,SELL,0.01,4561.07000,4562.07000,4560.47000,4563.45052,4564.88844,38.75,17,0.00,"opened"
2026-05-04T13:30:00Z,XAUUSD,CLOSE,56501316462,56189313546,BUY,0.01,4561.01000,0.00000,0.00000,0.00000,0.00000,0.00,0,0.20,"deal_close"
2026-05-04T13:30:59Z,XAUUSD,OPEN,56501348595,56189343921,SELL,0.01,4560.71000,4561.71000,4560.11000,4562.92641,4564.51949,38.27,17,0.00,"opened"
2026-05-04T13:31:01Z,XAUUSD,CLOSE,56501348595,56189344788,BUY,0.01,4561.18000,0.00000,0.00000,0.00000,0.00000,0.00,0,0.02,"deal_close"
2026-05-04T13:31:59Z,XAUUSD,OPEN,56501383529,56189377962,SELL,0.01,4557.54000,4558.54000,4556.94000,4561.84913,4563.88499,32.39,14,0.00,"opened"
2026-05-04T13:32:08Z,XAUUSD,CLOSE,56501383529,56189382275,BUY,0.01,4557.18000,0.00000,0.00000,0.00000,0.00000,0.00,0,0.30,"deal_close"
2026-05-04T17:32:00Z,XAUUSD,OPEN_FAIL,0,0,BUY,0.03,4526.84000,4525.84000,4527.44000,4525.25785,4524.60204,57.20,17,0.00,"OrderCheck failed (4752)"
2026-05-04T17:45:00Z,XAUUSD,OPEN_FAIL,0,0,BUY,0.03,4526.30000,4525.30000,4526.90000,4524.89686,4524.63975,56.49,17,0.00,"OrderCheck failed (4752)"
2026-05-04T17:47:00Z,XAUUSD,OPEN_FAIL,0,0,BUY,0.03,4526.11000,4525.11000,4526.71000,4525.20239,4524.82913,55.51,17,0.00,"OrderCheck failed (4752)"
2026-05-04T17:57:00Z,XAUUSD,OPEN_FAIL,0,0,SELL,0.03,4522.53000,4523.53000,4521.93000,4523.73038,4524.16519,43.79,17,0.00,"OrderCheck failed (4752)"
2026-05-04T17:59:00Z,XAUUSD,OPEN_FAIL,0,0,SELL,0.03,4522.09000,4523.09000,4521.49000,4523.27264,4523.87363,42.54,17,0.00,"OrderCheck failed (4752)"
2026-05-04T17:59:00Z,XAUUSD,OPEN_FAIL,0,0,SELL,0.03,4522.13000,4523.13000,4521.53000,4523.27264,4523.87363,42.54,17,0.00,"OrderCheck failed (4752)"
2026-05-04T18:00:59Z,XAUUSD,OPEN,0,0,SELL,0.03,4522.22000,4523.22000,4521.62000,4522.92409,4523.60234,43.29,17,0.00,"opened"
2026-05-04T18:01:00Z,XAUUSD,OPEN,0,0,SELL,0.03,4522.25000,4523.25000,4521.65000,4522.92409,4523.60234,43.29,4,0.00,"opened"
2026-05-04T18:01:45Z,XAUUSD,CLOSE,8480287540,8070537728,BUY,0.03,4522.38000,0.00000,0.00000,0.00000,0.00000,0.00,0,-0.75,"deal_close"
2026-05-04T18:01:45Z,XAUUSD,CLOSE,8480287512,8070537746,BUY,0.03,4522.38000,0.00000,0.00000,0.00000,0.00000,0.00,0,-0.39,"deal_close"
2026-05-04T18:10:21Z,XAUUSD,OPEN,0,0,SELL,0.03,4519.46000,4520.46000,4518.86000,4521.43924,4522.50439,35.61,17,0.00,"opened"
2026-05-04T18:10:21Z,XAUUSD,OPEN,0,0,SELL,0.03,4519.48000,4520.48000,4518.88000,4521.43924,4522.50439,35.61,17,0.00,"opened"
2026-05-04T18:10:39Z,XAUUSD,CLOSE,8480401706,8070658762,BUY,0.03,4520.46000,0.00000,0.00000,0.00000,0.00000,0.00,0,-2.94,"deal_close"
2026-05-04T18:10:39Z,XAUUSD,CLOSE,8480401735,8070659082,BUY,0.03,4520.51000,0.00000,0.00000,0.00000,0.00000,0.00,0,-3.09,"deal_close"
2026-05-04T18:12:00Z,XAUUSD,OPEN,0,0,SELL,0.03,4519.80000,4520.80000,4519.20000,4520.86791,4522.04537,37.93,11,0.00,"opened"
2026-05-04T18:12:00Z,XAUUSD,OPEN,0,0,SELL,0.03,4519.84000,4520.84000,4519.24000,4520.86791,4522.04537,37.93,17,0.00,"opened"
2026-05-04T18:12:02Z,XAUUSD,CLOSE,8480416729,8070673444,BUY,0.03,4520.80000,0.00000,0.00000,0.00000,0.00000,0.00,0,-2.88,"deal_close"
2026-05-04T18:12:22Z,XAUUSD,CLOSE,8480416782,8070677190,BUY,0.03,4519.86000,0.00000,0.00000,0.00000,0.00000,0.00,0,0.06,"deal_close"
2026-05-04T18:14:59Z,XAUUSD,OPEN,0,0,SELL,0.03,4519.99000,4520.99000,4519.39000,4520.73813,4521.69544,40.81,17,0.00,"opened"
2026-05-04T18:15:00Z,XAUUSD,OPEN,0,0,SELL,0.03,4519.99000,4520.99000,4519.39000,4520.73813,4521.69544,40.81,17,0.00,"opened"
2026-05-04T18:15:13Z,XAUUSD,CLOSE,8480446251,8070710045,BUY,0.03,4519.43000,0.00000,0.00000,0.00000,0.00000,0.00,0,1.89,"deal_close"
2026-05-04T18:15:13Z,XAUUSD,CLOSE,8480446161,8070710072,BUY,0.03,4519.39000,0.00000,0.00000,0.00000,0.00000,0.00,0,1.80,"deal_close"
2026-05-04T18:15:59Z,XAUUSD,OPEN,0,0,SELL,0.03,4518.98000,4519.98000,4518.38000,4520.37651,4521.44403,37.37,17,0.00,"opened"
2026-05-04T18:16:00Z,XAUUSD,OPEN,0,0,SELL,0.03,4518.86000,4519.86000,4518.26000,4520.37651,4521.44403,37.37,17,0.00,"opened"
2026-05-04T18:16:03Z,XAUUSD,CLOSE,8480461142,8070724995,BUY,0.03,4519.92000,0.00000,0.00000,0.00000,0.00000,0.00,0,-3.27,"deal_close"
2026-05-04T18:16:06Z,XAUUSD,CLOSE,8480461085,8070725578,BUY,0.03,4519.96000,0.00000,0.00000,0.00000,0.00000,0.00,0,-3.30,"deal_close"
2026-05-04T18:19:00Z,XAUUSD,OPEN,0,0,SELL,0.03,4518.42000,4519.42000,4517.82000,4519.71613,4520.85178,36.83,15,0.00,"opened"
2026-05-04T18:19:00Z,XAUUSD,OPEN,0,0,SELL,0.03,4518.30000,4519.30000,4517.70000,4519.71613,4520.85178,36.83,19,0.00,"opened"
2026-05-04T18:19:05Z,XAUUSD,CLOSE,8480495886,8070766261,BUY,0.03,4517.72000,0.00000,0.00000,0.00000,0.00000,0.00,0,1.80,"deal_close"
2026-05-04T18:19:06Z,XAUUSD,CLOSE,8480496364,8070766962,BUY,0.03,4517.74000,0.00000,0.00000,0.00000,0.00000,0.00,0,1.02,"deal_close"
2026-05-04T18:19:59Z,XAUUSD,OPEN,0,0,SELL,0.03,4517.97000,4518.97000,4517.37000,4519.35690,4520.58525,35.34,17,0.00,"opened"
2026-05-04T18:20:00Z,XAUUSD,OPEN,0,0,SELL,0.03,4518.00000,4519.00000,4517.40000,4519.35690,4520.58525,35.34,17,0.00,"opened"
2026-05-04T18:20:09Z,XAUUSD,CLOSE,8480514514,8070786932,BUY,0.03,4517.23000,0.00000,0.00000,0.00000,0.00000,0.00,0,2.31,"deal_close"
2026-05-04T18:20:09Z,XAUUSD,CLOSE,8480514591,8070786935,BUY,0.03,4517.23000,0.00000,0.00000,0.00000,0.00000,0.00,0,2.04,"deal_close"
2026-05-04T18:21:00Z,XAUUSD,OPEN,0,0,SELL,0.03,4517.22000,4518.22000,4516.62000,4518.92952,4520.27932,33.14,17,0.00,"opened"
2026-05-04T18:21:00Z,XAUUSD,OPEN,0,0,SELL,0.03,4517.37000,4518.37000,4516.77000,4518.92952,4520.27932,33.14,17,0.00,"opened"
2026-05-04T18:21:17Z,XAUUSD,CLOSE,8480528555,8070804582,BUY,0.03,4517.38000,0.00000,0.00000,0.00000,0.00000,0.00,0,-0.03,"deal_close"
2026-05-04T18:21:17Z,XAUUSD,CLOSE,8480528662,8070804589,BUY,0.03,4517.38000,0.00000,0.00000,0.00000,0.00000,0.00,0,0.06,"deal_close"
2026-05-04T18:21:59Z,XAUUSD,OPEN,0,0,SELL,0.03,4517.13000,4518.13000,4516.53000,4518.57162,4519.99393,32.89,17,0.00,"opened"
2026-05-04T18:22:00Z,XAUUSD,OPEN,0,0,SELL,0.03,4517.14000,4518.14000,4516.54000,4518.57162,4519.99393,32.89,17,0.00,"opened"
2026-05-04T18:22:03Z,XAUUSD,CLOSE,8480540644,8070814750,BUY,0.03,4516.61000,0.00000,0.00000,0.00000,0.00000,0.00,0,1.80,"deal_close"
2026-05-04T18:22:04Z,XAUUSD,CLOSE,8480540580,8070815159,BUY,0.03,4516.87000,0.00000,0.00000,0.00000,0.00000,0.00,0,0.81,"deal_close"
2026-05-04T18:22:59Z,XAUUSD,OPEN,0,0,SELL,0.03,4516.49000,4517.49000,4515.89000,4518.15530,4519.67539,30.84,17,0.00,"opened"
2026-05-04T18:23:00Z,XAUUSD,OPEN,0,0,SELL,0.03,4516.49000,4517.49000,4515.89000,4518.15530,4519.67539,30.84,17,0.00,"opened"
2026-05-04T18:23:04Z,XAUUSD,CLOSE,8480552911,8070829370,BUY,0.03,4516.49000,0.00000,0.00000,0.00000,0.00000,0.00,0,0.00,"deal_close"
2026-05-04T18:23:04Z,XAUUSD,CLOSE,8480552951,8070829371,BUY,0.03,4516.49000,0.00000,0.00000,0.00000,0.00000,0.00,0,0.03,"deal_close"
2026-05-04T18:24:00Z,XAUUSD,OPEN,0,0,SELL,0.03,4515.78000,4516.78000,4515.18000,4517.68024,4519.32126,28.74,17,0.00,"opened"
2026-05-04T18:24:00Z,XAUUSD,OPEN,0,0,SELL,0.03,4515.95000,4516.95000,4515.35000,4517.68024,4519.32126,28.74,17,0.00,"opened"
2026-05-04T18:24:10Z,XAUUSD,CLOSE,8480568861,8070847668,BUY,0.03,4515.77000,0.00000,0.00000,0.00000,0.00000,0.00,0,0.54,"deal_close"
2026-05-04T18:24:10Z,XAUUSD,CLOSE,8480568927,8070847671,BUY,0.03,4515.77000,0.00000,0.00000,0.00000,0.00000,0.00,0,0.54,"deal_close"
2026-05-04T18:24:59Z,XAUUSD,OPEN,0,0,SELL,0.03,4514.40000,4515.40000,4513.80000,4517.02419,4518.87387,25.14,11,0.00,"opened"
2026-05-04T18:25:00Z,XAUUSD,OPEN,0,0,SELL,0.03,4514.34000,4515.34000,4513.74000,4517.02419,4518.87387,25.14,4,0.00,"opened"
2026-05-04T18:25:12Z,XAUUSD,CLOSE,8480581670,8070865048,BUY,0.03,4514.08000,0.00000,0.00000,0.00000,0.00000,0.00,0,0.78,"deal_close"
2026-05-04T18:25:12Z,XAUUSD,CLOSE,8480581813,8070865049,BUY,0.03,4514.08000,0.00000,0.00000,0.00000,0.00000,0.00,0,0.54,"deal_close"
2026-05-04T18:27:00Z,XAUUSD,OPEN,0,0,SELL,0.03,4513.65000,4514.65000,4513.05000,4515.99228,4518.06056,24.76,17,0.00,"opened"
2026-05-04T18:27:00Z,XAUUSD,OPEN,0,0,SELL,0.03,4513.59000,4514.59000,4512.99000,4515.99228,4518.06056,24.76,17,0.00,"opened"
2026-05-04T18:27:01Z,XAUUSD,CLOSE,8480609264,8070891231,BUY,0.03,4513.53000,0.00000,0.00000,0.00000,0.00000,0.00,0,0.06,"deal_close"
2026-05-04T18:27:04Z,XAUUSD,CLOSE,8480609206,8070892281,BUY,0.03,4513.40000,0.00000,0.00000,0.00000,0.00000,0.00,0,0.57,"deal_close"
2026-05-04T18:29:59Z,XAUUSD,OPEN,0,0,SELL,0.03,4511.93000,4512.93000,4511.33000,4514.07389,4516.55912,29.73,17,0.00,"opened"
2026-05-04T18:30:00Z,XAUUSD,OPEN,0,0,SELL,0.03,4512.54000,4513.54000,4511.94000,4514.07389,4516.55912,29.73,17,0.00,"opened"
2026-05-04T18:30:01Z,XAUUSD,CLOSE,8480665052,8070954599,BUY,0.03,4513.10000,0.00000,0.00000,0.00000,0.00000,0.00,0,-1.50,"deal_close"
2026-05-04T18:30:18Z,XAUUSD,CLOSE,8480665153,8070961504,BUY,0.03,4512.39000,0.00000,0.00000,0.00000,0.00000,0.00,0,0.42,"deal_close"
2026-05-04T18:31:00Z,XAUUSD,OPEN,0,0,SELL,0.03,4511.74000,4512.74000,4511.14000,4513.60911,4516.12193,29.34,17,0.00,"opened"
2026-05-04T18:31:10Z,XAUUSD,CLOSE,8480679503,8070974480,BUY,0.03,4511.11000,0.00000,0.00000,0.00000,0.00000,0.00,0,1.89,"deal_close"
2026-05-04T18:31:10Z,XAUUSD,CLOSE,8480679614,8070974482,BUY,0.03,4511.11000,0.00000,0.00000,0.00000,0.00000,0.00,0,1.89,"deal_close"
2026-05-04T18:33:59Z,XAUUSD,OPEN,0,0,SELL,0.03,4512.78000,4513.78000,4512.18000,4513.18050,4515.27168,35.80,17,0.00,"opened"
2026-05-04T18:34:00Z,XAUUSD,OPEN,0,0,SELL,0.03,4512.85000,4513.85000,4512.25000,4513.18050,4515.27168,35.80,17,0.00,"opened"
2026-05-04T18:34:12Z,XAUUSD,CLOSE,8480715609,8071014765,BUY,0.03,4513.78000,0.00000,0.00000,0.00000,0.00000,0.00,0,-2.79,"deal_close"
2026-05-04T18:34:12Z,XAUUSD,CLOSE,8480715656,8071014788,BUY,0.03,4513.86000,0.00000,0.00000,0.00000,0.00000,0.00,0,-3.03,"deal_close"
2026-05-04T18:37:00Z,XAUUSD,OPEN,0,0,SELL,0.03,4512.77000,4513.77000,4512.17000,4513.31394,4514.83790,38.54,17,0.00,"opened"
2026-05-04T18:37:00Z,XAUUSD,OPEN,0,0,SELL,0.03,4512.76000,4513.76000,4512.16000,4513.31394,4514.83790,38.54,17,0.00,"opened"
2026-05-04T18:37:13Z,XAUUSD,CLOSE,8480748434,8071051156,BUY,0.03,4512.11000,0.00000,0.00000,0.00000,0.00000,0.00,0,1.95,"deal_close"
2026-05-04T18:37:13Z,XAUUSD,CLOSE,8480748459,8071051158,BUY,0.03,4512.11000,0.00000,0.00000,0.00000,0.00000,0.00,0,1.95,"deal_close"
2026-05-04T18:38:00Z,XAUUSD,OPEN,0,0,SELL,0.03,4512.15000,4513.15000,4511.55000,4513.08115,4514.59355,36.72,17,0.00,"opened"
2026-05-04T18:38:43Z,XAUUSD,CLOSE,8480758742,8071067806,BUY,0.03,4512.10000,0.00000,0.00000,0.00000,0.00000,0.00,0,0.69,"deal_close"
2026-05-04T18:38:44Z,XAUUSD,CLOSE,8480758700,8071068004,BUY,0.03,4512.13000,0.00000,0.00000,0.00000,0.00000,0.00,0,0.06,"deal_close"
2026-05-04T18:38:59Z,XAUUSD,OPEN,0,0,SELL,0.03,4511.64000,4512.64000,4511.04000,4512.79292,4514.32504,35.24,17,0.00,"opened"
2026-05-04T18:39:00Z,XAUUSD,OPEN,0,0,SELL,0.03,4511.64000,4512.64000,4511.04000,4512.79292,4514.32504,35.24,17,0.00,"opened"
2026-05-04T18:39:03Z,XAUUSD,CLOSE,8480767852,8071072107,BUY,0.03,4512.86000,0.00000,0.00000,0.00000,0.00000,0.00,0,-3.66,"deal_close"
2026-05-04T18:39:03Z,XAUUSD,CLOSE,8480767894,8071072108,BUY,0.03,4512.86000,0.00000,0.00000,0.00000,0.00000,0.00,0,-3.66,"deal_close"
2026-05-04T18:43:59Z,XAUUSD,OPEN,0,0,SELL,0.03,4510.84000,4511.84000,4510.24000,4513.01884,4513.95957,37.26,17,0.00,"opened"
2026-05-04T18:44:00Z,XAUUSD,OPEN,0,0,SELL,0.03,4510.84000,4511.84000,4510.24000,4513.01884,4513.95957,37.26,17,0.00,"opened"
2026-05-04T18:44:45Z,XAUUSD,CLOSE,8480825076,8071144682,BUY,0.03,4511.78000,0.00000,0.00000,0.00000,0.00000,0.00,0,-2.97,"deal_close"
2026-05-04T18:44:45Z,XAUUSD,CLOSE,8480825016,8071144713,BUY,0.03,4511.77000,0.00000,0.00000,0.00000,0.00000,0.00,0,-2.79,"deal_close"
2026-05-04T18:45:59Z,XAUUSD,OPEN,0,0,SELL,0.03,4511.56000,4512.56000,4510.96000,4512.54126,4513.56782,40.48,17,0.00,"opened"
2026-05-04T18:46:00Z,XAUUSD,OPEN,0,0,SELL,0.03,4511.28000,4512.28000,4510.68000,4512.54126,4513.56782,40.48,17,0.00,"opened"
2026-05-04T18:46:13Z,XAUUSD,CLOSE,8480846789,8071161929,BUY,0.03,4511.25000,0.00000,0.00000,0.00000,0.00000,0.00,0,0.09,"deal_close"
2026-05-04T18:46:13Z,XAUUSD,CLOSE,8480846825,8071161987,BUY,0.03,4511.25000,0.00000,0.00000,0.00000,0.00000,0.00,0,0.12,"deal_close"
2026-05-04T18:51:59Z,XAUUSD,OPEN,0,0,BUY,0.03,4515.67000,4514.67000,4516.27000,4514.00123,4513.89874,55.32,17,0.00,"opened"
2026-05-04T18:52:21Z,XAUUSD,CLOSE,8480913004,8071239484,SELL,0.03,4513.31000,0.00000,0.00000,0.00000,0.00000,0.00,0,-7.11,"deal_close"
2026-05-04T19:00:00Z,XAUUSD,OPEN,0,0,BUY,0.03,4516.50000,4515.50000,4517.10000,4514.47177,4514.12221,59.63,17,0.00,"opened"
2026-05-04T19:00:00Z,XAUUSD,OPEN,0,0,BUY,0.03,4516.57000,4515.57000,4517.17000,4514.47177,4514.12221,59.63,17,0.00,"opened"
2026-05-04T19:00:40Z,XAUUSD,CLOSE,8481001086,8071349307,SELL,0.03,4515.39000,0.00000,0.00000,0.00000,0.00000,0.00,0,-3.42,"deal_close"
2026-05-04T19:00:40Z,XAUUSD,CLOSE,8481001268,8071349309,SELL,0.03,4515.39000,0.00000,0.00000,0.00000,0.00000,0.00,0,-3.75,"deal_close"
2026-05-04T19:01:59Z,XAUUSD,OPEN,0,0,BUY,0.03,4515.66000,4514.66000,4516.26000,4514.83034,4514.35546,55.30,17,0.00,"opened"
2026-05-04T19:02:00Z,XAUUSD,OPEN,0,0,BUY,0.03,4515.54000,4514.54000,4516.14000,4514.83034,4514.35546,55.30,17,0.00,"opened"
2026-05-04T19:02:06Z,XAUUSD,CLOSE,8481029538,8071367750,SELL,0.03,4514.64000,0.00000,0.00000,0.00000,0.00000,0.00,0,-2.70,"deal_close"
2026-05-04T19:02:45Z,XAUUSD,CLOSE,8481029594,8071374843,SELL,0.03,4515.12000,0.00000,0.00000,0.00000,0.00000,0.00,0,-1.23,"deal_close"
2026-05-04T19:05:59Z,XAUUSD,OPEN,0,0,BUY,0.03,4516.22000,4515.22000,4516.82000,4514.48422,4514.31105,54.82,4,0.00,"opened"
2026-05-04T19:06:03Z,XAUUSD,CLOSE,8481072340,8071415529,SELL,0.03,4516.58000,0.00000,0.00000,0.00000,0.00000,0.00,0,1.80,"deal_close"
2026-05-04T19:07:00Z,XAUUSD,OPEN,0,0,BUY,0.03,4517.13000,4516.13000,4517.73000,4514.91937,4514.52459,57.16,17,0.00,"opened"
2026-05-04T19:07:00Z,XAUUSD,OPEN,0,0,BUY,0.03,4517.11000,4516.11000,4517.71000,4514.91937,4514.52459,57.16,17,0.00,"opened"
2026-05-04T19:07:03Z,XAUUSD,CLOSE,8481094793,8071438301,SELL,0.03,4518.06000,0.00000,0.00000,0.00000,0.00000,0.00,0,2.85,"deal_close"
2026-05-04T19:07:03Z,XAUUSD,CLOSE,8481094835,8071438305,SELL,0.03,4518.06000,0.00000,0.00000,0.00000,0.00000,0.00,0,2.88,"deal_close"
2026-05-04T19:07:59Z,XAUUSD,OPEN,0,0,BUY,0.03,4518.05000,4517.05000,4518.65000,4515.51150,4514.82963,60.41,17,0.00,"opened"
2026-05-04T19:08:00Z,XAUUSD,OPEN,0,0,BUY,0.03,4517.99000,4516.99000,4518.59000,4515.51150,4514.82963,60.41,17,0.00,"opened"
2026-05-04T19:08:04Z,XAUUSD,CLOSE,8481111851,8071456828,SELL,0.03,4518.60000,0.00000,0.00000,0.00000,0.00000,0.00,0,1.83,"deal_close"
2026-05-04T19:08:04Z,XAUUSD,CLOSE,8481111906,8071456843,SELL,0.03,4518.84000,0.00000,0.00000,0.00000,0.00000,0.00,0,2.43,"deal_close"
2026-05-04T19:09:00Z,XAUUSD,OPEN,0,0,BUY,0.03,4520.68000,4519.68000,4521.28000,4516.51120,4515.34602,66.33,17,0.00,"opened"
2026-05-04T19:09:00Z,XAUUSD,OPEN,0,0,BUY,0.03,4520.78000,4519.78000,4521.38000,4516.51120,4515.34602,66.33,17,0.00,"opened"
2026-05-04T19:09:02Z,XAUUSD,CLOSE,8481133546,8071479373,SELL,0.03,4520.73000,0.00000,0.00000,0.00000,0.00000,0.00,0,-0.15,"deal_close"
2026-05-04T19:09:02Z,XAUUSD,CLOSE,8481133598,8071479376,SELL,0.03,4520.73000,0.00000,0.00000,0.00000,0.00000,0.00,0,-0.12,"deal_close"
2026-05-04T19:11:00Z,XAUUSD,OPEN,0,0,BUY,0.03,4518.22000,4517.22000,4518.82000,4517.03997,4515.80167,57.63,12,0.00,"opened"
2026-05-04T19:11:00Z,XAUUSD,OPEN,0,0,BUY,0.03,4518.17000,4517.17000,4518.77000,4517.03997,4515.80167,57.63,17,0.00,"opened"
2026-05-04T19:11:08Z,XAUUSD,CLOSE,8481163924,8071512144,SELL,0.03,4518.19000,0.00000,0.00000,0.00000,0.00000,0.00,0,0.06,"deal_close"
2026-05-04T19:11:08Z,XAUUSD,CLOSE,8481163998,8071512146,SELL,0.03,4518.19000,0.00000,0.00000,0.00000,0.00000,0.00,0,0.06,"deal_close"
2026-05-04T19:12:00Z,XAUUSD,OPEN,0,0,BUY,0.03,4518.78000,4517.78000,4519.38000,4517.35397,4516.05698,58.89,17,0.00,"opened"
2026-05-04T19:12:00Z,XAUUSD,OPEN,0,0,BUY,0.03,4518.77000,4517.77000,4519.37000,4517.35397,4516.05698,58.89,17,0.00,"opened"
2026-05-04T19:12:17Z,XAUUSD,CLOSE,8481176879,8071526964,SELL,0.03,4517.74000,0.00000,0.00000,0.00000,0.00000,0.00,0,-3.09,"deal_close"
2026-05-04T19:12:17Z,XAUUSD,CLOSE,8481176920,8071526971,SELL,0.03,4517.74000,0.00000,0.00000,0.00000,0.00000,0.00,0,-3.09,"deal_close"
2026-05-04T19:12:59Z,XAUUSD,OPEN,0,0,BUY,0.03,4519.40000,4518.40000,4520.00000,4517.73118,4516.34634,60.45,17,0.00,"opened"
2026-05-04T19:13:00Z,XAUUSD,OPEN,0,0,BUY,0.03,4519.40000,4518.40000,4520.00000,4517.73118,4516.34634,60.45,17,0.00,"opened"
2026-05-04T19:13:04Z,XAUUSD,CLOSE,8481188437,8071536027,SELL,0.03,4519.21000,0.00000,0.00000,0.00000,0.00000,0.00,0,-0.57,"deal_close"
2026-05-04T19:13:45Z,XAUUSD,CLOSE,8481188483,8071543707,SELL,0.03,4519.34000,0.00000,0.00000,0.00000,0.00000,0.00,0,-1.26,"deal_close"
2026-05-04T19:14:00Z,XAUUSD,OPEN,0,0,BUY,0.03,4519.74000,4518.74000,4520.34000,4518.09894,4516.63940,61.28,16,0.00,"opened"
2026-05-04T19:14:00Z,XAUUSD,OPEN,0,0,BUY,0.03,4519.77000,4518.77000,4520.37000,4518.09894,4516.63940,61.28,15,0.00,"opened"
2026-05-04T19:14:03Z,XAUUSD,CLOSE,8481199108,8071547123,SELL,0.03,4519.84000,0.00000,0.00000,0.00000,0.00000,0.00,0,0.00,"deal_close"
2026-05-04T19:14:03Z,XAUUSD,CLOSE,8481199080,8071547174,SELL,0.03,4519.78000,0.00000,0.00000,0.00000,0.00000,0.00,0,0.03,"deal_close"
2026-05-04T19:23:24Z,XAUUSD,OPEN,0,0,BUY,0.03,4522.29000,4521.29000,4522.89000,4520.14825,4518.72557,61.38,17,0.00,"opened"
2026-05-04T19:23:24Z,XAUUSD,OPEN,0,0,BUY,0.03,4522.41000,4521.41000,4523.01000,4520.14825,4518.72557,61.38,17,0.00,"opened"
2026-05-04T19:23:26Z,XAUUSD,CLOSE,8481305833,8071662290,SELL,0.03,4522.40000,0.00000,0.00000,0.00000,0.00000,0.00,0,-0.03,"deal_close"
2026-05-04T19:23:26Z,XAUUSD,CLOSE,8481305859,8071662294,SELL,0.03,4522.40000,0.00000,0.00000,0.00000,0.00000,0.00,0,-0.03,"deal_close"
2026-05-04T19:24:00Z,XAUUSD,OPEN,0,0,BUY,0.03,4523.06000,4522.06000,4523.66000,4520.69660,4519.10415,66.17,17,0.00,"opened"
2026-05-04T19:24:00Z,XAUUSD,OPEN,0,0,BUY,0.03,4523.14000,4522.14000,4523.74000,4520.69660,4519.10415,66.17,17,0.00,"opened"
2026-05-04T19:24:05Z,XAUUSD,CLOSE,8481314402,8071672729,SELL,0.03,4523.18000,0.00000,0.00000,0.00000,0.00000,0.00,0,0.12,"deal_close"
2026-05-04T19:24:05Z,XAUUSD,CLOSE,8481314466,8071672730,SELL,0.03,4523.18000,0.00000,0.00000,0.00000,0.00000,0.00,0,-0.06,"deal_close"
2026-05-04T19:26:59Z,XAUUSD,OPEN,0,0,BUY,0.03,4522.43000,4521.43000,4523.03000,4521.75682,4520.06380,59.96,17,0.00,"opened"
2026-05-04T19:27:00Z,XAUUSD,OPEN,0,0,BUY,0.03,4522.31000,4521.31000,4522.91000,4521.75682,4520.06380,59.96,17,0.00,"opened"
2026-05-04T19:27:16Z,XAUUSD,CLOSE,8481360923,8071725793,SELL,0.03,4522.91000,0.00000,0.00000,0.00000,0.00000,0.00,0,1.80,"deal_close"
2026-05-04T19:27:16Z,XAUUSD,CLOSE,8481360998,8071725796,SELL,0.03,4522.91000,0.00000,0.00000,0.00000,0.00000,0.00,0,1.80,"deal_close"
2026-05-04T19:27:59Z,XAUUSD,OPEN,0,0,BUY,0.03,4522.93000,4521.93000,4523.53000,4521.95745,4520.30891,61.31,17,0.00,"opened"
2026-05-04T19:28:00Z,XAUUSD,OPEN,0,0,BUY,0.03,4522.91000,4521.91000,4523.51000,4521.95745,4520.30891,61.31,17,0.00,"opened"
2026-05-04T19:28:04Z,XAUUSD,CLOSE,8481372543,8071736751,SELL,0.03,4523.60000,0.00000,0.00000,0.00000,0.00000,0.00,0,2.07,"deal_close"
2026-05-04T19:28:04Z,XAUUSD,CLOSE,8481372593,8071736752,SELL,0.03,4523.60000,0.00000,0.00000,0.00000,0.00000,0.00,0,1.92,"deal_close"
2026-05-04T19:28:59Z,XAUUSD,OPEN,0,0,BUY,0.03,4523.77000,4522.77000,4524.37000,4522.27796,4520.60446,63.45,17,0.00,"opened"
2026-05-04T19:29:00Z,XAUUSD,OPEN,0,0,BUY,0.03,4523.67000,4522.67000,4524.27000,4522.27796,4520.60446,63.45,17,0.00,"opened"
2026-05-04T19:29:22Z,XAUUSD,CLOSE,8481382479,8071750007,SELL,0.03,4522.64000,0.00000,0.00000,0.00000,0.00000,0.00,0,-3.00,"deal_close"
2026-05-04T19:29:22Z,XAUUSD,CLOSE,8481382526,8071750009,SELL,0.03,4522.64000,0.00000,0.00000,0.00000,0.00000,0.00,0,-3.06,"deal_close"
2026-05-04T19:31:59Z,XAUUSD,OPEN,0,0,BUY,0.03,4523.74000,4522.74000,4524.34000,4522.41112,4521.07512,60.65,17,0.00,"opened"
2026-05-04T19:32:00Z,XAUUSD,OPEN,0,0,BUY,0.03,4523.74000,4522.74000,4524.34000,4522.41112,4521.07512,60.65,16,0.00,"opened"
2026-05-04T19:32:20Z,XAUUSD,CLOSE,8481409711,8071780097,SELL,0.03,4522.71000,0.00000,0.00000,0.00000,0.00000,0.00,0,-3.06,"deal_close"
2026-05-04T19:32:20Z,XAUUSD,CLOSE,8481409788,8071780098,SELL,0.03,4522.71000,0.00000,0.00000,0.00000,0.00000,0.00,0,-3.06,"deal_close"
2026-05-04T19:33:59Z,XAUUSD,OPEN,0,0,BUY,0.03,4523.52000,4522.52000,4524.12000,4522.58952,4521.38836,58.83,24,0.00,"opened"
2026-05-04T19:34:00Z,XAUUSD,OPEN,0,0,BUY,0.03,4523.38000,4522.38000,4523.98000,4522.58952,4521.38836,58.83,17,0.00,"opened"
2026-05-04T19:34:04Z,XAUUSD,CLOSE,8481425415,8071794276,SELL,0.03,4523.20000,0.00000,0.00000,0.00000,0.00000,0.00,0,-0.54,"deal_close"
2026-05-04T19:34:04Z,XAUUSD,CLOSE,8481425447,8071794279,SELL,0.03,4523.20000,0.00000,0.00000,0.00000,0.00000,0.00,0,-0.51,"deal_close"
2026-05-04T19:35:59Z,XAUUSD,OPEN,0,0,BUY,0.03,4525.79000,4524.79000,4526.39000,4523.23249,4521.89137,64.33,17,0.00,"opened"
2026-05-04T19:36:00Z,XAUUSD,OPEN,0,0,BUY,0.03,4525.69000,4524.69000,4526.29000,4523.23249,4521.89137,64.33,17,0.00,"opened"
2026-05-04T19:36:06Z,XAUUSD,CLOSE,8481441775,8071813428,SELL,0.03,4525.63000,0.00000,0.00000,0.00000,0.00000,0.00,0,-0.18,"deal_close"
2026-05-04T19:36:06Z,XAUUSD,CLOSE,8481441858,8071813429,SELL,0.03,4525.63000,0.00000,0.00000,0.00000,0.00000,0.00,0,-0.21,"deal_close"
2026-05-04T19:36:59Z,XAUUSD,OPEN,0,0,BUY,0.03,4526.86000,4525.86000,4527.46000,4523.92399,4522.32761,66.68,16,0.00,"opened"
2026-05-04T19:37:00Z,XAUUSD,OPEN,0,0,BUY,0.03,4526.86000,4525.86000,4527.46000,4523.92399,4522.32761,66.68,16,0.00,"opened"
2026-05-04T19:37:10Z,XAUUSD,CLOSE,8481454673,8071828232,SELL,0.03,4526.84000,0.00000,0.00000,0.00000,0.00000,0.00,0,-0.06,"deal_close"
2026-05-04T19:37:45Z,XAUUSD,CLOSE,8481454710,8071836476,SELL,0.03,4526.55000,0.00000,0.00000,0.00000,0.00000,0.00,0,-1.53,"deal_close"
2026-05-04T19:59:59Z,XAUUSD,OPEN_FAIL,0,0,SELL,0.03,4517.81000,4518.81000,4517.21000,4518.11070,4519.76845,34.85,17,0.00,"OrderCheck false err=4752 | ck.retcode=10027 ck.comment=[AutoTrading disabled by client] | SYM_TRADE_MODE=4 TERM_TRADE=0 MQL_TRADE=0 | Enable AutoTrading (toolbar) + Tools->Options->Expert Advisors->Allow algorithmic trading"
2026-05-05T09:11:16Z,XAUUSD,OPEN,0,0,BUY,0.03,4558.08000,4557.08000,4558.68000,4557.82407,4556.36634,64.49,17,0.00,"opened"
2026-05-05T09:11:17Z,XAUUSD,OPEN,0,0,BUY,0.03,4558.10000,4557.10000,4558.70000,4557.82407,4556.36634,64.49,17,0.00,"opened"
2026-05-05T09:11:23Z,XAUUSD,CLOSE,8488176158,8079363253,SELL,0.03,4558.07000,0.00000,0.00000,0.00000,0.00000,0.00,0,-0.09,"deal_close"
2026-05-05T09:11:23Z,XAUUSD,CLOSE,8488176249,8079363257,SELL,0.03,4558.07000,0.00000,0.00000,0.00000,0.00000,0.00,0,-0.36,"deal_close"
2026-05-05T09:22:27Z,XAUUSD,OPEN,0,0,SELL,0.03,4554.95000,4555.95000,4554.35000,4555.27508,4555.84357,43.24,17,0.00,"opened"
2026-05-05T09:22:46Z,XAUUSD,CLOSE,8488330007,8079540446,BUY,0.03,4555.95000,0.00000,0.00000,0.00000,0.00000,0.00,0,-3.00,"deal_close"
2026-05-05T09:22:46Z,XAUUSD,CLOSE,8488330034,8079540449,BUY,0.03,4555.95000,0.00000,0.00000,0.00000,0.00000,0.00,0,-3.00,"deal_close"
2026-05-05T09:30:47Z,XAUUSD,OPEN,0,0,SELL,0.03,4554.44000,4555.44000,4553.84000,4554.70662,4555.28628,37.86,17,0.00,"opened"
2026-05-05T09:30:47Z,XAUUSD,OPEN,0,0,SELL,0.03,4554.97000,4555.97000,4554.37000,4554.70662,4555.28628,37.86,17,0.00,"opened"
2026-05-05T09:30:48Z,XAUUSD,CLOSE,8488438986,8079658999,BUY,0.03,4554.35000,0.00000,0.00000,0.00000,0.00000,0.00,0,0.66,"deal_close"
2026-05-05T09:30:51Z,XAUUSD,CLOSE,8488438774,8079660656,BUY,0.03,4555.07000,0.00000,0.00000,0.00000,0.00000,0.00,0,-0.30,"deal_close"
2026-05-05T10:02:15Z,XAUUSD,OPEN,0,0,BUY,0.03,4555.61000,4554.61000,4556.21000,4555.36702,4555.03929,58.76,17,0.00,"opened"
2026-05-05T10:02:15Z,XAUUSD,OPEN,0,0,BUY,0.03,4555.64000,4554.64000,4556.24000,4555.36702,4555.03929,58.76,17,0.00,"opened"
2026-05-05T10:02:20Z,XAUUSD,CLOSE,8488818010,8080094280,SELL,0.03,4556.17000,0.00000,0.00000,0.00000,0.00000,0.00,0,1.80,"deal_close"
2026-05-05T10:02:20Z,XAUUSD,CLOSE,8488817967,8080094338,SELL,0.03,4556.25000,0.00000,0.00000,0.00000,0.00000,0.00,0,1.83,"deal_close"
2026-05-05T10:20:29Z,XAUUSD,OPEN,0,0,SELL,0.03,4553.08000,4554.08000,4552.48000,4553.35948,4553.83209,41.60,17,0.00,"opened"
2026-05-05T10:20:29Z,XAUUSD,OPEN,0,0,SELL,0.03,4553.09000,4554.09000,4552.49000,4553.35948,4553.83209,41.60,17,0.00,"opened"
2026-05-05T10:21:00Z,XAUUSD,CLOSE,8489051362,8080367098,BUY,0.03,4553.07000,0.00000,0.00000,0.00000,0.00000,0.00,0,0.06,"deal_close"
2026-05-05T10:21:01Z,XAUUSD,CLOSE,8489051384,8080367253,BUY,0.03,4553.09000,0.00000,0.00000,0.00000,0.00000,0.00,0,0.03,"deal_close"
2026-05-05T10:25:11Z,XAUUSD,OPEN,0,0,SELL,0.03,4551.75000,4552.75000,4551.15000,4553.21391,4553.57200,43.89,16,0.00,"opened"
2026-05-05T10:25:12Z,XAUUSD,OPEN,0,0,SELL,0.03,4551.96000,4552.96000,4551.36000,4553.21391,4553.57200,43.89,17,0.00,"opened"
2026-05-05T10:25:26Z,XAUUSD,CLOSE,8489098124,8080418811,BUY,0.03,4551.91000,0.00000,0.00000,0.00000,0.00000,0.00,0,0.15,"deal_close"
2026-05-05T10:25:26Z,XAUUSD,CLOSE,8489098181,8080418813,BUY,0.03,4551.91000,0.00000,0.00000,0.00000,0.00000,0.00,0,0.18,"deal_close"
2026-05-05T10:33:14Z,XAUUSD,OPEN,0,0,SELL,0.03,4549.10000,4550.10000,4548.50000,4549.36977,4551.06657,29.89,17,0.00,"opened"
2026-05-05T10:33:26Z,XAUUSD,CLOSE,8489251667,8080594966,BUY,0.03,4548.47000,0.00000,0.00000,0.00000,0.00000,0.00,0,1.89,"deal_close"
2026-05-05T10:33:26Z,XAUUSD,CLOSE,8489251705,8080594970,BUY,0.03,4548.47000,0.00000,0.00000,0.00000,0.00000,0.00,0,1.89,"deal_close"
2026-05-05T11:02:45Z,XAUUSD,OPEN,0,0,SELL,0.03,4542.28000,4543.28000,4541.68000,4542.44364,4544.15060,29.38,4,0.00,"opened"
2026-05-05T11:02:45Z,XAUUSD,OPEN,0,0,SELL,0.03,4542.75000,4543.75000,4542.15000,4542.44364,4544.15060,29.38,17,0.00,"opened"
2026-05-05T11:02:55Z,XAUUSD,CLOSE,8489762425,8081170006,BUY,0.03,4542.09000,0.00000,0.00000,0.00000,0.00000,0.00,0,2.13,"deal_close"
2026-05-05T11:02:56Z,XAUUSD,CLOSE,8489762370,8081170188,BUY,0.03,4542.05000,0.00000,0.00000,0.00000,0.00000,0.00,0,2.10,"deal_close"
2026-05-05T11:21:11Z,XAUUSD,OPEN,0,0,BUY,0.03,4552.52000,4551.52000,4553.12000,4551.25399,4549.54553,59.45,17,0.00,"opened"
2026-05-05T11:21:11Z,XAUUSD,OPEN,0,0,BUY,0.03,4552.49000,4551.49000,4553.09000,4551.25399,4549.54553,59.45,17,0.00,"opened"
2026-05-05T11:21:41Z,XAUUSD,CLOSE,8490123786,8081575956,SELL,0.03,4552.79000,0.00000,0.00000,0.00000,0.00000,0.00,0,0.90,"deal_close"
2026-05-05T11:21:41Z,XAUUSD,CLOSE,8490123825,8081575959,SELL,0.03,4552.79000,0.00000,0.00000,0.00000,0.00000,0.00,0,0.90,"deal_close"
2026-05-05T11:41:12Z,XAUUSD,OPEN,0,0,BUY,0.03,4558.37000,4557.37000,4558.97000,4557.37679,4555.86707,62.07,17,0.00,"opened"
2026-05-05T11:41:12Z,XAUUSD,OPEN,0,0,BUY,0.03,4558.39000,4557.39000,4558.99000,4557.37679,4555.86707,62.07,17,0.00,"opened"
2026-05-05T11:41:29Z,XAUUSD,CLOSE,8490504734,8081998442,SELL,0.03,4558.99000,0.00000,0.00000,0.00000,0.00000,0.00,0,1.80,"deal_close"
2026-05-05T11:41:29Z,XAUUSD,CLOSE,8490504769,8081998445,SELL,0.03,4558.99000,0.00000,0.00000,0.00000,0.00000,0.00,0,1.80,"deal_close"
2026-05-05T11:58:12Z,XAUUSD,OPEN,0,0,BUY,0.03,4561.04000,4560.04000,4561.64000,4560.80165,4560.12924,56.15,17,0.00,"opened"
2026-05-05T11:58:50Z,XAUUSD,CLOSE,8490863835,8082398206,SELL,0.03,4561.19000,0.00000,0.00000,0.00000,0.00000,0.00,0,0.36,"deal_close"
2026-05-05T11:59:02Z,XAUUSD,CLOSE,8490863804,8082402157,SELL,0.03,4561.08000,0.00000,0.00000,0.00000,0.00000,0.00,0,0.12,"deal_close"
2026-05-05T11:59:25Z,XAUUSD,OPEN,0,0,BUY,0.03,4561.10000,4560.10000,4561.70000,4560.88532,4560.22840,56.32,13,0.00,"opened"
2026-05-05T11:59:25Z,XAUUSD,OPEN,0,0,BUY,0.03,4561.21000,4560.21000,4561.81000,4560.88532,4560.22840,56.32,17,0.00,"opened"
2026-05-05T11:59:51Z,XAUUSD,CLOSE,8490882000,8082412164,SELL,0.03,4561.86000,0.00000,0.00000,0.00000,0.00000,0.00,0,2.13,"deal_close"
2026-05-05T11:59:51Z,XAUUSD,CLOSE,8490882095,8082412167,SELL,0.03,4561.86000,0.00000,0.00000,0.00000,0.00000,0.00,0,1.92,"deal_close"
2026-05-05T12:00:29Z,XAUUSD,OPEN,0,0,BUY,0.03,4562.03000,4561.03000,4562.63000,4561.26826,4560.46218,61.15,10,0.00,"opened"
2026-05-05T12:00:29Z,XAUUSD,OPEN,0,0,BUY,0.03,4562.18000,4561.18000,4562.78000,4561.26826,4560.46218,61.15,17,0.00,"opened"
2026-05-05T12:00:40Z,XAUUSD,CLOSE,8490903566,8082434692,SELL,0.03,4561.02000,0.00000,0.00000,0.00000,0.00000,0.00,0,-3.21,"deal_close"
2026-05-05T12:00:40Z,XAUUSD,CLOSE,8490903668,8082434699,SELL,0.03,4561.02000,0.00000,0.00000,0.00000,0.00000,0.00,0,-3.15,"deal_close"
2026-05-05T12:06:30Z,XAUUSD,OPEN,0,0,SELL,0.03,4557.76000,4558.76000,4557.16000,4558.09167,4559.03565,42.82,17,0.00,"opened"
2026-05-05T12:06:31Z,XAUUSD,OPEN,0,0,SELL,0.03,4557.46000,4558.46000,4556.86000,4558.09167,4559.03565,42.82,17,0.00,"opened"
2026-05-05T12:06:31Z,XAUUSD,CLOSE,8491055434,8082596003,BUY,0.03,4558.46000,0.00000,0.00000,0.00000,0.00000,0.00,0,-3.36,"deal_close"
2026-05-05T12:06:32Z,XAUUSD,CLOSE,8491055296,8082596329,BUY,0.03,4559.16000,0.00000,0.00000,0.00000,0.00000,0.00,0,-4.68,"deal_close"
2026-05-05T12:21:26Z,XAUUSD,OPEN,0,0,BUY,0.03,4568.13000,4567.13000,4568.73000,4563.00632,4561.86230,59.44,4,0.00,"opened"
2026-05-05T12:21:26Z,XAUUSD,OPEN,0,0,BUY,0.03,4567.80000,4566.80000,4568.40000,4563.00632,4561.86230,59.44,7,0.00,"opened"
2026-05-05T12:21:30Z,XAUUSD,CLOSE,8491457755,8083042876,SELL,0.03,4568.04000,0.00000,0.00000,0.00000,0.00000,0.00,0,0.72,"deal_close"
2026-05-05T12:21:30Z,XAUUSD,CLOSE,8491458765,8083043650,SELL,0.03,4568.45000,0.00000,0.00000,0.00000,0.00000,0.00,0,1.05,"deal_close"
2026-05-05T12:35:59Z,XAUUSD,OPEN,0,0,BUY,0.03,4569.32000,4568.32000,4569.92000,4569.06687,4567.70717,56.08,17,0.00,"opened"
2026-05-05T12:35:59Z,XAUUSD,OPEN,0,0,BUY,0.03,4569.43000,4568.43000,4570.03000,4569.06687,4567.70717,56.08,17,0.00,"opened"
2026-05-05T12:36:11Z,XAUUSD,CLOSE,8491867868,8083498919,SELL,0.03,4568.29000,0.00000,0.00000,0.00000,0.00000,0.00,0,-3.42,"deal_close"
2026-05-05T12:36:11Z,XAUUSD,CLOSE,8491867994,8083498920,SELL,0.03,4568.29000,0.00000,0.00000,0.00000,0.00000,0.00,0,-3.69,"deal_close"
2026-05-05T12:40:11Z,XAUUSD,OPEN,0,0,BUY,0.03,4570.08000,4569.08000,4570.68000,4568.91280,4568.09855,57.74,16,0.00,"opened"
2026-05-05T12:40:11Z,XAUUSD,OPEN,0,0,BUY,0.03,4570.19000,4569.19000,4570.79000,4568.91280,4568.09855,57.74,17,0.00,"opened"
2026-05-05T12:40:23Z,XAUUSD,CLOSE,8491937882,8083579821,SELL,0.03,4569.05000,0.00000,0.00000,0.00000,0.00000,0.00,0,-3.42,"deal_close"
2026-05-05T12:40:23Z,XAUUSD,CLOSE,8491937835,8083579824,SELL,0.03,4569.05000,0.00000,0.00000,0.00000,0.00000,0.00,0,-3.42,"deal_close"
2026-05-05T12:57:23Z,XAUUSD,OPEN,0,0,SELL,0.03,4563.49000,4564.49000,4562.89000,4563.76068,4565.10776,39.60,17,0.00,"opened"
2026-05-05T12:58:04Z,XAUUSD,CLOSE,8492218678,8083903420,BUY,0.03,4564.83000,0.00000,0.00000,0.00000,0.00000,0.00,0,-4.02,"deal_close"
2026-05-05T12:58:04Z,XAUUSD,CLOSE,8492218699,8083903425,BUY,0.03,4564.83000,0.00000,0.00000,0.00000,0.00000,0.00,0,-4.08,"deal_close"
2026-05-05T13:23:27Z,XAUUSD,OPEN,0,0,BUY,0.03,4580.57000,4579.57000,4581.17000,4580.00466,4577.35370,64.39,17,0.00,"opened"
2026-05-05T13:23:28Z,XAUUSD,OPEN,0,0,BUY,0.03,4580.57000,4579.57000,4581.17000,4580.00466,4577.35370,64.39,17,0.00,"opened"
2026-05-05T13:23:33Z,XAUUSD,CLOSE,8492862487,8084641375,SELL,0.03,4581.17000,0.00000,0.00000,0.00000,0.00000,0.00,0,1.80,"deal_close"
2026-05-05T13:23:33Z,XAUUSD,CLOSE,8492862507,8084641378,SELL,0.03,4581.17000,0.00000,0.00000,0.00000,0.00000,0.00,0,1.83,"deal_close"
2026-05-05T13:32:11Z,XAUUSD,OPEN,0,0,BUY,0.03,4581.75000,4580.75000,4582.35000,4578.65920,4577.96667,57.07,17,0.00,"opened"
2026-05-05T13:32:11Z,XAUUSD,OPEN,0,0,BUY,0.03,4581.52000,4580.52000,4582.12000,4578.65920,4577.96667,57.07,17,0.00,"opened"
2026-05-05T13:32:13Z,XAUUSD,CLOSE,8493031077,8084835212,SELL,0.03,4580.74000,0.00000,0.00000,0.00000,0.00000,0.00,0,-2.34,"deal_close"
2026-05-05T13:32:14Z,XAUUSD,CLOSE,8493031144,8084835808,SELL,0.03,4580.44000,0.00000,0.00000,0.00000,0.00000,0.00,0,-3.27,"deal_close"
2026-05-05T13:33:32Z,XAUUSD,OPEN,0,0,BUY,0.03,4581.60000,4580.60000,4582.20000,4579.02136,4578.19425,57.82,17,0.00,"opened"
2026-05-05T13:33:33Z,XAUUSD,OPEN,0,0,BUY,0.03,4581.60000,4580.60000,4582.20000,4579.02136,4578.19425,57.82,17,0.00,"opened"
2026-05-05T13:33:36Z,XAUUSD,CLOSE,8493053235,8084859872,SELL,0.03,4580.55000,0.00000,0.00000,0.00000,0.00000,0.00,0,-3.15,"deal_close"
2026-05-05T13:33:36Z,XAUUSD,CLOSE,8493053391,8084859875,SELL,0.03,4580.55000,0.00000,0.00000,0.00000,0.00000,0.00,0,-2.67,"deal_close"
2026-05-05T14:00:11Z,XAUUSD,OPEN,0,0,BUY,0.03,4582.63000,4581.63000,4583.23000,4578.74029,4577.94820,54.90,17,0.00,"opened"
2026-05-05T14:00:11Z,XAUUSD,OPEN,0,0,BUY,0.03,4582.39000,4581.39000,4582.99000,4578.74029,4577.94820,54.90,17,0.00,"opened"
2026-05-05T14:00:14Z,XAUUSD,CLOSE,8493611312,8085494072,SELL,0.03,4582.37000,0.00000,0.00000,0.00000,0.00000,0.00,0,0.00,"deal_close"
2026-05-05T14:00:16Z,XAUUSD,CLOSE,8493611139,8085496165,SELL,0.03,4582.60000,0.00000,0.00000,0.00000,0.00000,0.00,0,0.63,"deal_close"
2026-05-05T14:01:11Z,XAUUSD,OPEN,0,0,BUY,0.03,4580.56000,4579.56000,4581.16000,4579.05023,4578.16109,57.00,17,0.00,"opened"
2026-05-05T14:01:12Z,XAUUSD,OPEN,0,0,BUY,0.03,4580.38000,4579.38000,4580.98000,4579.05023,4578.16109,57.00,17,0.00,"opened"
2026-05-05T14:01:13Z,XAUUSD,CLOSE,8493636151,8085522219,SELL,0.03,4579.56000,0.00000,0.00000,0.00000,0.00000,0.00,0,-2.46,"deal_close"
2026-05-05T14:01:14Z,XAUUSD,CLOSE,8493636215,8085522346,SELL,0.03,4579.35000,0.00000,0.00000,0.00000,0.00000,0.00,0,-3.12,"deal_close"
2026-05-05T14:10:47Z,XAUUSD,OPEN,0,0,BUY,0.03,4580.30000,4579.30000,4580.90000,4580.07177,4578.96908,64.52,17,0.00,"opened"
2026-05-05T14:10:48Z,XAUUSD,OPEN,0,0,BUY,0.03,4580.18000,4579.18000,4580.78000,4580.07177,4578.96908,64.52,17,0.00,"opened"
2026-05-05T14:10:53Z,XAUUSD,CLOSE,8493841731,8085766332,SELL,0.03,4580.14000,0.00000,0.00000,0.00000,0.00000,0.00,0,-0.03,"deal_close"
2026-05-05T14:10:53Z,XAUUSD,CLOSE,8493841814,8085766335,SELL,0.03,4580.14000,0.00000,0.00000,0.00000,0.00000,0.00,0,-0.06,"deal_close"
2026-05-05T14:15:44Z,XAUUSD,OPEN,0,0,SELL,0.03,4569.59000,4570.59000,4568.99000,4577.86482,4578.32514,38.61,17,0.00,"opened"
2026-05-05T14:15:46Z,XAUUSD,CLOSE,8493987730,8085932271,BUY,0.03,4570.65000,0.00000,0.00000,0.00000,0.00000,0.00,0,-3.15,"deal_close"
2026-05-05T14:17:44Z,XAUUSD,OPEN,0,0,SELL,0.03,4571.32000,4572.32000,4570.72000,4575.55109,4577.13847,33.60,17,0.00,"opened"
2026-05-05T14:17:46Z,XAUUSD,CLOSE,8494039560,8085991327,BUY,0.03,4572.42000,0.00000,0.00000,0.00000,0.00000,0.00,0,-1.92,"deal_close"
2026-05-05T14:19:44Z,XAUUSD,OPEN,0,0,SELL,0.03,4570.79000,4571.79000,4570.19000,4574.00389,4576.13113,35.06,17,0.00,"opened"
2026-05-05T14:19:45Z,XAUUSD,CLOSE,8494102818,8086062458,BUY,0.03,4570.55000,0.00000,0.00000,0.00000,0.00000,0.00,0,0.72,"deal_close"
2026-05-05T14:21:44Z,XAUUSD,OPEN,0,0,SELL,0.03,4570.44000,4571.44000,4569.84000,4572.63209,4575.10226,35.25,17,0.00,"opened"
2026-05-05T14:21:50Z,XAUUSD,CLOSE,8494144271,8086111801,BUY,0.03,4570.22000,0.00000,0.00000,0.00000,0.00000,0.00,0,0.63,"deal_close"
2026-05-05T14:26:44Z,XAUUSD,OPEN,0,0,BUY,0.03,4584.13000,4583.13000,4584.73000,4576.25293,4575.96151,63.27,17,0.00,"opened"
2026-05-05T14:26:55Z,XAUUSD,CLOSE,8494301953,8086296092,SELL,0.03,4583.05000,0.00000,0.00000,0.00000,0.00000,0.00,0,-3.27,"deal_close"
2026-05-05T14:27:44Z,XAUUSD,OPEN,0,0,BUY,0.03,4583.87000,4582.87000,4584.47000,4577.48034,4576.54591,63.54,17,0.00,"opened"
2026-05-05T14:28:11Z,XAUUSD,CLOSE,8494325191,8086328161,SELL,0.03,4584.02000,0.00000,0.00000,0.00000,0.00000,0.00,0,0.45,"deal_close"
2026-05-05T14:28:44Z,XAUUSD,OPEN,0,0,BUY,0.03,4585.58000,4584.58000,4586.18000,4578.72227,4577.19538,65.62,17,0.00,"opened"
2026-05-05T14:28:52Z,XAUUSD,CLOSE,8494352260,8086353584,SELL,0.03,4585.74000,0.00000,0.00000,0.00000,0.00000,0.00,0,1.05,"deal_close"
2026-05-05T14:32:11Z,XAUUSD,OPEN,0,0,BUY,0.03,4582.78000,4581.78000,4583.38000,4581.06484,4579.01879,56.25,17,0.00,"opened"
2026-05-05T14:32:17Z,XAUUSD,CLOSE,8494451530,8086461315,SELL,0.03,4581.61000,0.00000,0.00000,0.00000,0.00000,0.00,0,-3.45,"deal_close"
2026-05-05T14:33:37Z,XAUUSD,OPEN,0,0,BUY,0.03,4581.90000,4580.90000,4582.50000,4581.63387,4579.46345,60.84,17,0.00,"opened"
2026-05-05T14:33:40Z,XAUUSD,CLOSE,8494478807,8086491523,SELL,0.03,4581.92000,0.00000,0.00000,0.00000,0.00000,0.00,0,0.15,"deal_close"
2026-05-05T14:35:11Z,XAUUSD,OPEN,0,0,BUY,0.03,4582.23000,4581.23000,4582.83000,4581.64048,4579.84012,55.73,17,0.00,"opened"
2026-05-05T14:35:20Z,XAUUSD,CLOSE,8494512337,8086530601,SELL,0.03,4582.39000,0.00000,0.00000,0.00000,0.00000,0.00,0,0.06,"deal_close"
2026-05-05T14:40:11Z,XAUUSD,OPEN,0,0,BUY,0.03,4581.82000,4580.82000,4582.42000,4580.75555,4580.00529,54.14,19,0.00,"opened"
2026-05-05T14:40:15Z,XAUUSD,CLOSE,8494611447,8086643765,SELL,0.03,4582.02000,0.00000,0.00000,0.00000,0.00000,0.00,0,0.75,"deal_close"
2026-05-05T14:41:44Z,XAUUSD,OPEN,0,0,BUY,0.03,4583.58000,4582.58000,4584.18000,4580.98444,4580.17754,55.58,17,0.00,"opened"
2026-05-05T14:41:49Z,XAUUSD,CLOSE,8494642882,8086680133,SELL,0.03,4583.83000,0.00000,0.00000,0.00000,0.00000,0.00,0,0.87,"deal_close"
2026-05-05T14:42:44Z,XAUUSD,OPEN,0,0,BUY,0.03,4582.96000,4581.96000,4583.56000,4581.33955,4580.41231,57.52,24,0.00,"opened"
2026-05-05T14:43:26Z,XAUUSD,CLOSE,8494662852,8086712585,SELL,0.03,4583.12000,0.00000,0.00000,0.00000,0.00000,0.00,0,0.45,"deal_close"
2026-05-05T14:43:28Z,XAUUSD,OPEN,0,0,BUY,0.03,4583.87000,4582.87000,4584.47000,4581.64964,4580.63755,57.82,17,0.00,"opened"
2026-05-05T14:43:37Z,XAUUSD,CLOSE,8494674265,8086715071,SELL,0.03,4582.86000,0.00000,0.00000,0.00000,0.00000,0.00,0,-2.91,"deal_close"
2026-05-05T14:44:44Z,XAUUSD,OPEN,0,0,BUY,0.03,4583.98000,4582.98000,4584.58000,4582.14172,4580.95323,60.62,17,0.00,"opened"
2026-05-05T14:44:54Z,XAUUSD,CLOSE,8494699379,8086744900,SELL,0.03,4582.79000,0.00000,0.00000,0.00000,0.00000,0.00,0,-3.57,"deal_close"
2026-05-05T14:50:44Z,XAUUSD,OPEN,0,0,SELL,0.03,4577.86000,4578.86000,4577.26000,4579.81946,4580.26642,43.54,17,0.00,"opened"
2026-05-05T14:51:04Z,XAUUSD,CLOSE,8494816934,8086880695,BUY,0.03,4577.16000,0.00000,0.00000,0.00000,0.00000,0.00,0,1.86,"deal_close"
2026-05-05T14:52:44Z,XAUUSD,OPEN,0,0,SELL,0.03,4577.16000,4578.16000,4576.56000,4578.80406,4579.70786,40.51,17,0.00,"opened"
2026-05-05T14:52:50Z,XAUUSD,CLOSE,8494853389,8086918475,BUY,0.03,4577.15000,0.00000,0.00000,0.00000,0.00000,0.00,0,0.03,"deal_close"
2026-05-05T15:00:41Z,XAUUSD,OPEN,0,0,BUY,0.03,4580.48000,4579.48000,4581.08000,4580.37218,4580.02211,57.24,4,0.00,"opened"
2026-05-05T15:00:42Z,XAUUSD,CLOSE,8494990701,8087075154,SELL,0.03,4581.24000,0.00000,0.00000,0.00000,0.00000,0.00,0,1.56,"deal_close"
2026-05-05T15:04:37Z,XAUUSD,OPEN,0,0,BUY,0.03,4582.12000,4581.12000,4582.72000,4580.45110,4580.14608,54.25,4,0.00,"opened"
2026-05-05T15:04:37Z,XAUUSD,CLOSE,8495065386,8087159428,SELL,0.03,4582.77000,0.00000,0.00000,0.00000,0.00000,0.00,0,0.15,"deal_close"
2026-05-05T15:05:40Z,XAUUSD,OPEN,0,0,BUY,0.03,4583.07000,4582.07000,4583.67000,4581.08888,4580.46371,59.36,17,0.00,"opened"
2026-05-05T15:06:25Z,XAUUSD,CLOSE,8495090854,8087201260,SELL,0.03,4582.20000,0.00000,0.00000,0.00000,0.00000,0.00,0,-3.51,"deal_close"
2026-05-05T15:07:11Z,XAUUSD,OPEN,0,0,BUY,0.03,4581.99000,4580.99000,4582.59000,4581.67808,4580.85521,56.62,17,0.00,"opened"
2026-05-05T15:07:23Z,XAUUSD,CLOSE,8495112272,8087215587,SELL,0.03,4582.68000,0.00000,0.00000,0.00000,0.00000,0.00,0,2.07,"deal_close"
2026-05-05T15:09:11Z,XAUUSD,OPEN,0,0,BUY,0.03,4582.34000,4581.34000,4582.94000,4581.75197,4581.02935,54.44,17,0.00,"opened"
2026-05-05T15:09:53Z,XAUUSD,CLOSE,8495142452,8087256507,SELL,0.03,4581.15000,0.00000,0.00000,0.00000,0.00000,0.00,0,-3.57,"deal_close"
2026-05-05T15:18:44Z,XAUUSD,OPEN,0,0,SELL,0.03,4578.71000,4579.71000,4578.11000,4580.18213,4580.50905,41.94,17,0.00,"opened"
2026-05-05T15:19:29Z,XAUUSD,CLOSE,8495270571,8087400266,BUY,0.03,4579.58000,0.00000,0.00000,0.00000,0.00000,0.00,0,-2.64,"deal_close"
2026-05-05T15:20:44Z,XAUUSD,OPEN,0,0,SELL,0.03,4576.32000,4577.32000,4575.72000,4579.58016,4580.16261,41.66,19,0.00,"opened"
2026-05-05T15:20:52Z,XAUUSD,CLOSE,8495307527,8087432798,BUY,0.03,4576.26000,0.00000,0.00000,0.00000,0.00000,0.00,0,-0.36,"deal_close"
2026-05-05T15:21:44Z,XAUUSD,OPEN,0,0,SELL,0.03,4576.71000,4577.71000,4576.11000,4578.90013,4579.80055,34.18,17,0.00,"opened"
2026-05-05T15:22:02Z,XAUUSD,CLOSE,8495326630,8087457694,BUY,0.03,4577.73000,0.00000,0.00000,0.00000,0.00000,0.00,0,-2.94,"deal_close"
2026-05-05T15:25:44Z,XAUUSD,OPEN,0,0,SELL,0.03,4577.50000,4578.50000,4576.90000,4578.45314,4579.29150,40.01,17,0.00,"opened"
2026-05-05T15:26:03Z,XAUUSD,CLOSE,8495394437,8087532967,BUY,0.03,4578.50000,0.00000,0.00000,0.00000,0.00000,0.00,0,-2.91,"deal_close"
2026-05-05T15:28:44Z,XAUUSD,OPEN,0,0,SELL,0.03,4577.24000,4578.24000,4576.64000,4577.89889,4578.82643,39.65,14,0.00,"opened"
2026-05-05T15:29:00Z,XAUUSD,CLOSE,8495441420,8087585659,BUY,0.03,4576.71000,0.00000,0.00000,0.00000,0.00000,0.00,0,1.80,"deal_close"
2026-05-05T15:40:44Z,XAUUSD,OPEN,0,0,SELL,0.03,4575.16000,4576.16000,4574.56000,4577.16166,4577.81798,41.29,17,0.00,"opened"
2026-05-05T15:40:51Z,XAUUSD,CLOSE,8495629569,8087795826,BUY,0.03,4574.95000,0.00000,0.00000,0.00000,0.00000,0.00,0,0.63,"deal_close"
2026-05-05T15:41:44Z,XAUUSD,OPEN,0,0,SELL,0.03,4574.18000,4575.18000,4573.58000,4576.65333,4577.52725,37.37,17,0.00,"opened"
2026-05-05T15:41:53Z,XAUUSD,CLOSE,8495650767,8087820618,BUY,0.03,4575.21000,0.00000,0.00000,0.00000,0.00000,0.00,0,-3.09,"deal_close"
2026-05-05T15:42:44Z,XAUUSD,OPEN,0,0,SELL,0.03,4574.27000,4575.27000,4573.67000,4576.23466,4577.25750,37.20,16,0.00,"opened"
2026-05-05T15:43:04Z,XAUUSD,CLOSE,8495669026,8087843545,BUY,0.03,4574.24000,0.00000,0.00000,0.00000,0.00000,0.00,0,-0.06,"deal_close"
2026-05-05T15:43:44Z,XAUUSD,OPEN,0,0,SELL,0.03,4575.06000,4576.06000,4574.46000,4575.76973,4576.95318,35.27,17,0.00,"opened"
2026-05-05T15:43:51Z,XAUUSD,CLOSE,8495686166,8087858613,BUY,0.03,4574.85000,0.00000,0.00000,0.00000,0.00000,0.00,0,0.63,"deal_close"
2026-05-05T15:45:44Z,XAUUSD,OPEN,0,0,SELL,0.03,4572.97000,4573.97000,4572.37000,4575.07863,4576.42552,34.73,17,0.00,"opened"
2026-05-05T15:45:59Z,XAUUSD,CLOSE,8495721974,8087901471,BUY,0.03,4574.01000,0.00000,0.00000,0.00000,0.00000,0.00,0,-3.12,"deal_close"
2026-05-05T15:48:11Z,XAUUSD,OPEN,0,0,SELL,0.03,4574.04000,4575.04000,4573.44000,4574.57858,4575.83107,40.53,17,0.00,"opened"
2026-05-05T15:48:23Z,XAUUSD,CLOSE,8495766339,8087949347,BUY,0.03,4574.08000,0.00000,0.00000,0.00000,0.00000,0.00,0,-0.06,"deal_close"
2026-05-05T15:49:14Z,XAUUSD,OPEN,0,0,SELL,0.03,4574.07000,4575.07000,4573.47000,4574.33686,4575.60734,38.01,17,0.00,"opened"
2026-05-05T15:49:17Z,XAUUSD,CLOSE,8495783267,8087965286,BUY,0.03,4573.95000,0.00000,0.00000,0.00000,0.00000,0.00,0,0.36,"deal_close"
2026-05-05T15:52:44Z,XAUUSD,OPEN,0,0,SELL,0.03,4571.85000,4572.85000,4571.25000,4574.09503,4575.17866,38.95,17,0.00,"opened"
2026-05-05T15:53:08Z,XAUUSD,CLOSE,8495838383,8088031677,BUY,0.03,4571.31000,0.00000,0.00000,0.00000,0.00000,0.00,0,1.80,"deal_close"
2026-05-05T15:53:44Z,XAUUSD,OPEN,0,0,SELL,0.03,4570.88000,4571.88000,4570.28000,4573.60003,4574.85515,34.27,17,0.00,"opened"
2026-05-05T15:53:51Z,XAUUSD,CLOSE,8495858228,8088050480,BUY,0.03,4570.63000,0.00000,0.00000,0.00000,0.00000,0.00,0,0.72,"deal_close"
2026-05-05T15:54:44Z,XAUUSD,OPEN,0,0,SELL,0.03,4570.14000,4571.14000,4569.54000,4572.97802,4574.45831,31.30,4,0.00,"opened"
2026-05-05T15:54:46Z,XAUUSD,CLOSE,8495881379,8088072145,BUY,0.03,4571.37000,0.00000,0.00000,0.00000,0.00000,0.00,0,-3.30,"deal_close"
2026-05-05T15:56:44Z,XAUUSD,OPEN,0,0,SELL,0.03,4569.66000,4570.66000,4569.06000,4572.20473,4573.82910,33.19,15,0.00,"opened"
2026-05-05T15:56:55Z,XAUUSD,CLOSE,8495914046,8088113567,BUY,0.03,4569.00000,0.00000,0.00000,0.00000,0.00000,0.00,0,1.80,"deal_close"
2026-05-05T15:57:44Z,XAUUSD,OPEN,0,0,SELL,0.03,4569.26000,4570.26000,4568.66000,4571.54179,4573.38009,28.25,11,0.00,"opened"
2026-05-05T15:58:29Z,XAUUSD,CLOSE,8495935887,8088145378,BUY,0.03,4569.50000,0.00000,0.00000,0.00000,0.00000,0.00,0,-1.44,"deal_close"
2026-05-05T16:00:44Z,XAUUSD,OPEN,0,0,SELL,0.03,4567.13000,4568.13000,4566.53000,4570.47187,4572.39091,30.86,17,0.00,"opened"
2026-05-05T16:01:04Z,XAUUSD,CLOSE,8495994494,8088208956,BUY,0.03,4566.52000,0.00000,0.00000,0.00000,0.00000,0.00,0,1.98,"deal_close"
2026-05-05T16:01:44Z,XAUUSD,OPEN,0,0,SELL,0.03,4567.90000,4568.90000,4567.30000,4569.84350,4571.93083,28.11,17,0.00,"opened"
2026-05-05T16:02:03Z,XAUUSD,CLOSE,8496019896,8088233414,BUY,0.03,4567.29000,0.00000,0.00000,0.00000,0.00000,0.00,0,1.80,"deal_close"
2026-05-05T16:03:44Z,XAUUSD,OPEN,0,0,SELL,0.03,4565.63000,4566.63000,4565.03000,4568.98104,4571.15498,29.06,17,0.00,"opened"
2026-05-05T16:03:47Z,XAUUSD,CLOSE,8496057623,8088272588,BUY,0.03,4565.80000,0.00000,0.00000,0.00000,0.00000,0.00,0,-0.57,"deal_close"
2026-05-05T16:04:44Z,XAUUSD,OPEN,0,0,SELL,0.03,4566.82000,4567.82000,4566.22000,4568.25083,4570.62544,24.78,17,0.00,"opened"
2026-05-05T16:05:00Z,XAUUSD,CLOSE,8496084143,8088307901,BUY,0.03,4567.86000,0.00000,0.00000,0.00000,0.00000,0.00,0,-3.09,"deal_close"
2026-05-05T16:06:44Z,XAUUSD,OPEN,0,0,SELL,0.03,4564.52000,4565.52000,4563.92000,4567.53933,4569.87830,30.75,17,0.00,"opened"
2026-05-05T16:06:53Z,XAUUSD,CLOSE,8496120964,8088349187,BUY,0.03,4564.16000,0.00000,0.00000,0.00000,0.00000,0.00,0,1.08,"deal_close"
2026-05-05T16:07:44Z,XAUUSD,OPEN,0,0,SELL,0.03,4563.37000,4564.37000,4562.77000,4566.78547,4569.32300,27.01,16,0.00,"opened"
2026-05-05T16:08:03Z,XAUUSD,CLOSE,8496144277,8088375860,BUY,0.03,4563.17000,0.00000,0.00000,0.00000,0.00000,0.00,0,1.02,"deal_close"
2026-05-05T16:08:44Z,XAUUSD,OPEN,0,0,SELL,0.03,4563.29000,4564.29000,4562.69000,4566.12237,4568.79091,26.45,17,0.00,"opened"
2026-05-05T16:09:06Z,XAUUSD,CLOSE,8496161684,8088394997,BUY,0.03,4564.32000,0.00000,0.00000,0.00000,0.00000,0.00,0,-3.09,"deal_close"
2026-05-05T16:09:44Z,XAUUSD,OPEN,0,0,SELL,0.03,4564.51000,4565.51000,4563.91000,4565.56590,4568.29537,26.20,17,0.00,"opened"
2026-05-05T16:10:05Z,XAUUSD,CLOSE,8496177516,8088413464,BUY,0.03,4563.90000,0.00000,0.00000,0.00000,0.00000,0.00,0,1.83,"deal_close"
2026-05-05T16:11:44Z,XAUUSD,OPEN,0,0,SELL,0.03,4563.49000,4564.49000,4562.89000,4565.02897,4567.56535,30.46,5,0.00,"opened"
2026-05-05T16:12:03Z,XAUUSD,CLOSE,8496209566,8088446949,BUY,0.03,4563.51000,0.00000,0.00000,0.00000,0.00000,0.00,0,0.06,"deal_close"
2026-05-05T16:12:34Z,XAUUSD,OPEN,0,0,SELL,0.03,4564.34000,4565.34000,4563.74000,4564.66918,4567.17122,28.94,17,0.00,"opened"
2026-05-05T16:12:53Z,XAUUSD,CLOSE,8496222030,8088461572,BUY,0.03,4564.31000,0.00000,0.00000,0.00000,0.00000,0.00,0,-0.03,"deal_close"
2026-05-05T16:16:12Z,XAUUSD,OPEN,0,0,SELL,0.03,4564.66000,4565.66000,4564.06000,4564.86357,4566.49657,36.28,10,0.00,"opened"
2026-05-05T16:16:47Z,XAUUSD,CLOSE,8496284223,8088537043,BUY,0.03,4564.46000,0.00000,0.00000,0.00000,0.00000,0.00,0,0.63,"deal_close"
2026-05-05T16:19:29Z,XAUUSD,OPEN,0,0,SELL,0.03,4564.30000,4565.30000,4563.70000,4564.61519,4565.97018,38.59,17,0.00,"opened"
2026-05-05T16:20:10Z,XAUUSD,CLOSE,8496329200,8088587847,BUY,0.03,4564.11000,0.00000,0.00000,0.00000,0.00000,0.00,0,0.57,"deal_close"
2026-05-05T16:23:11Z,XAUUSD,OPEN,0,0,SELL,0.03,4564.00000,4565.00000,4563.40000,4564.60372,4565.53470,41.69,17,0.00,"opened"
2026-05-05T16:23:56Z,XAUUSD,CLOSE,8496379801,8088644733,BUY,0.03,4563.77000,0.00000,0.00000,0.00000,0.00000,0.00,0,-0.24,"deal_close"
2026-05-05T16:24:22Z,XAUUSD,OPEN,0,0,SELL,0.03,4561.80000,4562.80000,4561.20000,4564.40098,4565.35791,38.85,17,0.00,"opened"
2026-05-05T16:24:25Z,XAUUSD,CLOSE,8496399988,8088657118,BUY,0.03,4562.88000,0.00000,0.00000,0.00000,0.00000,0.00,0,-3.30,"deal_close"
2026-05-05T16:25:44Z,XAUUSD,OPEN,0,0,SELL,0.03,4557.55000,4558.55000,4556.95000,4563.85278,4565.02174,33.08,17,0.00,"opened"
2026-05-05T16:26:01Z,XAUUSD,CLOSE,8496444672,8088717325,BUY,0.03,4557.51000,0.00000,0.00000,0.00000,0.00000,0.00,0,0.27,"deal_close"
2026-05-05T16:26:44Z,XAUUSD,OPEN,0,0,SELL,0.03,4557.83000,4558.83000,4557.23000,4562.54423,4564.32067,24.31,17,0.00,"opened"
2026-05-05T16:26:49Z,XAUUSD,CLOSE,8496472404,8088739710,BUY,0.03,4557.81000,0.00000,0.00000,0.00000,0.00000,0.00,0,0.06,"deal_close"
2026-05-05T16:28:44Z,XAUUSD,OPEN,0,0,SELL,0.03,4558.10000,4559.10000,4557.50000,4560.79111,4563.17270,26.83,15,0.00,"opened"
2026-05-05T16:28:55Z,XAUUSD,CLOSE,8496517348,8088790393,BUY,0.03,4559.10000,0.00000,0.00000,0.00000,0.00000,0.00,0,-3.00,"deal_close"
2026-05-05T16:31:44Z,XAUUSD,OPEN,0,0,SELL,0.03,4555.52000,4556.52000,4554.92000,4559.67385,4562.03360,32.02,14,0.00,"opened"
2026-05-05T16:31:47Z,XAUUSD,CLOSE,8496589267,8088871824,BUY,0.03,4554.91000,0.00000,0.00000,0.00000,0.00000,0.00,0,0.99,"deal_close"
2026-05-05T16:32:44Z,XAUUSD,OPEN,0,0,SELL,0.03,4554.32000,4555.32000,4553.72000,4558.70308,4561.37782,28.08,17,0.00,"opened"
2026-05-05T16:32:49Z,XAUUSD,CLOSE,8496620170,8088908146,BUY,0.03,4555.39000,0.00000,0.00000,0.00000,0.00000,0.00,0,-3.36,"deal_close"
2026-05-05T16:33:44Z,XAUUSD,OPEN,0,0,SELL,0.03,4555.24000,4556.24000,4554.64000,4557.87446,4560.75802,27.66,17,0.00,"opened"
2026-05-05T16:34:05Z,XAUUSD,CLOSE,8496643762,8088939033,BUY,0.03,4556.39000,0.00000,0.00000,0.00000,0.00000,0.00,0,-3.45,"deal_close"
2026-05-05T16:37:23Z,XAUUSD,OPEN,0,0,SELL,0.03,4557.39000,4558.39000,4556.79000,4557.66511,4559.71137,39.69,17,0.00,"opened"
2026-05-05T16:37:27Z,XAUUSD,CLOSE,8496716199,8089010926,BUY,0.03,4556.73000,0.00000,0.00000,0.00000,0.00000,0.00,0,1.86,"deal_close"
2026-05-05T16:38:11Z,XAUUSD,OPEN,0,0,SELL,0.03,4557.20000,4558.20000,4556.60000,4557.58809,4559.49033,39.32,13,0.00,"opened"
2026-05-05T16:38:44Z,XAUUSD,CLOSE,8496732198,8089034449,BUY,0.03,4558.29000,0.00000,0.00000,0.00000,0.00000,0.00,0,-3.24,"deal_close"
2026-05-05T16:40:22Z,XAUUSD,OPEN,0,0,SELL,0.03,4556.96000,4557.96000,4556.36000,4557.25397,4559.00854,36.27,17,0.00,"opened"
2026-05-05T16:40:37Z,XAUUSD,CLOSE,8496766019,8089069266,BUY,0.03,4557.97000,0.00000,0.00000,0.00000,0.00000,0.00,0,-2.94,"deal_close"
2026-05-05T16:45:44Z,XAUUSD,OPEN,0,0,SELL,0.03,4556.62000,4557.62000,4556.02000,4557.26419,4558.35564,40.13,17,0.00,"opened"
2026-05-05T16:45:46Z,XAUUSD,CLOSE,8496846133,8089150706,BUY,0.03,4556.74000,0.00000,0.00000,0.00000,0.00000,0.00,0,-0.36,"deal_close"
2026-05-05T16:47:11Z,XAUUSD,OPEN,0,0,SELL,0.03,4556.61000,4557.61000,4556.01000,4557.24428,4558.16516,41.35,17,0.00,"opened"
2026-05-05T16:47:33Z,XAUUSD,CLOSE,8496865967,8089175860,BUY,0.03,4555.89000,0.00000,0.00000,0.00000,0.00000,0.00,0,2.19,"deal_close"
2026-05-05T16:55:44Z,XAUUSD,OPEN,0,0,BUY,0.03,4560.80000,4559.80000,4561.40000,4558.73326,4558.47554,56.33,18,0.00,"opened"
2026-05-05T16:55:50Z,XAUUSD,CLOSE,8497004538,8089327493,SELL,0.03,4561.20000,0.00000,0.00000,0.00000,0.00000,0.00,0,1.80,"deal_close"
2026-05-05T16:56:44Z,XAUUSD,OPEN,0,0,BUY,0.03,4561.33000,4560.33000,4561.93000,4559.29861,4558.75594,61.43,17,0.00,"opened"
2026-05-05T16:57:21Z,XAUUSD,CLOSE,8497023368,8089355857,SELL,0.03,4561.54000,0.00000,0.00000,0.00000,0.00000,0.00,0,0.63,"deal_close"
2026-05-05T16:58:44Z,XAUUSD,OPEN,0,0,BUY,0.03,4562.71000,4561.71000,4563.31000,4560.04711,4559.20822,60.82,24,0.00,"opened"
2026-05-05T16:59:07Z,XAUUSD,CLOSE,8497054416,8089388175,SELL,0.03,4561.71000,0.00000,0.00000,0.00000,0.00000,0.00,0,-2.82,"deal_close"
2026-05-05T16:59:44Z,XAUUSD,OPEN,0,0,BUY,0.03,4561.18000,4560.18000,4561.78000,4560.44969,4559.46747,62.46,17,0.00,"opened"
2026-05-05T16:59:58Z,XAUUSD,CLOSE,8497069384,8089402681,SELL,0.03,4561.20000,0.00000,0.00000,0.00000,0.00000,0.00,0,0.06,"deal_close"
2026-05-05T17:01:44Z,XAUUSD,OPEN,0,0,BUY,0.03,4562.19000,4561.19000,4562.79000,4560.73260,4559.77378,57.91,17,0.00,"opened"
2026-05-05T17:02:11Z,XAUUSD,CLOSE,8497104480,8089446018,SELL,0.03,4561.16000,0.00000,0.00000,0.00000,0.00000,0.00,0,-3.06,"deal_close"
2026-05-05T17:02:11Z,XAUUSD,OPEN,0,0,BUY,0.03,4561.28000,4560.28000,4561.88000,4560.99008,4559.97798,60.90,17,0.00,"opened"
2026-05-05T17:02:42Z,XAUUSD,CLOSE,8497111964,8089454256,SELL,0.03,4560.26000,0.00000,0.00000,0.00000,0.00000,0.00,0,-3.06,"deal_close"
2026-05-05T17:08:44Z,XAUUSD,OPEN,0,0,SELL,0.03,4555.65000,4556.65000,4555.05000,4558.83501,4559.28999,34.98,17,0.00,"opened"
2026-05-05T17:08:57Z,XAUUSD,CLOSE,8497225990,8089578037,BUY,0.03,4554.83000,0.00000,0.00000,0.00000,0.00000,0.00,0,2.46,"deal_close"
2026-05-05T17:09:44Z,XAUUSD,OPEN,0,0,SELL,0.03,4554.08000,4555.08000,4553.48000,4558.00401,4558.87090,31.28,4,0.00,"opened"
2026-05-05T17:10:02Z,XAUUSD,CLOSE,8497248887,8089606176,BUY,0.03,4555.12000,0.00000,0.00000,0.00000,0.00000,0.00,0,-3.09,"deal_close"
2026-05-05T17:11:44Z,XAUUSD,OPEN,0,0,SELL,0.03,4554.69000,4555.69000,4554.09000,4556.80296,4558.14215,31.26,17,0.00,"opened"
2026-05-05T17:11:51Z,XAUUSD,CLOSE,8497288359,8089646387,BUY,0.03,4555.79000,0.00000,0.00000,0.00000,0.00000,0.00,0,-3.30,"deal_close"
2026-05-05T17:13:23Z,XAUUSD,OPEN,0,0,SELL,0.03,4555.69000,4556.69000,4555.09000,4556.01950,4557.54277,32.00,17,0.00,"opened"
2026-05-05T17:13:29Z,XAUUSD,CLOSE,8497314818,8089674219,BUY,0.03,4555.69000,0.00000,0.00000,0.00000,0.00000,0.00,0,0.00,"deal_close"
2026-05-05T17:14:26Z,XAUUSD,OPEN,0,0,SELL,0.03,4555.27000,4556.27000,4554.67000,4555.55960,4557.19525,31.89,17,0.00,"opened"
2026-05-05T17:14:55Z,XAUUSD,CLOSE,8497329525,8089698589,BUY,0.03,4556.32000,0.00000,0.00000,0.00000,0.00000,0.00,0,-2.88,"deal_close"
2026-05-05T17:20:44Z,XAUUSD,OPEN,0,0,BUY,0.03,4561.28000,4560.28000,4561.88000,4557.76694,4557.62100,62.08,16,0.00,"opened"
2026-05-05T17:21:29Z,XAUUSD,CLOSE,8497431305,8089811750,SELL,0.03,4560.91000,0.00000,0.00000,0.00000,0.00000,0.00,0,-1.11,"deal_close"
2026-05-05T17:21:44Z,XAUUSD,OPEN,0,0,BUY,0.03,4561.05000,4560.05000,4561.65000,4558.43555,4557.93818,62.98,17,0.00,"opened"
2026-05-05T17:22:04Z,XAUUSD,CLOSE,8497443076,8089820386,SELL,0.03,4560.04000,0.00000,0.00000,0.00000,0.00000,0.00,0,-3.03,"deal_close"
2026-05-05T17:23:44Z,XAUUSD,OPEN,0,0,BUY,0.03,4561.11000,4560.11000,4561.71000,4559.20915,4558.39552,60.55,17,0.00,"opened"
2026-05-05T17:24:13Z,XAUUSD,CLOSE,8497468242,8089850200,SELL,0.03,4560.08000,0.00000,0.00000,0.00000,0.00000,0.00,0,-3.27,"deal_close"
2026-05-05T17:28:29Z,XAUUSD,OPEN,0,0,BUY,0.03,4559.58000,4558.58000,4560.18000,4559.32063,4558.77692,54.92,17,0.00,"opened"
2026-05-05T17:29:04Z,XAUUSD,CLOSE,8497536593,8089928512,SELL,0.03,4558.57000,0.00000,0.00000,0.00000,0.00000,0.00,0,-2.85,"deal_close"
2026-05-05T17:35:44Z,XAUUSD,OPEN,0,0,BUY,0.03,4560.96000,4559.96000,4561.56000,4558.99741,4558.73679,61.29,16,0.00,"opened"
2026-05-05T17:35:49Z,XAUUSD,CLOSE,8497646517,8090046019,SELL,0.03,4559.90000,0.00000,0.00000,0.00000,0.00000,0.00,0,-3.18,"deal_close"
2026-05-05T17:37:44Z,XAUUSD,OPEN,0,0,BUY,0.03,4561.53000,4560.53000,4562.13000,4559.98194,4559.24504,63.85,17,0.00,"opened"
2026-05-05T17:38:17Z,XAUUSD,CLOSE,8497679083,8090087806,SELL,0.03,4560.36000,0.00000,0.00000,0.00000,0.00000,0.00,0,-3.60,"deal_close"
2026-05-05T17:40:25Z,XAUUSD,OPEN,0,0,BUY,0.03,4560.66000,4559.66000,4561.26000,4560.38987,4559.64233,55.33,17,0.00,"opened"
2026-05-05T17:40:27Z,XAUUSD,CLOSE,8497714079,8090118439,SELL,0.03,4560.66000,0.00000,0.00000,0.00000,0.00000,0.00,0,0.00,"deal_close"
2026-05-05T17:41:41Z,XAUUSD,OPEN,0,0,BUY,0.03,4561.54000,4560.54000,4562.14000,4560.68390,4559.84394,58.72,13,0.00,"opened"
2026-05-05T17:41:46Z,XAUUSD,CLOSE,8497731125,8090137206,SELL,0.03,4561.54000,0.00000,0.00000,0.00000,0.00000,0.00,0,0.00,"deal_close"
2026-05-05T17:49:34Z,XAUUSD,OPEN,0,0,BUY,0.03,4562.00000,4561.00000,4562.60000,4560.62567,4560.28216,54.85,17,0.00,"opened"
2026-05-05T17:50:11Z,XAUUSD,CLOSE,8497811105,8090231523,SELL,0.03,4560.82000,0.00000,0.00000,0.00000,0.00000,0.00,0,-3.69,"deal_close"
2026-05-06T07:45:54Z,XAUUSD,OPEN,0,0,BUY,0.01,4673.04000,4672.04000,4673.64000,4667.66084,4666.24807,66.42,17,0.00,"opened"
2026-05-06T07:45:56Z,XAUUSD,CLOSE,8505811722,8099191368,SELL,0.01,4673.69000,0.00000,0.00000,0.00000,0.00000,0.00,0,0.61,"deal_close"
2026-05-06T07:53:45Z,XAUUSD,OPEN,0,0,BUY,0.01,4675.70000,4674.70000,4676.30000,4674.01626,4671.01386,66.43,17,0.00,"opened"
2026-05-06T07:54:07Z,XAUUSD,CLOSE,8505977050,8099385018,SELL,0.01,4674.56000,0.00000,0.00000,0.00000,0.00000,0.00,0,-1.35,"deal_close"
2026-05-06T07:57:11Z,XAUUSD,OPEN,0,0,BUY,0.01,4675.88000,4674.88000,4676.48000,4674.43719,4672.19249,63.69,17,0.00,"opened"
2026-05-06T07:57:22Z,XAUUSD,CLOSE,8506021238,8099432939,SELL,0.01,4674.79000,0.00000,0.00000,0.00000,0.00000,0.00,0,-1.09,"deal_close"
2026-05-06T07:58:45Z,XAUUSD,OPEN,0,0,BUY,0.01,4677.10000,4676.10000,4677.70000,4674.76175,4672.54408,66.41,17,0.00,"opened"
2026-05-06T07:59:00Z,XAUUSD,CLOSE,8506044685,8099461316,SELL,0.01,4677.10000,0.00000,0.00000,0.00000,0.00000,0.00,0,0.00,"deal_close"
2026-05-06T08:03:12Z,XAUUSD,OPEN,0,0,BUY,0.01,4677.80000,4676.80000,4678.40000,4676.94059,4674.66832,60.07,18,0.00,"opened"
2026-05-06T08:03:20Z,XAUUSD,CLOSE,8506156434,8099588994,SELL,0.01,4678.42000,0.00000,0.00000,0.00000,0.00000,0.00,0,0.65,"deal_close"
2026-05-06T08:04:18Z,XAUUSD,OPEN,0,0,BUY,0.01,4678.33000,4677.33000,4678.93000,4677.08447,4674.94030,60.82,17,0.00,"opened"
2026-05-06T08:04:34Z,XAUUSD,CLOSE,8506172450,8099608668,SELL,0.01,4678.42000,0.00000,0.00000,0.00000,0.00000,0.00,0,0.01,"deal_close"
2026-05-06T08:05:18Z,XAUUSD,OPEN,0,0,BUY,0.01,4677.46000,4676.46000,4678.06000,4677.21558,4675.19481,61.00,17,0.00,"opened"
2026-05-06T08:05:21Z,XAUUSD,CLOSE,8506185601,8099620024,SELL,0.01,4678.10000,0.00000,0.00000,0.00000,0.00000,0.00,0,0.61,"deal_close"
2026-05-06T08:06:45Z,XAUUSD,OPEN,0,0,BUY,0.01,4680.05000,4679.05000,4680.65000,4677.61046,4675.55801,64.21,15,0.00,"opened"
2026-05-06T08:06:52Z,XAUUSD,CLOSE,8506210186,8099649079,SELL,0.01,4678.99000,0.00000,0.00000,0.00000,0.00000,0.00,0,-1.15,"deal_close"
2026-05-06T08:10:11Z,XAUUSD,OPEN,0,0,BUY,0.01,4678.80000,4677.80000,4679.40000,4677.31633,4676.07376,56.56,17,0.00,"opened"
2026-05-06T08:10:26Z,XAUUSD,CLOSE,8506261185,8099709030,SELL,0.01,4677.64000,0.00000,0.00000,0.00000,0.00000,0.00,0,-1.11,"deal_close"
2026-05-06T08:11:44Z,XAUUSD,OPEN,0,0,BUY,0.01,4681.05000,4680.05000,4681.65000,4677.76507,4676.39069,61.13,22,0.00,"opened"
2026-05-06T08:11:46Z,XAUUSD,CLOSE,8506291167,8099739733,SELL,0.01,4681.91000,0.00000,0.00000,0.00000,0.00000,0.00,0,0.85,"deal_close"
2026-05-06T08:12:44Z,XAUUSD,OPEN,0,0,BUY,0.01,4679.93000,4678.93000,4680.53000,4678.51405,4676.85608,64.91,17,0.00,"opened"
2026-05-06T08:12:55Z,XAUUSD,CLOSE,8506308600,8099761833,SELL,0.01,4678.82000,0.00000,0.00000,0.00000,0.00000,0.00,0,-1.04,"deal_close"
2026-05-06T08:14:19Z,XAUUSD,OPEN,0,0,BUY,0.01,4679.60000,4678.60000,4680.20000,4678.79859,4677.27809,58.35,17,0.00,"opened"
2026-05-06T08:14:31Z,XAUUSD,CLOSE,8506331235,8099788221,SELL,0.01,4680.20000,0.00000,0.00000,0.00000,0.00000,0.00,0,0.60,"deal_close"
2026-05-06T08:15:42Z,XAUUSD,OPEN,0,0,BUY,0.01,4679.07000,4678.07000,4679.67000,4678.96088,4677.49008,58.51,4,0.00,"opened"
2026-05-06T08:15:55Z,XAUUSD,CLOSE,8506350939,8099811954,SELL,0.01,4680.12000,0.00000,0.00000,0.00000,0.00000,0.00,0,0.68,"deal_close"
2026-05-06T08:16:12Z,XAUUSD,OPEN,0,0,BUY,0.01,4679.72000,4678.72000,4680.32000,4679.16470,4677.71643,59.37,19,0.00,"opened"
2026-05-06T08:16:20Z,XAUUSD,CLOSE,8506357934,8099818682,SELL,0.01,4680.06000,0.00000,0.00000,0.00000,0.00000,0.00,0,0.36,"deal_close"
2026-05-06T08:27:24Z,XAUUSD,OPEN,0,0,BUY,0.01,4679.17000,4678.17000,4679.77000,4678.60590,4678.26370,54.95,17,0.00,"opened"
2026-05-06T08:27:42Z,XAUUSD,CLOSE,8506492339,8099978662,SELL,0.01,4679.02000,0.00000,0.00000,0.00000,0.00000,0.00,0,-0.14,"deal_close"
2026-05-06T08:35:44Z,XAUUSD,OPEN,0,0,SELL,0.01,4673.74000,4674.74000,4673.14000,4677.35362,4677.72692,43.84,17,0.00,"opened"
2026-05-06T08:35:50Z,XAUUSD,CLOSE,8506609024,8100109503,BUY,0.01,4673.45000,0.00000,0.00000,0.00000,0.00000,0.00,0,0.28,"deal_close"
2026-05-06T08:36:44Z,XAUUSD,OPEN,0,0,SELL,0.01,4675.04000,4676.04000,4674.44000,4676.37089,4677.24629,34.39,17,0.00,"opened"
2026-05-06T08:36:46Z,XAUUSD,CLOSE,8506631171,8100132348,BUY,0.01,4674.42000,0.00000,0.00000,0.00000,0.00000,0.00,0,0.62,"deal_close"
2026-05-06T08:38:23Z,XAUUSD,OPEN,0,0,SELL,0.01,4675.18000,4676.18000,4674.58000,4675.49777,4676.67883,39.73,17,0.00,"opened"
2026-05-06T08:39:08Z,XAUUSD,CLOSE,8506659095,8100174739,BUY,0.01,4675.61000,0.00000,0.00000,0.00000,0.00000,0.00,0,-0.43,"deal_close"
2026-05-06T08:42:12Z,XAUUSD,OPEN,0,0,SELL,0.01,4674.84000,4675.84000,4674.24000,4675.11059,4676.11153,43.63,17,0.00,"opened"
2026-05-06T08:42:28Z,XAUUSD,CLOSE,8506706675,8100221880,BUY,0.01,4675.85000,0.00000,0.00000,0.00000,0.00000,0.00,0,-1.01,"deal_close"
2026-05-06T08:47:44Z,XAUUSD,OPEN,0,0,BUY,0.01,4679.01000,4678.01000,4679.61000,4676.92865,4676.74513,55.62,39,0.00,"opened"
2026-05-06T08:47:56Z,XAUUSD,CLOSE,8506784811,8100312133,SELL,0.01,4679.56000,0.00000,0.00000,0.00000,0.00000,0.00,0,0.65,"deal_close"
2026-05-06T08:48:44Z,XAUUSD,OPEN,0,0,BUY,0.01,4680.17000,4679.17000,4680.77000,4677.38292,4676.96830,58.52,14,0.00,"opened"
2026-05-06T08:49:08Z,XAUUSD,CLOSE,8506804511,8100337707,SELL,0.01,4680.89000,0.00000,0.00000,0.00000,0.00000,0.00,0,0.72,"deal_close"
2026-05-06T08:49:44Z,XAUUSD,OPEN,0,0,BUY,0.01,4681.89000,4680.89000,4682.49000,4677.94433,4677.26119,61.39,12,0.00,"opened"
2026-05-06T08:49:49Z,XAUUSD,CLOSE,8506825196,8100356243,SELL,0.01,4680.86000,0.00000,0.00000,0.00000,0.00000,0.00,0,-0.40,"deal_close"
2026-05-06T09:09:20Z,XAUUSD,OPEN,0,0,BUY,0.01,4695.45000,4694.45000,4696.05000,4694.21980,4692.47900,57.68,4,0.00,"opened"
2026-05-06T09:09:45Z,XAUUSD,CLOSE,8507539201,8101189284,SELL,0.01,4695.74000,0.00000,0.00000,0.00000,0.00000,0.00,0,0.08,"deal_close"
2026-05-06T09:11:14Z,XAUUSD,OPEN,0,0,BUY,0.01,4694.76000,4693.76000,4695.36000,4694.52787,4692.92959,56.26,17,0.00,"opened"
2026-05-06T09:11:17Z,XAUUSD,CLOSE,8507571531,8101219081,SELL,0.01,4695.12000,0.00000,0.00000,0.00000,0.00000,0.00,0,0.36,"deal_close"
2026-05-06T09:12:41Z,XAUUSD,OPEN,0,0,BUY,0.01,4698.83000,4697.83000,4699.43000,4694.91230,4693.24962,58.35,17,0.00,"opened"
2026-05-06T09:12:48Z,XAUUSD,CLOSE,8507598023,8101254666,SELL,0.01,4697.04000,0.00000,0.00000,0.00000,0.00000,0.00,0,-1.80,"deal_close"
2026-05-06T09:13:41Z,XAUUSD,OPEN,0,0,BUY,0.01,4695.49000,4694.49000,4696.09000,4695.25784,4693.55784,58.64,17,0.00,"opened"
2026-05-06T09:13:43Z,XAUUSD,CLOSE,8507618928,8101275835,SELL,0.01,4696.41000,0.00000,0.00000,0.00000,0.00000,0.00,0,0.86,"deal_close"
2026-05-06T09:14:33Z,XAUUSD,OPEN,0,0,BUY,0.01,4696.37000,4695.37000,4696.97000,4695.58827,4693.86258,59.09,17,0.00,"opened"
2026-05-06T09:14:44Z,XAUUSD,CLOSE,8507631677,8101292479,SELL,0.01,4695.35000,0.00000,0.00000,0.00000,0.00000,0.00,0,-1.02,"deal_close"
2026-05-06T09:17:17Z,XAUUSD,OPEN,0,0,BUY,0.01,4695.84000,4694.84000,4696.44000,4695.61343,4694.30013,56.57,17,0.00,"opened"
2026-05-06T09:17:30Z,XAUUSD,CLOSE,8507675506,8101343825,SELL,0.01,4696.47000,0.00000,0.00000,0.00000,0.00000,0.00,0,0.61,"deal_close"
2026-05-06T09:18:44Z,XAUUSD,OPEN,0,0,BUY,0.01,4701.46000,4700.46000,4702.06000,4696.13875,4694.65830,60.81,17,0.00,"opened"
2026-05-06T09:18:53Z,XAUUSD,CLOSE,8507707208,8101379849,SELL,0.01,4701.80000,0.00000,0.00000,0.00000,0.00000,0.00,0,0.23,"deal_close"
2026-05-06T09:19:44Z,XAUUSD,OPEN,0,0,BUY,0.01,4702.28000,4701.28000,4702.88000,4697.21300,4695.28118,66.00,17,0.00,"opened"
2026-05-06T09:19:46Z,XAUUSD,CLOSE,8507731521,8101403999,SELL,0.01,4701.27000,0.00000,0.00000,0.00000,0.00000,0.00,0,-0.80,"deal_close"
2026-05-06T09:27:44Z,XAUUSD,OPEN,0,0,BUY,0.01,4699.14000,4698.14000,4699.74000,4695.88300,4695.54341,54.07,17,0.00,"opened"
2026-05-06T09:27:54Z,XAUUSD,CLOSE,8507883172,8101581621,SELL,0.01,4699.32000,0.00000,0.00000,0.00000,0.00000,0.00,0,0.19,"deal_close"
2026-05-06T09:28:44Z,XAUUSD,OPEN,0,0,BUY,0.01,4702.31000,4701.31000,4702.91000,4696.75040,4695.96855,59.92,17,0.00,"opened"
2026-05-06T09:28:48Z,XAUUSD,CLOSE,8507911927,8101610877,SELL,0.01,4702.89000,0.00000,0.00000,0.00000,0.00000,0.00,0,0.61,"deal_close"
2026-05-06T09:29:45Z,XAUUSD,OPEN,0,0,BUY,0.01,4699.68000,4698.68000,4700.28000,4697.91232,4696.56777,63.37,17,0.00,"opened"
2026-05-06T09:30:00Z,XAUUSD,CLOSE,8507931520,8101634772,SELL,0.01,4699.84000,0.00000,0.00000,0.00000,0.00000,0.00,0,0.09,"deal_close"
2026-05-06T09:33:44Z,XAUUSD,OPEN,0,0,BUY,0.01,4702.15000,4701.15000,4702.75000,4698.91423,4697.50594,59.22,17,0.00,"opened"
2026-05-06T09:34:07Z,XAUUSD,CLOSE,8508011422,8101727329,SELL,0.01,4702.15000,0.00000,0.00000,0.00000,0.00000,0.00,0,0.02,"deal_close"
2026-05-06T09:35:44Z,XAUUSD,OPEN,0,0,BUY,0.01,4703.64000,4702.64000,4704.24000,4700.30951,4698.41408,61.46,18,0.00,"opened"
2026-05-06T09:36:02Z,XAUUSD,CLOSE,8508046493,8101765303,SELL,0.01,4702.68000,0.00000,0.00000,0.00000,0.00000,0.00,0,-0.96,"deal_close"
2026-05-06T09:37:44Z,XAUUSD,OPEN,0,0,BUY,0.01,4705.21000,4704.21000,4705.81000,4701.24888,4699.19403,60.21,17,0.00,"opened"
2026-05-06T09:37:48Z,XAUUSD,CLOSE,8508087034,8101805579,SELL,0.01,4705.83000,0.00000,0.00000,0.00000,0.00000,0.00,0,0.61,"deal_close"
2026-05-06T09:38:44Z,XAUUSD,OPEN,0,0,BUY,0.01,4703.58000,4702.58000,4704.18000,4701.91911,4699.68548,62.66,17,0.00,"opened"
2026-05-06T09:38:58Z,XAUUSD,CLOSE,8508103683,8101826174,SELL,0.01,4702.51000,0.00000,0.00000,0.00000,0.00000,0.00,0,-1.10,"deal_close"
2026-05-06T09:40:45Z,XAUUSD,OPEN,0,0,BUY,0.01,4703.20000,4702.20000,4703.80000,4702.23703,4700.21974,58.70,17,0.00,"opened"
2026-05-06T09:40:54Z,XAUUSD,CLOSE,8508136919,8101863190,SELL,0.01,4702.00000,0.00000,0.00000,0.00000,0.00000,0.00,0,-1.18,"deal_close"
2026-05-06T09:45:44Z,XAUUSD,OPEN,0,0,SELL,0.01,4695.03000,4696.03000,4694.43000,4699.30060,4699.47826,43.10,17,0.00,"opened"
2026-05-06T09:45:49Z,XAUUSD,CLOSE,8508231280,8101962895,BUY,0.01,4696.09000,0.00000,0.00000,0.00000,0.00000,0.00,0,-1.06,"deal_close"
2026-05-06T09:46:26Z,XAUUSD,OPEN,0,0,SELL,0.01,4698.21000,4699.21000,4697.61000,4698.55448,4699.12296,42.25,17,0.00,"opened"
2026-05-06T09:47:00Z,XAUUSD,CLOSE,8508241920,8101985072,BUY,0.01,4699.30000,0.00000,0.00000,0.00000,0.00000,0.00,0,-1.09,"deal_close"
2026-05-06T09:56:45Z,XAUUSD,OPEN,0,0,BUY,0.01,4701.58000,4700.58000,4702.18000,4699.87563,4699.56452,56.42,4,0.00,"opened"
2026-05-06T09:57:12Z,XAUUSD,CLOSE,8508406168,8102162109,SELL,0.01,4701.98000,0.00000,0.00000,0.00000,0.00000,0.00,0,0.13,"deal_close"
2026-05-06T09:58:44Z,XAUUSD,OPEN,0,0,BUY,0.01,4701.42000,4700.42000,4702.02000,4700.40400,4699.87043,56.19,17,0.00,"opened"
2026-05-06T09:59:15Z,XAUUSD,CLOSE,8508431839,8102189303,SELL,0.01,4702.02000,0.00000,0.00000,0.00000,0.00000,0.00,0,0.60,"deal_close"
2026-05-06T10:00:30Z,XAUUSD,OPEN,0,0,BUY,0.01,4705.69000,4704.69000,4706.29000,4700.81616,4700.15887,56.61,5,0.00,"opened"
2026-05-06T10:00:31Z,XAUUSD,CLOSE,8508462479,8102216752,SELL,0.01,4704.39000,0.00000,0.00000,0.00000,0.00000,0.00,0,-1.10,"deal_close"
2026-05-06T10:01:44Z,XAUUSD,OPEN,0,0,BUY,0.01,4703.45000,4702.45000,4704.05000,4701.49693,4700.52806,62.84,16,0.00,"opened"
2026-05-06T10:02:04Z,XAUUSD,CLOSE,8508486388,8102248528,SELL,0.01,4703.46000,0.00000,0.00000,0.00000,0.00000,0.00,0,0.00,"deal_close"
2026-05-06T10:09:45Z,XAUUSD,OPEN,0,0,SELL,0.01,4696.28000,4697.28000,4695.68000,4700.19153,4700.40628,42.05,17,0.00,"opened"
2026-05-06T10:10:16Z,XAUUSD,CLOSE,8508619787,8102402887,BUY,0.01,4697.41000,0.00000,0.00000,0.00000,0.00000,0.00,0,-1.13,"deal_close"
2026-05-06T10:10:44Z,XAUUSD,OPEN,0,0,SELL,0.01,4698.04000,4699.04000,4697.44000,4699.44323,4700.04662,39.34,17,0.00,"opened"
2026-05-06T10:11:01Z,XAUUSD,CLOSE,8508635444,8102416951,BUY,0.01,4699.19000,0.00000,0.00000,0.00000,0.00000,0.00,0,-1.15,"deal_close"
2026-05-06T10:13:50Z,XAUUSD,OPEN,0,0,SELL,0.01,4698.56000,4699.56000,4697.96000,4698.68461,4699.52146,43.33,4,0.00,"opened"
2026-05-06T10:14:35Z,XAUUSD,CLOSE,8508679938,8102471941,BUY,0.01,4698.93000,0.00000,0.00000,0.00000,0.00000,0.00,0,-0.56,"deal_close"
2026-05-06T10:16:34Z,XAUUSD,OPEN,0,0,SELL,0.01,4697.96000,4698.96000,4697.36000,4698.22892,4699.09300,42.68,17,0.00,"opened"
2026-05-06T10:16:41Z,XAUUSD,CLOSE,8508717967,8102506419,BUY,0.01,4698.99000,0.00000,0.00000,0.00000,0.00000,0.00,0,-0.86,"deal_close"
2026-05-06T10:26:44Z,XAUUSD,OPEN,0,0,BUY,0.01,4702.50000,4701.50000,4703.10000,4699.90133,4699.48129,60.59,17,0.00,"opened"
2026-05-06T10:27:24Z,XAUUSD,CLOSE,8508867445,8102683097,SELL,0.01,4703.20000,0.00000,0.00000,0.00000,0.00000,0.00,0,0.70,"deal_close"
2026-05-06T10:28:44Z,XAUUSD,OPEN,0,0,BUY,0.01,4703.47000,4702.47000,4704.07000,4701.04965,4700.09627,64.36,14,0.00,"opened"
2026-05-06T10:29:16Z,XAUUSD,CLOSE,8508904130,8102721916,SELL,0.01,4702.45000,0.00000,0.00000,0.00000,0.00000,0.00,0,-1.13,"deal_close"
2026-05-06T10:30:44Z,XAUUSD,OPEN,0,0,BUY,0.01,4711.70000,4710.70000,4712.30000,4702.09738,4700.76039,64.31,17,0.00,"opened"
2026-05-06T10:30:48Z,XAUUSD,CLOSE,8508962424,8102786610,SELL,0.01,4710.49000,0.00000,0.00000,0.00000,0.00000,0.00,0,-1.36,"deal_close"
2026-05-06T10:33:44Z,XAUUSD,OPEN,0,0,BUY,0.01,4710.31000,4709.31000,4710.91000,4705.44602,4702.82662,64.29,15,0.00,"opened"
2026-05-06T10:33:48Z,XAUUSD,CLOSE,8509032562,8102865145,SELL,0.01,4711.21000,0.00000,0.00000,0.00000,0.00000,0.00,0,0.49,"deal_close"
2026-05-06T10:34:44Z,XAUUSD,OPEN,0,0,BUY,0.01,4710.19000,4709.19000,4710.79000,4706.54281,4703.56329,67.23,18,0.00,"opened"
2026-05-06T10:35:22Z,XAUUSD,CLOSE,8509053692,8102898633,SELL,0.01,4710.69000,0.00000,0.00000,0.00000,0.00000,0.00,0,0.47,"deal_close"
2026-05-06T10:37:17Z,XAUUSD,OPEN,0,0,BUY,0.01,4708.76000,4707.76000,4709.36000,4707.74808,4704.92320,61.77,17,0.00,"opened"
2026-05-06T10:37:30Z,XAUUSD,CLOSE,8509099323,8102941302,SELL,0.01,4709.44000,0.00000,0.00000,0.00000,0.00000,0.00,0,0.66,"deal_close"
2026-05-06T10:38:20Z,XAUUSD,OPEN,0,0,BUY,0.01,4708.53000,4707.53000,4709.13000,4708.00246,4705.29564,62.01,17,0.00,"opened"
2026-05-06T10:38:32Z,XAUUSD,CLOSE,8509117297,8102961307,SELL,0.01,4708.46000,0.00000,0.00000,0.00000,0.00000,0.00,0,-0.07,"deal_close"
2026-05-06T10:40:45Z,XAUUSD,OPEN,0,0,BUY,0.01,4710.39000,4709.39000,4710.99000,4708.46518,4705.97780,63.33,17,0.00,"opened"
2026-05-06T10:40:49Z,XAUUSD,CLOSE,8509158426,8103006439,SELL,0.01,4711.29000,0.00000,0.00000,0.00000,0.00000,0.00,0,0.84,"deal_close"
2026-05-06T10:41:44Z,XAUUSD,OPEN,0,0,BUY,0.01,4713.40000,4712.40000,4714.00000,4709.14014,4706.51073,66.32,17,0.00,"opened"
2026-05-06T10:41:49Z,XAUUSD,CLOSE,8509202374,8103057669,SELL,0.01,4712.38000,0.00000,0.00000,0.00000,0.00000,0.00,0,-0.97,"deal_close"
2026-05-06T10:43:44Z,XAUUSD,OPEN,0,0,BUY,0.01,4714.50000,4713.50000,4715.10000,4710.22889,4707.48407,67.30,10,0.00,"opened"
2026-05-06T10:44:11Z,XAUUSD,CLOSE,8509250578,8103122213,SELL,0.01,4715.11000,0.00000,0.00000,0.00000,0.00000,0.00,0,0.36,"deal_close"
2026-05-06T10:51:23Z,XAUUSD,OPEN,0,0,BUY,0.01,4713.43000,4712.43000,4714.03000,4712.67859,4710.57848,63.91,17,0.00,"opened"
2026-05-06T10:51:39Z,XAUUSD,CLOSE,8509445776,8103331673,SELL,0.01,4712.39000,0.00000,0.00000,0.00000,0.00000,0.00,0,-1.19,"deal_close"
2026-05-06T10:53:11Z,XAUUSD,OPEN,0,0,BUY,0.01,4713.89000,4712.89000,4714.49000,4712.37390,4710.78395,57.13,17,0.00,"opened"
2026-05-06T10:53:13Z,XAUUSD,CLOSE,8509484938,8103371700,SELL,0.01,4714.02000,0.00000,0.00000,0.00000,0.00000,0.00,0,0.13,"deal_close"
2026-05-06T10:54:44Z,XAUUSD,OPEN,0,0,BUY,0.01,4721.34000,4720.34000,4721.94000,4713.27112,4711.33632,64.09,17,0.00,"opened"
2026-05-06T10:55:00Z,XAUUSD,CLOSE,8509563366,8103469813,SELL,0.01,4721.34000,0.00000,0.00000,0.00000,0.00000,0.00,0,-0.06,"deal_close"
2026-05-06T10:58:44Z,XAUUSD,OPEN,0,0,BUY,0.01,4719.48000,4718.48000,4720.08000,4716.80879,4713.88337,62.85,17,0.00,"opened"
2026-05-06T10:58:53Z,XAUUSD,CLOSE,8509662050,8103571982,SELL,0.01,4718.39000,0.00000,0.00000,0.00000,0.00000,0.00,0,-1.07,"deal_close"
2026-05-06T11:01:13Z,XAUUSD,OPEN,0,0,BUY,0.01,4717.97000,4716.97000,4718.57000,4717.68754,4715.04477,61.18,17,0.00,"opened"
2026-05-06T11:01:14Z,XAUUSD,CLOSE,8509713006,8103626372,SELL,0.01,4716.93000,0.00000,0.00000,0.00000,0.00000,0.00,0,-0.94,"deal_close"
2026-05-06T11:07:44Z,XAUUSD,OPEN,0,0,BUY,0.01,4716.78000,4715.78000,4717.38000,4715.63008,4714.91503,55.20,16,0.00,"opened"
2026-05-06T11:08:01Z,XAUUSD,CLOSE,8509847829,8103780401,SELL,0.01,4716.81000,0.00000,0.00000,0.00000,0.00000,0.00,0,0.06,"deal_close"
2026-05-06T11:09:44Z,XAUUSD,OPEN,0,0,BUY,0.01,4720.45000,4719.45000,4721.05000,4716.29685,4715.35292,57.71,4,0.00,"opened"
2026-05-06T11:10:29Z,XAUUSD,CLOSE,8509889534,8103841370,SELL,0.01,4720.07000,0.00000,0.00000,0.00000,0.00000,0.00,0,-0.40,"deal_close"
2026-05-06T11:10:45Z,XAUUSD,OPEN,0,0,BUY,0.01,4719.26000,4718.26000,4719.86000,4717.03748,4715.77538,60.98,17,0.00,"opened"
2026-05-06T11:10:49Z,XAUUSD,CLOSE,8509909462,8103849009,SELL,0.01,4718.21000,0.00000,0.00000,0.00000,0.00000,0.00,0,-1.05,"deal_close"
2026-05-06T11:17:44Z,XAUUSD,OPEN,0,0,SELL,0.01,4712.03000,4713.03000,4711.43000,4713.52681,4714.46257,42.86,17,0.00,"opened"
2026-05-06T11:18:27Z,XAUUSD,CLOSE,8510052280,8104016771,BUY,0.01,4713.32000,0.00000,0.00000,0.00000,0.00000,0.00,0,-1.29,"deal_close"
2026-05-06T11:23:44Z,XAUUSD,OPEN,0,0,SELL,0.01,4710.23000,4711.23000,4709.63000,4711.98532,4713.18167,42.67,17,0.00,"opened"
2026-05-06T11:23:59Z,XAUUSD,CLOSE,8510137940,8104102431,BUY,0.01,4710.41000,0.00000,0.00000,0.00000,0.00000,0.00,0,-0.19,"deal_close"
2026-05-06T11:24:44Z,XAUUSD,OPEN,0,0,SELL,0.01,4709.50000,4710.50000,4708.90000,4711.54625,4712.87333,40.62,17,0.00,"opened"
2026-05-06T11:25:01Z,XAUUSD,CLOSE,8510153486,8104120141,BUY,0.01,4710.71000,0.00000,0.00000,0.00000,0.00000,0.00,0,-1.21,"deal_close"
2026-05-06T11:28:44Z,XAUUSD,OPEN,0,0,SELL,0.01,4708.92000,4709.92000,4708.32000,4711.08280,4712.20209,42.92,17,0.00,"opened"
2026-05-06T11:28:55Z,XAUUSD,CLOSE,8510222714,8104197421,BUY,0.01,4708.26000,0.00000,0.00000,0.00000,0.00000,0.00,0,0.65,"deal_close"
2026-05-06T11:29:44Z,XAUUSD,OPEN,0,0,SELL,0.01,4706.78000,4707.78000,4706.18000,4710.62424,4711.89190,39.31,17,0.00,"opened"
2026-05-06T11:29:51Z,XAUUSD,CLOSE,8510244155,8104220446,BUY,0.01,4706.54000,0.00000,0.00000,0.00000,0.00000,0.00,0,0.26,"deal_close"
2026-05-06T11:30:44Z,XAUUSD,OPEN,0,0,SELL,0.01,4705.74000,4706.74000,4705.14000,4709.62539,4711.32264,32.78,17,0.00,"opened"
2026-05-06T11:30:49Z,XAUUSD,CLOSE,8510270106,8104246895,BUY,0.01,4705.04000,0.00000,0.00000,0.00000,0.00000,0.00,0,0.70,"deal_close"
2026-05-06T11:31:44Z,XAUUSD,OPEN,0,0,SELL,0.01,4707.02000,4708.02000,4706.42000,4708.63231,4710.71695,31.07,17,0.00,"opened"
2026-05-06T11:31:56Z,XAUUSD,CLOSE,8510292517,8104276987,BUY,0.01,4708.04000,0.00000,0.00000,0.00000,0.00000,0.00,0,-1.02,"deal_close"
2026-05-06T11:38:44Z,XAUUSD,OPEN,0,0,BUY,0.01,4713.96000,4712.96000,4714.56000,4711.90818,4711.51897,57.03,18,0.00,"opened"
2026-05-06T11:38:56Z,XAUUSD,CLOSE,8510438860,8104436128,SELL,0.01,4712.87000,0.00000,0.00000,0.00000,0.00000,0.00,0,-1.06,"deal_close"
2026-05-06T11:41:44Z,XAUUSD,OPEN,0,0,SELL,0.01,4707.08000,4708.08000,4706.48000,4711.02899,4711.21675,41.91,17,0.00,"opened"
2026-05-06T11:41:45Z,XAUUSD,CLOSE,8510501984,8104502488,BUY,0.01,4706.40000,0.00000,0.00000,0.00000,0.00000,0.00,0,0.54,"deal_close"
2026-05-06T11:42:44Z,XAUUSD,OPEN,0,0,SELL,0.01,4705.21000,4706.21000,4704.61000,4710.35519,4710.89341,40.74,6,0.00,"opened"
2026-05-06T11:42:55Z,XAUUSD,CLOSE,8510529760,8104538913,BUY,0.01,4704.57000,0.00000,0.00000,0.00000,0.00000,0.00,0,0.63,"deal_close"
2026-05-06T11:43:44Z,XAUUSD,OPEN,0,0,SELL,0.01,4701.75000,4702.75000,4701.15000,4709.04615,4710.24946,33.78,8,0.00,"opened"
2026-05-06T11:43:55Z,XAUUSD,CLOSE,8510566272,8104580977,BUY,0.01,4702.89000,0.00000,0.00000,0.00000,0.00000,0.00,0,-1.20,"deal_close"
2026-05-06T11:44:44Z,XAUUSD,OPEN,0,0,SELL,0.01,4699.19000,4700.19000,4698.59000,4707.68692,4709.52224,31.43,16,0.00,"opened"
2026-05-06T11:44:50Z,XAUUSD,CLOSE,8510593408,8104609550,BUY,0.01,4700.23000,0.00000,0.00000,0.00000,0.00000,0.00,0,-1.04,"deal_close"
2026-05-06T11:45:44Z,XAUUSD,OPEN,0,0,SELL,0.01,4700.12000,4701.12000,4699.52000,4706.05954,4708.61567,27.83,17,0.00,"opened"
2026-05-06T11:45:53Z,XAUUSD,CLOSE,8510618882,8104639921,BUY,0.01,4701.15000,0.00000,0.00000,0.00000,0.00000,0.00,0,-1.60,"deal_close"
2026-05-06T11:47:44Z,XAUUSD,OPEN,0,0,SELL,0.01,4701.39000,4702.39000,4700.79000,4703.88090,4707.12791,29.67,17,0.00,"opened"
2026-05-06T11:47:56Z,XAUUSD,CLOSE,8510666546,8104692453,BUY,0.01,4701.28000,0.00000,0.00000,0.00000,0.00000,0.00,0,0.10,"deal_close"
2026-05-06T11:49:44Z,XAUUSD,OPEN,0,0,SELL,0.01,4698.39000,4699.39000,4697.79000,4702.70818,4706.00860,33.33,17,0.00,"opened"
2026-05-06T11:49:47Z,XAUUSD,CLOSE,8510710864,8104739139,BUY,0.01,4698.32000,0.00000,0.00000,0.00000,0.00000,0.00,0,0.13,"deal_close"
2026-05-06T11:50:44Z,XAUUSD,OPEN,0,0,SELL,0.01,4698.80000,4699.80000,4698.20000,4701.70854,4705.25418,30.29,17,0.00,"opened"
2026-05-06T11:50:53Z,XAUUSD,CLOSE,8510733696,8104766926,BUY,0.01,4700.08000,0.00000,0.00000,0.00000,0.00000,0.00,0,-0.85,"deal_close"
2026-05-06T11:54:44Z,XAUUSD,OPEN,0,0,SELL,0.01,4696.91000,4697.91000,4696.31000,4699.89230,4703.18130,32.04,17,0.00,"opened"
2026-05-06T11:54:46Z,XAUUSD,CLOSE,8510813055,8104853002,BUY,0.01,4697.94000,0.00000,0.00000,0.00000,0.00000,0.00,0,-1.06,"deal_close"
2026-05-06T11:56:44Z,XAUUSD,OPEN,0,0,SELL,0.01,4696.86000,4697.86000,4696.26000,4698.85427,4702.12058,30.79,16,0.00,"opened"
2026-05-06T11:56:46Z,XAUUSD,CLOSE,8510857348,8104903035,BUY,0.01,4695.84000,0.00000,0.00000,0.00000,0.00000,0.00,0,0.89,"deal_close"
2026-05-06T11:57:44Z,XAUUSD,OPEN,0,0,SELL,0.01,4693.00000,4694.00000,4692.40000,4698.05742,4701.46144,28.81,17,0.00,"opened"
2026-05-06T11:57:54Z,XAUUSD,CLOSE,8510891696,8104947263,BUY,0.01,4692.80000,0.00000,0.00000,0.00000,0.00000,0.00,0,0.22,"deal_close"
2026-05-06T11:58:44Z,XAUUSD,OPEN,0,0,SELL,0.01,4692.19000,4693.19000,4691.59000,4697.02393,4700.68222,26.04,17,0.00,"opened"
2026-05-06T11:58:55Z,XAUUSD,CLOSE,8510917140,8104976769,BUY,0.01,4691.82000,0.00000,0.00000,0.00000,0.00000,0.00,0,0.37,"deal_close"
2026-05-06T11:59:44Z,XAUUSD,OPEN,0,0,SELL,0.01,4692.97000,4693.97000,4692.37000,4695.94315,4699.85838,24.42,37,0.00,"opened"
2026-05-06T11:59:57Z,XAUUSD,CLOSE,8510943284,8105007142,BUY,0.01,4692.39000,0.00000,0.00000,0.00000,0.00000,0.00,0,0.62,"deal_close"
2026-05-06T12:01:44Z,XAUUSD,OPEN,0,0,SELL,0.01,4686.10000,4687.10000,4685.50000,4694.46081,4698.46767,25.67,17,0.00,"opened"
2026-05-06T12:01:46Z,XAUUSD,CLOSE,8511006685,8105075375,BUY,0.01,4685.29000,0.00000,0.00000,0.00000,0.00000,0.00,0,0.85,"deal_close"
2026-05-06T12:02:44Z,XAUUSD,OPEN,0,0,SELL,0.01,4687.02000,4688.02000,4686.42000,4693.40865,4697.62515,22.62,17,0.00,"opened"
2026-05-06T12:02:46Z,XAUUSD,CLOSE,8511041800,8105115833,BUY,0.01,4686.78000,0.00000,0.00000,0.00000,0.00000,0.00,0,0.21,"deal_close"
2026-05-06T12:07:44Z,XAUUSD,OPEN,0,0,SELL,0.01,4683.64000,4684.64000,4683.04000,4687.65499,4692.80881,25.91,17,0.00,"opened"
2026-05-06T12:07:53Z,XAUUSD,CLOSE,8511205674,8105311350,BUY,0.01,4684.65000,0.00000,0.00000,0.00000,0.00000,0.00,0,-1.04,"deal_close"
2026-05-06T12:09:44Z,XAUUSD,OPEN,0,0,SELL,0.01,4682.19000,4683.19000,4681.59000,4686.39480,4691.30836,29.62,17,0.00,"opened"
2026-05-06T12:09:53Z,XAUUSD,CLOSE,8511254981,8105368346,BUY,0.01,4683.30000,0.00000,0.00000,0.00000,0.00000,0.00,0,-1.11,"deal_close"
2026-05-06T12:10:44Z,XAUUSD,OPEN,0,0,SELL,0.01,4676.55000,4677.55000,4675.95000,4685.63184,4690.51487,27.85,17,0.00,"opened"
2026-05-06T12:10:47Z,XAUUSD,CLOSE,8511296207,8105414885,BUY,0.01,4677.61000,0.00000,0.00000,0.00000,0.00000,0.00,0,-0.89,"deal_close"
2026-05-06T12:11:44Z,XAUUSD,OPEN,0,0,SELL,0.01,4679.75000,4680.75000,4679.15000,4683.88547,4689.27716,22.25,19,0.00,"opened"
2026-05-06T12:11:51Z,XAUUSD,CLOSE,8511334119,8105460369,BUY,0.01,4679.13000,0.00000,0.00000,0.00000,0.00000,0.00,0,0.27,"deal_close"
2026-05-06T12:13:44Z,XAUUSD,OPEN,0,0,SELL,0.01,4674.79000,4675.79000,4674.19000,4682.08270,4687.47500,27.88,19,0.00,"opened"
2026-05-06T12:13:47Z,XAUUSD,CLOSE,8511401112,8105538304,BUY,0.01,4675.87000,0.00000,0.00000,0.00000,0.00000,0.00,0,-1.07,"deal_close"
2026-05-06T12:14:44Z,XAUUSD,OPEN,0,0,SELL,0.01,4672.47000,4673.47000,4671.87000,4680.95216,4686.47091,25.59,18,0.00,"opened"
2026-05-06T12:14:48Z,XAUUSD,CLOSE,8511440243,8105586362,BUY,0.01,4673.51000,0.00000,0.00000,0.00000,0.00000,0.00,0,-0.84,"deal_close"
2026-05-06T12:15:44Z,XAUUSD,OPEN,0,0,SELL,0.01,4673.77000,4674.77000,4673.17000,4679.30573,4685.22083,22.32,17,0.00,"opened"
2026-05-06T12:15:46Z,XAUUSD,CLOSE,8511492234,8105646078,BUY,0.01,4674.79000,0.00000,0.00000,0.00000,0.00000,0.00,0,-0.95,"deal_close"
2026-05-06T12:17:44Z,XAUUSD,OPEN,0,0,SELL,0.01,4671.19000,4672.19000,4670.59000,4677.46727,4683.31250,26.71,16,0.00,"opened"
2026-05-06T12:17:55Z,XAUUSD,CLOSE,8511564287,8105734558,BUY,0.01,4672.46000,0.00000,0.00000,0.00000,0.00000,0.00,0,-1.27,"deal_close"
2026-05-06T12:18:44Z,XAUUSD,OPEN,0,0,SELL,0.01,4668.85000,4669.85000,4668.25000,4676.45981,4682.32319,25.33,12,0.00,"opened"
2026-05-06T12:18:46Z,XAUUSD,CLOSE,8511596308,8105765194,BUY,0.01,4668.18000,0.00000,0.00000,0.00000,0.00000,0.00,0,0.67,"deal_close"
2026-05-06T12:28:44Z,XAUUSD,OPEN,0,0,BUY,0.01,4688.31000,4687.31000,4688.91000,4681.21712,4680.88599,56.80,17,0.00,"opened"
2026-05-06T12:28:59Z,XAUUSD,CLOSE,8511949401,8106172770,SELL,0.01,4687.22000,0.00000,0.00000,0.00000,0.00000,0.00,0,-1.16,"deal_close"
2026-05-06T12:29:44Z,XAUUSD,OPEN,0,0,BUY,0.01,4684.00000,4683.00000,4684.60000,4682.41970,4681.46272,58.60,17,0.00,"opened"
2026-05-06T12:30:03Z,XAUUSD,CLOSE,8511976232,8106203752,SELL,0.01,4683.84000,0.00000,0.00000,0.00000,0.00000,0.00,0,0.13,"deal_close"
2026-05-06T12:48:14Z,XAUUSD,OPEN,0,0,BUY,0.01,4682.76000,4681.76000,4683.36000,4682.53813,4682.08659,54.69,10,0.00,"opened"
2026-05-06T12:48:30Z,XAUUSD,CLOSE,8512343003,8106610379,SELL,0.01,4681.75000,0.00000,0.00000,0.00000,0.00000,0.00,0,-0.91,"deal_close"
2026-05-06T12:55:44Z,XAUUSD,OPEN,0,0,SELL,0.01,4679.50000,4680.50000,4678.90000,4680.35946,4681.05247,41.49,14,0.00,"opened"
2026-05-06T12:55:49Z,XAUUSD,CLOSE,8512472983,8106757110,BUY,0.01,4678.79000,0.00000,0.00000,0.00000,0.00000,0.00,0,0.66,"deal_close"
2026-05-06T13:01:44Z,XAUUSD,OPEN,0,0,BUY,0.01,4691.46000,4690.46000,4692.06000,4681.09986,4680.95335,58.25,10,0.00,"opened"
2026-05-06T13:01:46Z,XAUUSD,CLOSE,8512611512,8106917507,SELL,0.01,4692.06000,0.00000,0.00000,0.00000,0.00000,0.00,0,0.63,"deal_close"
2026-05-06T13:02:44Z,XAUUSD,OPEN,0,0,BUY,0.01,4690.40000,4689.40000,4691.00000,4683.23789,4681.93850,67.25,7,0.00,"opened"
2026-05-06T13:02:46Z,XAUUSD,CLOSE,8512648320,8106960845,SELL,0.01,4689.38000,0.00000,0.00000,0.00000,0.00000,0.00,0,-0.70,"deal_close"
2026-05-06T13:04:44Z,XAUUSD,OPEN,0,0,BUY,0.01,4691.13000,4690.13000,4691.73000,4685.59705,4683.29826,62.97,17,0.00,"opened"
2026-05-06T13:04:48Z,XAUUSD,CLOSE,8512696944,8107017662,SELL,0.01,4691.31000,0.00000,0.00000,0.00000,0.00000,0.00,0,0.18,"deal_close"
2026-05-06T13:09:44Z,XAUUSD,OPEN,0,0,SELL,0.01,4670.42000,4671.42000,4669.82000,4681.08899,4681.87439,38.40,13,0.00,"opened"
2026-05-06T13:09:46Z,XAUUSD,CLOSE,8512873477,8107217339,BUY,0.01,4671.43000,0.00000,0.00000,0.00000,0.00000,0.00,0,-0.81,"deal_close"
2026-05-06T13:10:44Z,XAUUSD,OPEN,0,0,SELL,0.01,4675.25000,4676.25000,4674.65000,4679.51719,4681.08853,37.11,17,0.00,"opened"
2026-05-06T13:10:55Z,XAUUSD,CLOSE,8512903042,8107256494,BUY,0.01,4676.25000,0.00000,0.00000,0.00000,0.00000,0.00,0,-1.00,"deal_close"
2026-05-06T13:16:44Z,XAUUSD,OPEN,0,0,BUY,0.01,4686.38000,4685.38000,4686.98000,4681.51066,4681.26467,59.03,17,0.00,"opened"
2026-05-06T13:16:55Z,XAUUSD,CLOSE,8513070295,8107441816,SELL,0.01,4686.46000,0.00000,0.00000,0.00000,0.00000,0.00,0,0.16,"deal_close"
2026-05-06T13:25:19Z,XAUUSD,OPEN,0,0,BUY,0.01,4684.07000,4683.07000,4684.67000,4683.82733,4682.94314,55.71,17,0.00,"opened"
2026-05-06T13:25:28Z,XAUUSD,CLOSE,8513243831,8107630320,SELL,0.01,4683.92000,0.00000,0.00000,0.00000,0.00000,0.00,0,0.09,"deal_close"
2026-05-06T13:28:44Z,XAUUSD,OPEN,0,0,BUY,0.01,4685.66000,4684.66000,4686.26000,4684.02495,4683.25461,54.68,17,0.00,"opened"
2026-05-06T13:29:10Z,XAUUSD,CLOSE,8513300114,8107696363,SELL,0.01,4684.66000,0.00000,0.00000,0.00000,0.00000,0.00,0,-0.82,"deal_close"
2026-05-06T13:29:11Z,XAUUSD,OPEN,0,0,BUY,0.01,4684.93000,4683.93000,4685.53000,4684.31196,4683.45510,55.07,17,0.00,"opened"
2026-05-06T13:29:15Z,XAUUSD,CLOSE,8513306344,8107697919,SELL,0.01,4683.93000,0.00000,0.00000,0.00000,0.00000,0.00,0,-0.96,"deal_close"
2026-05-06T13:32:44Z,XAUUSD,OPEN,0,0,BUY,0.01,4691.41000,4690.41000,4692.01000,4684.75013,4683.86329,57.72,4,0.00,"opened"
2026-05-06T13:32:54Z,XAUUSD,CLOSE,8513399384,8107805389,SELL,0.01,4690.42000,0.00000,0.00000,0.00000,0.00000,0.00,0,-1.48,"deal_close"
2026-05-06T13:33:44Z,XAUUSD,OPEN,0,0,BUY,0.01,4692.19000,4691.19000,4692.79000,4685.71610,4684.38299,61.04,17,0.00,"opened"
2026-05-06T13:33:46Z,XAUUSD,CLOSE,8513427890,8107833041,SELL,0.01,4692.98000,0.00000,0.00000,0.00000,0.00000,0.00,0,0.78,"deal_close"
2026-05-06T13:34:44Z,XAUUSD,OPEN,0,0,BUY,0.01,4697.57000,4696.57000,4698.17000,4687.48288,4685.30727,67.45,4,0.00,"opened"
2026-05-06T13:34:48Z,XAUUSD,CLOSE,8513469078,8107884401,SELL,0.01,4697.58000,0.00000,0.00000,0.00000,0.00000,0.00,0,0.22,"deal_close"
2026-05-06T13:37:44Z,XAUUSD,OPEN,0,0,BUY,0.01,4697.07000,4696.07000,4697.67000,4692.12259,4688.22068,67.81,4,0.00,"opened"
2026-05-06T13:37:48Z,XAUUSD,CLOSE,8513562941,8107987190,SELL,0.01,4697.20000,0.00000,0.00000,0.00000,0.00000,0.00,0,0.54,"deal_close"
2026-05-06T13:39:44Z,XAUUSD,OPEN,0,0,BUY,0.01,4695.89000,4694.89000,4696.49000,4693.84366,4689.71883,67.30,17,0.00,"opened"
2026-05-06T13:39:54Z,XAUUSD,CLOSE,8513604842,8108036296,SELL,0.01,4694.43000,0.00000,0.00000,0.00000,0.00000,0.00,0,-1.47,"deal_close"
2026-05-06T13:41:54Z,XAUUSD,OPEN,0,0,BUY,0.01,4694.93000,4693.93000,4695.53000,4694.70754,4690.83250,64.30,17,0.00,"opened"
2026-05-06T13:42:14Z,XAUUSD,CLOSE,8513656633,8108094769,SELL,0.01,4693.88000,0.00000,0.00000,0.00000,0.00000,0.00,0,-0.78,"deal_close"
2026-05-06T13:44:11Z,XAUUSD,OPEN,0,0,BUY,0.01,4695.36000,4694.36000,4695.96000,4694.64938,4691.76767,57.83,17,0.00,"opened"
2026-05-06T13:44:33Z,XAUUSD,CLOSE,8513701221,8108146133,SELL,0.01,4695.98000,0.00000,0.00000,0.00000,0.00000,0.00,0,0.63,"deal_close"
2026-05-06T13:45:27Z,XAUUSD,OPEN,0,0,BUY,0.01,4694.89000,4693.89000,4695.49000,4694.79951,4692.09788,59.16,4,0.00,"opened"
2026-05-06T13:45:35Z,XAUUSD,CLOSE,8513727526,8108172437,SELL,0.01,4693.89000,0.00000,0.00000,0.00000,0.00000,0.00,0,-1.41,"deal_close"
2026-05-06T13:48:44Z,XAUUSD,OPEN,0,0,BUY,0.01,4698.50000,4697.50000,4699.10000,4694.77375,4692.72275,60.21,17,0.00,"opened"
2026-05-06T13:48:46Z,XAUUSD,CLOSE,8513803257,8108251316,SELL,0.01,4698.22000,0.00000,0.00000,0.00000,0.00000,0.00,0,-0.11,"deal_close"
2026-05-06T13:49:44Z,XAUUSD,OPEN,0,0,BUY,0.01,4699.84000,4698.84000,4700.44000,4695.36700,4693.17886,61.66,17,0.00,"opened"
2026-05-06T13:49:50Z,XAUUSD,CLOSE,8513833358,8108286838,SELL,0.01,4700.21000,0.00000,0.00000,0.00000,0.00000,0.00,0,0.29,"deal_close"
2026-05-06T13:50:44Z,XAUUSD,OPEN,0,0,BUY,0.01,4699.68000,4698.68000,4700.28000,4696.46360,4693.87624,66.02,4,0.00,"opened"
2026-05-06T13:50:50Z,XAUUSD,CLOSE,8513856088,8108313215,SELL,0.01,4697.85000,0.00000,0.00000,0.00000,0.00000,0.00,0,-2.01,"deal_close"
2026-05-06T13:52:44Z,XAUUSD,OPEN,0,0,BUY,0.01,4698.48000,4697.48000,4699.08000,4696.69190,4694.41524,58.96,17,0.00,"opened"
2026-05-06T13:52:46Z,XAUUSD,CLOSE,8513903417,8108364139,SELL,0.01,4697.44000,0.00000,0.00000,0.00000,0.00000,0.00,0,-0.98,"deal_close"
2026-05-06T13:56:44Z,XAUUSD,OPEN,0,0,BUY,0.01,4705.65000,4704.65000,4706.25000,4700.36520,4697.01521,65.47,17,0.00,"opened"
2026-05-06T13:56:49Z,XAUUSD,CLOSE,8514015797,8108494381,SELL,0.01,4704.65000,0.00000,0.00000,0.00000,0.00000,0.00,0,-1.00,"deal_close"
2026-05-06T14:58:04Z,XAUUSD,OPEN,0,0,SELL,0.01,4703.37000,4704.37000,4702.77000,4704.93375,4706.69918,37.08,13,0.00,"opened"
2026-05-06T14:58:05Z,XAUUSD,CLOSE,8515386005,8110052720,BUY,0.01,4703.35000,0.00000,0.00000,0.00000,0.00000,0.00,0,0.05,"deal_close"
2026-05-06T15:35:45Z,XAUUSD,OPEN,0,0,SELL,0.01,4693.35000,4694.35000,4692.75000,4695.86667,4697.46548,36.86,17,0.00,"opened"
2026-05-06T15:35:48Z,XAUUSD,CLOSE,8516096601,8110863423,BUY,0.01,4693.02000,0.00000,0.00000,0.00000,0.00000,0.00,0,0.33,"deal_close"
2026-05-06T15:36:17Z,XAUUSD,OPEN,0,0,SELL,0.01,4695.11000,4696.11000,4694.51000,4695.41934,4697.11680,34.86,17,0.00,"opened"
2026-05-06T15:36:33Z,XAUUSD,CLOSE,8516107124,8110879384,BUY,0.01,4694.60000,0.00000,0.00000,0.00000,0.00000,0.00,0,0.62,"deal_close"
2026-05-06T15:38:28Z,XAUUSD,OPEN,0,0,SELL,0.01,4694.56000,4695.56000,4693.96000,4694.80438,4696.53851,34.98,11,0.00,"opened"
2026-05-06T15:38:35Z,XAUUSD,CLOSE,8516144386,8110918661,BUY,0.01,4694.51000,0.00000,0.00000,0.00000,0.00000,0.00,0,0.00,"deal_close"
2026-05-06T15:40:45Z,XAUUSD,OPEN,0,0,SELL,0.01,4691.60000,4692.60000,4691.00000,4694.05680,4695.88431,35.04,4,0.00,"opened"
2026-05-06T15:41:30Z,XAUUSD,CLOSE,8516192534,8110983565,BUY,0.01,4691.49000,0.00000,0.00000,0.00000,0.00000,0.00,0,-0.48,"deal_close"
2026-05-06T15:41:45Z,XAUUSD,OPEN,0,0,SELL,0.01,4692.37000,4693.37000,4691.77000,4693.53944,4695.48301,33.52,8,0.00,"opened"
2026-05-06T15:41:54Z,XAUUSD,CLOSE,8516210004,8110991502,BUY,0.01,4691.61000,0.00000,0.00000,0.00000,0.00000,0.00,0,0.76,"deal_close"
2026-05-06T15:43:45Z,XAUUSD,OPEN,0,0,SELL,0.01,4690.09000,4691.09000,4689.49000,4692.73764,4694.76389,32.91,14,0.00,"opened"
2026-05-06T15:43:55Z,XAUUSD,CLOSE,8516245528,8111032082,BUY,0.01,4689.93000,0.00000,0.00000,0.00000,0.00000,0.00,0,0.06,"deal_close"
2026-05-06T15:44:45Z,XAUUSD,OPEN,0,0,SELL,0.01,4690.50000,4691.50000,4689.90000,4692.18411,4694.32808,30.74,17,0.00,"opened"
2026-05-06T15:44:52Z,XAUUSD,CLOSE,8516263187,8111050638,BUY,0.01,4691.70000,0.00000,0.00000,0.00000,0.00000,0.00,0,-1.19,"deal_close"
2026-05-06T15:58:45Z,XAUUSD,OPEN,0,0,SELL,0.01,4690.55000,4691.55000,4689.95000,4692.25448,4692.93371,40.05,17,0.00,"opened"
2026-05-06T15:59:17Z,XAUUSD,CLOSE,8516478593,8111296541,BUY,0.01,4690.35000,0.00000,0.00000,0.00000,0.00000,0.00,0,0.24,"deal_close"
2026-05-06T16:00:45Z,XAUUSD,OPEN,0,0,SELL,0.01,4685.47000,4686.47000,4684.87000,4691.14407,4692.29885,29.94,17,0.00,"opened"
2026-05-06T16:00:55Z,XAUUSD,CLOSE,8516527269,8111349152,BUY,0.01,4685.27000,0.00000,0.00000,0.00000,0.00000,0.00,0,0.21,"deal_close"
2026-05-06T16:01:45Z,XAUUSD,OPEN,0,0,SELL,0.01,4684.90000,4685.90000,4684.30000,4689.97526,4691.66259,25.26,14,0.00,"opened"
2026-05-06T16:01:48Z,XAUUSD,CLOSE,8516550507,8111371117,BUY,0.01,4684.97000,0.00000,0.00000,0.00000,0.00000,0.00,0,-0.10,"deal_close"
2026-05-06T16:02:45Z,XAUUSD,OPEN,0,0,SELL,0.01,4685.78000,4686.78000,4685.18000,4688.91620,4691.02781,24.20,17,0.00,"opened"
2026-05-06T16:02:47Z,XAUUSD,CLOSE,8516570969,8111394390,BUY,0.01,4685.76000,0.00000,0.00000,0.00000,0.00000,0.00,0,0.01,"deal_close"
2026-05-06T16:07:45Z,XAUUSD,OPEN,0,0,SELL,0.01,4683.32000,4684.32000,4682.72000,4686.81179,4689.09237,30.93,14,0.00,"opened"
2026-05-06T16:08:17Z,XAUUSD,CLOSE,8516673804,8111520296,BUY,0.01,4682.30000,0.00000,0.00000,0.00000,0.00000,0.00,0,1.02,"deal_close"
2026-05-06T16:08:45Z,XAUUSD,OPEN,0,0,SELL,0.01,4681.38000,4682.38000,4680.78000,4686.10543,4688.56398,30.70,17,0.00,"opened"
2026-05-06T16:08:49Z,XAUUSD,CLOSE,8516695202,8111534294,BUY,0.01,4682.40000,0.00000,0.00000,0.00000,0.00000,0.00,0,-1.02,"deal_close"
2026-05-06T16:10:28Z,XAUUSD,OPEN,0,0,SELL,0.01,4684.77000,4685.77000,4684.17000,4685.09188,4687.64866,30.75,17,0.00,"opened"
2026-05-06T16:10:38Z,XAUUSD,CLOSE,8516722841,8111568188,BUY,0.01,4683.88000,0.00000,0.00000,0.00000,0.00000,0.00,0,0.91,"deal_close"
2026-05-06T16:11:45Z,XAUUSD,OPEN,0,0,SELL,0.01,4683.77000,4684.77000,4683.17000,4684.68350,4687.23060,30.22,9,0.00,"opened"
2026-05-06T16:11:54Z,XAUUSD,CLOSE,8516744264,8111589754,BUY,0.01,4683.26000,0.00000,0.00000,0.00000,0.00000,0.00,0,0.62,"deal_close"
2026-05-06T16:12:24Z,XAUUSD,OPEN,0,0,SELL,0.01,4683.99000,4684.99000,4683.39000,4684.25880,4686.80600,29.14,17,0.00,"opened"
2026-05-06T16:12:32Z,XAUUSD,CLOSE,8516753775,8111599745,BUY,0.01,4685.16000,0.00000,0.00000,0.00000,0.00000,0.00,0,-1.17,"deal_close"
2026-05-06T17:25:45Z,XAUUSD,OPEN,0,0,SELL,0.01,4680.80000,4681.80000,4680.20000,4682.62154,4683.75555,37.71,14,0.00,"opened"
2026-05-06T17:26:08Z,XAUUSD,CLOSE,8517881551,8112868419,BUY,0.01,4681.84000,0.00000,0.00000,0.00000,0.00000,0.00,0,-1.04,"deal_close"
2026-05-06T17:27:12Z,XAUUSD,OPEN,0,0,SELL,0.01,4681.52000,4682.52000,4680.92000,4682.14458,4683.33013,36.96,15,0.00,"opened"
2026-05-06T17:27:30Z,XAUUSD,CLOSE,8517897866,8112885090,BUY,0.01,4682.59000,0.00000,0.00000,0.00000,0.00000,0.00,0,-0.99,"deal_close"
2026-05-06T17:32:12Z,XAUUSD,OPEN,0,0,SELL,0.01,4681.53000,4682.53000,4680.93000,4682.26737,4682.95160,43.88,17,0.00,"opened"
2026-05-06T17:32:22Z,XAUUSD,CLOSE,8517958841,8112952004,BUY,0.01,4682.55000,0.00000,0.00000,0.00000,0.00000,0.00,0,-1.00,"deal_close"
2026-05-06T17:33:32Z,XAUUSD,OPEN,0,0,SELL,0.01,4681.77000,4682.77000,4681.17000,4682.04589,4682.78873,40.00,17,0.00,"opened"
2026-05-06T17:33:37Z,XAUUSD,CLOSE,8517974338,8112967902,BUY,0.01,4682.80000,0.00000,0.00000,0.00000,0.00000,0.00,0,-1.03,"deal_close"
2026-05-06T17:36:45Z,XAUUSD,OPEN,0,0,SELL,0.01,4680.26000,4681.26000,4679.66000,4681.70390,4682.45794,37.06,17,0.00,"opened"
2026-05-06T17:37:05Z,XAUUSD,CLOSE,8518017108,8113018936,BUY,0.01,4681.31000,0.00000,0.00000,0.00000,0.00000,0.00,0,-1.04,"deal_close"
2026-05-06T18:10:47Z,XAUUSD,OPEN,0,0,BUY,0.01,4685.22000,4684.22000,4685.82000,4684.01150,4683.23984,62.98,18,0.00,"opened"
2026-05-06T18:10:58Z,XAUUSD,CLOSE,8518383832,8113425008,SELL,0.01,4685.80000,0.00000,0.00000,0.00000,0.00000,0.00,0,0.62,"deal_close"
2026-05-06T18:29:12Z,XAUUSD,OPEN,0,0,BUY,0.01,4688.67000,4687.67000,4689.27000,4688.18659,4687.38579,56.82,14,0.00,"opened"
2026-05-06T18:29:19Z,XAUUSD,CLOSE,8518579392,8113644548,SELL,0.01,4688.64000,0.00000,0.00000,0.00000,0.00000,0.00,0,0.01,"deal_close"
2026-05-06T18:32:36Z,XAUUSD,OPEN,0,0,BUY,0.01,4688.34000,4687.34000,4688.94000,4688.01697,4687.49325,56.48,17,0.00,"opened"
2026-05-06T18:33:11Z,XAUUSD,CLOSE,8518614746,8113688164,SELL,0.01,4688.41000,0.00000,0.00000,0.00000,0.00000,0.00,0,0.10,"deal_close"
2026-05-06T18:33:29Z,XAUUSD,OPEN,0,0,BUY,0.01,4688.38000,4687.38000,4688.98000,4688.09758,4687.57750,57.46,17,0.00,"opened"
2026-05-06T18:33:51Z,XAUUSD,CLOSE,8518622508,8113693557,SELL,0.01,4688.36000,0.00000,0.00000,0.00000,0.00000,0.00,0,0.00,"deal_close"
2026-05-06T18:34:12Z,XAUUSD,OPEN,0,0,BUY,0.01,4688.58000,4687.58000,4689.18000,4688.19006,4687.66682,58.17,16,0.00,"opened"
2026-05-06T18:34:14Z,XAUUSD,CLOSE,8518628119,8113697120,SELL,0.01,4689.20000,0.00000,0.00000,0.00000,0.00000,0.00,0,0.62,"deal_close"
2026-05-06T18:35:45Z,XAUUSD,OPEN,0,0,BUY,0.01,4690.21000,4689.21000,4690.81000,4688.37205,4687.79711,60.87,19,0.00,"opened"
2026-05-06T18:36:19Z,XAUUSD,CLOSE,8518647777,8113726653,SELL,0.01,4689.14000,0.00000,0.00000,0.00000,0.00000,0.00,0,-1.07,"deal_close"
2026-05-06T18:36:41Z,XAUUSD,OPEN,0,0,BUY,0.01,4689.80000,4688.80000,4690.40000,4688.68364,4687.99101,64.65,17,0.00,"opened"
2026-05-06T18:37:32Z,XAUUSD,CLOSE,8518657241,8113740730,SELL,0.01,4690.11000,0.00000,0.00000,0.00000,0.00000,0.00,0,0.31,"deal_close"
2026-05-06T18:42:45Z,XAUUSD,OPEN,0,0,SELL,0.01,4685.77000,4686.77000,4685.17000,4687.74695,4687.87804,37.18,17,0.00,"opened"
2026-05-06T18:43:19Z,XAUUSD,CLOSE,8518726176,8113813220,BUY,0.01,4685.67000,0.00000,0.00000,0.00000,0.00000,0.00,0,0.10,"deal_close"
2026-05-06T18:45:28Z,XAUUSD,OPEN,0,0,SELL,0.01,4686.83000,4687.83000,4686.23000,4687.15204,4687.54473,43.38,17,0.00,"opened"
2026-05-06T18:45:59Z,XAUUSD,CLOSE,8518756603,8113847568,BUY,0.01,4687.85000,0.00000,0.00000,0.00000,0.00000,0.00,0,-0.99,"deal_close"
2026-05-06T18:52:45Z,XAUUSD,OPEN,0,0,SELL,0.01,4685.50000,4686.50000,4684.90000,4686.80751,4687.20173,41.38,17,0.00,"opened"
2026-05-06T18:53:30Z,XAUUSD,CLOSE,8518816872,8113913526,BUY,0.01,4685.84000,0.00000,0.00000,0.00000,0.00000,0.00,0,-0.34,"deal_close"
2026-05-06T19:03:45Z,XAUUSD,OPEN,0,0,BUY,0.01,4691.03000,4690.03000,4691.63000,4687.12675,4686.97631,59.30,17,0.00,"opened"
2026-05-06T19:03:47Z,XAUUSD,CLOSE,8518916588,8114017093,SELL,0.01,4691.18000,0.00000,0.00000,0.00000,0.00000,0.00,0,0.15,"deal_close"
2026-05-06T19:18:46Z,XAUUSD,OPEN,0,0,BUY,0.01,4697.23000,4696.23000,4697.83000,4695.15473,4692.94704,66.48,17,0.00,"opened"
2026-05-06T19:19:17Z,XAUUSD,CLOSE,8519093424,8114217142,SELL,0.01,4696.17000,0.00000,0.00000,0.00000,0.00000,0.00,0,-1.06,"deal_close"
2026-05-06T19:27:20Z,XAUUSD,OPEN,0,0,BUY,0.01,4698.65000,4697.65000,4699.25000,4698.16846,4696.11560,66.60,11,0.00,"opened"
2026-05-06T19:28:03Z,XAUUSD,CLOSE,8519173590,8114306575,SELL,0.01,4699.13000,0.00000,0.00000,0.00000,0.00000,0.00,0,0.40,"deal_close"
2026-05-06T19:32:12Z,XAUUSD,OPEN,0,0,BUY,0.01,4698.61000,4697.61000,4699.21000,4697.82602,4696.73410,57.59,17,0.00,"opened"
2026-05-06T19:32:20Z,XAUUSD,CLOSE,8519216876,8114352536,SELL,0.01,4698.93000,0.00000,0.00000,0.00000,0.00000,0.00,0,0.33,"deal_close"
2026-05-06T19:33:28Z,XAUUSD,OPEN,0,0,BUY,0.01,4698.26000,4697.26000,4698.86000,4698.01682,4696.92009,60.41,15,0.00,"opened"
2026-05-06T19:33:43Z,XAUUSD,CLOSE,8519228770,8114365869,SELL,0.01,4698.93000,0.00000,0.00000,0.00000,0.00000,0.00,0,0.60,"deal_close"
2026-05-06T19:44:45Z,XAUUSD,OPEN,0,0,SELL,0.01,4694.47000,4695.47000,4693.87000,4696.51571,4696.78553,41.64,6,0.00,"opened"
2026-05-06T19:44:52Z,XAUUSD,CLOSE,8519312444,8114458020,BUY,0.01,4695.49000,0.00000,0.00000,0.00000,0.00000,0.00,0,-1.02,"deal_close"
2026-05-06T19:54:30Z,XAUUSD,OPEN,0,0,BUY,0.01,4696.97000,4695.97000,4697.57000,4696.72027,4696.60863,56.38,17,0.00,"opened"
2026-05-06T19:54:51Z,XAUUSD,CLOSE,8519389654,8114546160,SELL,0.01,4696.91000,0.00000,0.00000,0.00000,0.00000,0.00,0,-0.06,"deal_close"
2026-05-07T00:46:45Z,XAUUSD,OPEN,0,0,SELL,0.01,4688.67000,4689.67000,4688.07000,4689.11627,4691.20366,32.90,17,0.00,"opened"
2026-05-07T08:22:45Z,XAUUSD,OPEN,0,0,SELL,0.01,4738.20000,4739.20000,4737.60000,4739.53394,4742.02653,36.17,10,0.00,"opened"
2026-05-07T08:23:04Z,XAUUSD,CLOSE,8525978192,8121757172,BUY,0.01,4737.31000,0.00000,0.00000,0.00000,0.00000,0.00,0,0.90,"deal_close"
2026-05-07T08:24:19Z,XAUUSD,OPEN,0,0,SELL,0.01,4738.77000,4739.77000,4738.17000,4739.08012,4741.37531,39.82,14,0.00,"opened"
2026-05-07T08:24:57Z,XAUUSD,CLOSE,8526005106,8121791936,BUY,0.01,4739.93000,0.00000,0.00000,0.00000,0.00000,0.00,0,-1.20,"deal_close"
2026-05-07T08:26:35Z,XAUUSD,OPEN,0,0,SELL,0.01,4738.27000,4739.27000,4737.67000,4738.57968,4740.75604,36.83,17,0.00,"opened"
2026-05-07T08:26:55Z,XAUUSD,CLOSE,8526051546,8121836807,BUY,0.01,4738.13000,0.00000,0.00000,0.00000,0.00000,0.00,0,0.21,"deal_close"
2026-05-07T08:35:46Z,XAUUSD,OPEN,0,0,SELL,0.01,4738.31000,4739.31000,4737.71000,4739.24627,4740.02275,41.16,17,0.00,"opened"
2026-05-07T08:36:16Z,XAUUSD,CLOSE,8526202089,8121995573,BUY,0.01,4737.61000,0.00000,0.00000,0.00000,0.00000,0.00,0,0.70,"deal_close"
2026-05-07T08:37:45Z,XAUUSD,OPEN,0,0,SELL,0.01,4736.34000,4737.34000,4735.74000,4738.56441,4739.57095,40.30,17,0.00,"opened"
2026-05-07T08:37:54Z,XAUUSD,CLOSE,8526235202,8122026380,BUY,0.01,4736.09000,0.00000,0.00000,0.00000,0.00000,0.00,0,0.22,"deal_close"
2026-05-07T08:38:45Z,XAUUSD,OPEN,0,0,SELL,0.01,4734.88000,4735.88000,4734.28000,4737.93353,4739.19268,38.24,17,0.00,"opened"
2026-05-07T08:39:32Z,XAUUSD,CLOSE,8526256515,8122059550,BUY,0.01,4734.90000,0.00000,0.00000,0.00000,0.00000,0.00,0,-0.02,"deal_close"
2026-05-07T08:42:20Z,XAUUSD,OPEN,0,0,SELL,0.01,4736.64000,4737.64000,4736.04000,4736.96500,4738.27294,40.38,17,0.00,"opened"
2026-05-07T08:42:32Z,XAUUSD,CLOSE,8526310541,8122106019,BUY,0.01,4736.26000,0.00000,0.00000,0.00000,0.00000,0.00,0,0.38,"deal_close"
2026-05-07T08:44:45Z,XAUUSD,OPEN,0,0,SELL,0.01,4735.59000,4736.59000,4734.99000,4736.79080,4737.96731,43.09,17,0.00,"opened"
2026-05-07T08:44:58Z,XAUUSD,CLOSE,8526339550,8122136715,BUY,0.01,4735.53000,0.00000,0.00000,0.00000,0.00000,0.00,0,0.06,"deal_close"
2026-05-07T08:45:45Z,XAUUSD,OPEN,0,0,SELL,0.01,4735.40000,4736.40000,4734.80000,4736.47664,4737.71755,41.16,17,0.00,"opened"
2026-05-07T08:46:24Z,XAUUSD,CLOSE,8526352829,8122155577,BUY,0.01,4735.25000,0.00000,0.00000,0.00000,0.00000,0.00,0,0.15,"deal_close"
2026-05-07T08:47:45Z,XAUUSD,OPEN,0,0,SELL,0.01,4735.13000,4736.13000,4734.53000,4736.09545,4737.31963,41.67,13,0.00,"opened"
2026-05-07T08:47:56Z,XAUUSD,CLOSE,8526378221,8122177340,BUY,0.01,4735.08000,0.00000,0.00000,0.00000,0.00000,0.00,0,0.02,"deal_close"
2026-05-07T08:48:11Z,XAUUSD,OPEN,0,0,SELL,0.01,4735.29000,4736.29000,4734.69000,4735.84836,4737.09603,40.45,17,0.00,"opened"
2026-05-07T08:48:23Z,XAUUSD,CLOSE,8526384570,8122184237,BUY,0.01,4735.16000,0.00000,0.00000,0.00000,0.00000,0.00,0,0.13,"deal_close"
2026-05-07T08:49:18Z,XAUUSD,OPEN,0,0,SELL,0.01,4735.13000,4736.13000,4734.53000,4735.37469,4736.76730,36.97,11,0.00,"opened"
2026-05-07T08:49:26Z,XAUUSD,CLOSE,8526403258,8122202544,BUY,0.01,4734.98000,0.00000,0.00000,0.00000,0.00000,0.00,0,0.25,"deal_close"
2026-05-07T08:51:44Z,XAUUSD,OPEN,0,0,SELL,0.01,4732.57000,4733.57000,4731.97000,4735.22580,4736.46215,41.54,14,0.00,"opened"
2026-05-07T08:51:49Z,XAUUSD,CLOSE,8526446161,8122247416,BUY,0.01,4733.70000,0.00000,0.00000,0.00000,0.00000,0.00,0,-1.13,"deal_close"
2026-05-07T08:55:45Z,XAUUSD,OPEN,0,0,SELL,0.01,4734.28000,4735.28000,4733.68000,4735.12380,4736.01750,42.61,17,0.00,"opened"
2026-05-07T08:55:49Z,XAUUSD,CLOSE,8526514080,8122318135,BUY,0.01,4734.27000,0.00000,0.00000,0.00000,0.00000,0.00,0,0.05,"deal_close"
2026-05-07T08:56:45Z,XAUUSD,OPEN,0,0,SELL,0.01,4733.92000,4734.92000,4733.32000,4734.93104,4735.84863,42.47,17,0.00,"opened"
2026-05-07T08:57:24Z,XAUUSD,CLOSE,8526528531,8122341858,BUY,0.01,4733.14000,0.00000,0.00000,0.00000,0.00000,0.00,0,0.78,"deal_close"
2026-05-07T08:58:45Z,XAUUSD,OPEN,0,0,SELL,0.01,4732.21000,4733.21000,4731.61000,4734.35467,4735.42242,38.06,10,0.00,"opened"
2026-05-07T08:58:49Z,XAUUSD,CLOSE,8526564244,8122374379,BUY,0.01,4731.97000,0.00000,0.00000,0.00000,0.00000,0.00,0,0.06,"deal_close"
2026-05-07T08:59:36Z,XAUUSD,OPEN,0,0,SELL,0.01,4733.62000,4734.62000,4733.02000,4733.94573,4735.13948,37.70,10,0.00,"opened"
2026-05-07T08:59:36Z,XAUUSD,CLOSE,8526579328,8122388855,BUY,0.01,4732.30000,0.00000,0.00000,0.00000,0.00000,0.00,0,0.48,"deal_close"
2026-05-07T09:00:44Z,XAUUSD,OPEN,0,0,SELL,0.01,4728.16000,4729.16000,4727.56000,4733.39259,4734.77952,34.84,18,0.00,"opened"
2026-05-07T09:00:48Z,XAUUSD,CLOSE,8526611729,8122427013,BUY,0.01,4729.18000,0.00000,0.00000,0.00000,0.00000,0.00,0,-0.66,"deal_close"
2026-05-07T09:01:45Z,XAUUSD,OPEN,0,0,SELL,0.01,4726.12000,4727.12000,4725.52000,4732.48007,4734.23866,29.78,17,0.00,"opened"
2026-05-07T09:02:06Z,XAUUSD,CLOSE,8526636930,8122461758,BUY,0.01,4727.40000,0.00000,0.00000,0.00000,0.00000,0.00,0,-1.28,"deal_close"
2026-05-07T09:02:45Z,XAUUSD,OPEN,0,0,SELL,0.01,4726.43000,4727.43000,4725.83000,4731.30205,4733.54333,25.91,17,0.00,"opened"
2026-05-07T09:02:49Z,XAUUSD,CLOSE,8526656568,8122477424,BUY,0.01,4725.80000,0.00000,0.00000,0.00000,0.00000,0.00,0,0.64,"deal_close"
2026-05-07T09:03:44Z,XAUUSD,OPEN,0,0,SELL,0.01,4722.65000,4723.65000,4722.05000,4730.19764,4732.83757,24.66,17,0.00,"opened"
2026-05-07T09:03:46Z,XAUUSD,CLOSE,8526683864,8122508012,BUY,0.01,4721.98000,0.00000,0.00000,0.00000,0.00000,0.00,0,0.64,"deal_close"
2026-05-07T09:04:44Z,XAUUSD,OPEN,0,0,SELL,0.01,4725.66000,4726.66000,4725.06000,4728.79412,4731.95961,21.15,17,0.00,"opened"
2026-05-07T09:04:55Z,XAUUSD,CLOSE,8526710258,8122539901,BUY,0.01,4726.60000,0.00000,0.00000,0.00000,0.00000,0.00,0,-0.83,"deal_close"
2026-05-07T09:15:35Z,XAUUSD,OPEN,0,0,BUY,0.01,4733.82000,4732.82000,4734.42000,4732.60203,4732.12667,54.71,4,0.00,"opened"
2026-05-07T09:16:05Z,XAUUSD,CLOSE,8526904011,8122753480,SELL,0.01,4732.73000,0.00000,0.00000,0.00000,0.00000,0.00,0,-1.18,"deal_close"
2026-05-07T09:17:22Z,XAUUSD,OPEN,0,0,BUY,0.01,4736.82000,4735.82000,4737.42000,4733.23490,4732.50782,56.74,12,0.00,"opened"
2026-05-07T09:17:27Z,XAUUSD,CLOSE,8526933203,8122780862,SELL,0.01,4736.67000,0.00000,0.00000,0.00000,0.00000,0.00,0,-0.03,"deal_close"
2026-05-07T09:18:45Z,XAUUSD,OPEN,0,0,BUY,0.01,4736.81000,4735.81000,4737.41000,4733.86192,4732.85893,60.41,19,0.00,"opened"
2026-05-07T09:19:18Z,XAUUSD,CLOSE,8526956516,8122811190,SELL,0.01,4735.78000,0.00000,0.00000,0.00000,0.00000,0.00,0,-1.01,"deal_close"
2026-05-07T09:19:45Z,XAUUSD,OPEN,0,0,BUY,0.01,4735.88000,4734.88000,4736.48000,4734.38554,4733.18812,60.68,17,0.00,"opened"
2026-05-07T09:20:02Z,XAUUSD,CLOSE,8526969715,8122822075,SELL,0.01,4734.87000,0.00000,0.00000,0.00000,0.00000,0.00,0,-0.69,"deal_close"
2026-05-07T09:22:12Z,XAUUSD,OPEN,0,0,BUY,0.01,4735.26000,4734.26000,4735.86000,4734.76779,4733.68643,55.22,17,0.00,"opened"
2026-05-07T09:22:17Z,XAUUSD,CLOSE,8527003116,8122852449,SELL,0.01,4735.68000,0.00000,0.00000,0.00000,0.00000,0.00,0,0.42,"deal_close"
2026-05-07T09:23:45Z,XAUUSD,OPEN,0,0,BUY,0.01,4736.84000,4735.84000,4737.44000,4735.00024,4733.89039,58.07,17,0.00,"opened"
2026-05-07T09:24:21Z,XAUUSD,CLOSE,8527023086,8122880257,SELL,0.01,4736.73000,0.00000,0.00000,0.00000,0.00000,0.00,0,0.06,"deal_close"
2026-05-07T09:24:45Z,XAUUSD,OPEN,0,0,BUY,0.01,4737.29000,4736.29000,4737.89000,4735.29819,4734.12672,59.76,18,0.00,"opened"
2026-05-07T09:24:49Z,XAUUSD,CLOSE,8527038808,8122889345,SELL,0.01,4737.14000,0.00000,0.00000,0.00000,0.00000,0.00,0,-0.14,"deal_close"
2026-05-07T09:25:45Z,XAUUSD,OPEN,0,0,BUY,0.01,4736.71000,4735.71000,4737.31000,4735.60655,4734.37338,60.82,16,0.00,"opened"
2026-05-07T09:26:27Z,XAUUSD,CLOSE,8527052243,8122911286,SELL,0.01,4737.05000,0.00000,0.00000,0.00000,0.00000,0.00,0,0.37,"deal_close"
