time,symbol,type,raw_json

2026-04-30T12:52:59,XAUUSD,features,"{""type"": ""features"", ""symbol"": ""XAUUSD"", ""time"": ""2026-04-30T12:52:59"", ""features"": {""symbol"": ""XAUUSD"", ""bid"": 4633.03, ""ask"": 4633.18, ""spread_points"": 15, ""balance"": 91.36, ""equity"": 91.36, ""free_margin"": 91.36, ""m1_ohlcv"": [[4631.87, 4632.08, 4629.6, 4630.04, 609], [4630.04, 4630.13, 4627.55, 4627.67, 638], [4627.68, 4628.94, 4626.53, 4627.61, 545], [4627.61, 4630.4, 4627.53, 4629.94, 498], [4629.94, 4631.93, 4628.19, 4631.16, 585], [4631.21, 4633.7, 4631.1, 4632.76, 427], [4632.73, 4633.18, 4631.34, 4631.67, 453], [4631.67, 4631.8, 4629.32, 4629.87, 427], [4629.87, 4629.87, 4627.91, 4628.39, 495], [4628.39, 4631.01, 4628.39, 4629.26, 540], [4629.26, 4629.76, 4627.77, 4628.7, 395], [4628.69, 4628.94, 4625.58, 4625.81, 611], [4625.81, 4628.49, 4624.56, 4628.44, 516], [4628.44, 4631.27, 4628.44, 4631.21, 412], [4631.23, 4631.24, 4629.35, 4630.17, 566], [4630.17, 4631.53, 4628.72, 4628.96, 416], [4628.98, 4628.98, 4626.06, 4626.84, 628], [4626.84, 4627.6, 4625.84, 4626.12, 568], [4626.12, 4630.53, 4625.88, 4630.51, 405], [4630.51, 4634.66, 4629.55, 4633.03, 418]], ""m1_ema9"": 4630.3041, ""m1_ema21"": 4630.102276, ""m1_ema50"": 4630.894395, ""m1_rsi14"": 56.48, ""m1_atr14"": 2.736429, ""m1_adx14"": 19.86, ""m1_plusdi"": 24.75, ""m1_minusdi"": 19.94, ""m5_ema20"": 4631.239125, ""m5_ema50"": 4625.462267, ""m5_rsi14"": 52.46, ""m5_atr14"": 6.977857, ""m5_adx14"": 19.18, ""m5_plusdi"": 11.09, ""m5_minusdi"": 12.68, ""hour_gmt"": 12, ""open_ea_trades"": 0, ""trades_today"": 0}}",4633.18,91.36,4633.03,91.36,91.36,12,19.86,2.736429,4629.26,4631.01,4628.39,4628.39,540.0,4628.7,4629.76,4627.77,4629.26,395.0,4625.81,4628.94,4625.58,4628.69,611.0,4628.44,4628.49,4624.56,4625.81,516.0,4631.21,4631.27,4628.44,4628.44,412.0,4630.17,4631.24,4629.35,4631.23,566.0,4628.96,4631.53,4628.72,4630.17,416.0,4626.84,4628.98,4626.06,4628.98,628.0,4626.12,4627.6,4625.84,4626.84,568.0,4630.51,4630.53,4625.88,4626.12,405.0,4630.04,4632.08,4629.6,4631.87,609.0,4633.03,4634.66,4629.55,4630.51,418.0,4627.67,4630.13,4627.55,4630.04,638.0,4627.61,4628.94,4626.53,4627.68,545.0,4629.94,4630.4,4627.53,4627.61,498.0,4631.16,4631.93,4628.19,4629.94,585.0,4632.76,4633.7,4631.1,4631.21,427.0,4631.67,4633.18,4631.34,4632.73,453.0,4629.87,4631.8,4629.32,4631.67,427.0,4628.39,4629.87,4627.91,4629.87,495.0,4630.102276,4630.894395,4630.3041,19.94,24.75,56.48,19.18,6.977857,4631.239125,4625.462267,12.68,11.09,52.46,0,15,0
2026-04-30T12:53:59,XAUUSD,features,"{""type"": ""features"", ""symbol"": ""XAUUSD"", ""time"": ""2026-04-30T12:53:59"", ""features"": {""symbol"": ""XAUUSD"", ""bid"": 4632.9, ""ask"": 4633.07, ""spread_points"": 17, ""balance"": 91.36, ""equity"": 91.36, ""free_margin"": 91.36, ""m1_ohlcv"": [[4630.04, 4630.13, 4627.55, 4627.67, 638], [4627.68, 4628.94, 4626.53, 4627.61, 545], [4627.61, 4630.4, 4627.53, 4629.94, 498], [4629.94, 4631.93, 4628.19, 4631.16, 585], [4631.21, 4633.7, 4631.1, 4632.76, 427], [4632.73, 4633.18, 4631.34, 4631.67, 453], [4631.67, 4631.8, 4629.32, 4629.87, 427], [4629.87, 4629.87, 4627.91, 4628.39, 495], [4628.39, 4631.01, 4628.39, 4629.26, 540], [4629.26, 4629.76, 4627.77, 4628.7, 395], [4628.69, 4628.94, 4625.58, 4625.81, 611], [4625.81, 4628.49, 4624.56, 4628.44, 516], [4628.44, 4631.27, 4628.44, 4631.21, 412], [4631.23, 4631.24, 4629.35, 4630.17, 566], [4630.17, 4631.53, 4628.72, 4628.96, 416], [4628.98, 4628.98, 4626.06, 4626.84, 628], [4626.84, 4627.6, 4625.84, 4626.12, 568], [4626.12, 4630.53, 4625.88, 4630.51, 405], [4630.51, 4634.66, 4629.55, 4633.03, 418], [4633.03, 4634.59, 4632.59, 4632.9, 550]], ""m1_ema9"": 4630.80248, ""m1_ema21"": 4630.345871, ""m1_ema50"": 4630.968148, ""m1_rsi14"": 56.16, ""m1_atr14"": 2.702143, ""m1_adx14"": 18.65, ""m1_plusdi"": 21.45, ""m1_minusdi"": 17.28, ""m5_ema20"": 4631.226744, ""m5_ema50"": 4625.457169, ""m5_rsi14"": 52.33, ""m5_atr14"": 6.977857, ""m5_adx14"": 19.18, ""m5_plusdi"": 11.09, ""m5_minusdi"": 12.68, ""hour_gmt"": 12, ""open_ea_trades"": 0, ""trades_today"": 0}}",4633.07,91.36,4632.9,91.36,91.36,12,18.65,2.702143,4628.7,4629.76,4627.77,4629.26,395.0,4625.81,4628.94,4625.58,4628.69,611.0,4628.44,4628.49,4624.56,4625.81,516.0,4631.21,4631.27,4628.44,4628.44,412.0,4630.17,4631.24,4629.35,4631.23,566.0,4628.96,4631.53,4628.72,4630.17,416.0,4626.84,4628.98,4626.06,4628.98,628.0,4626.12,4627.6,4625.84,4626.84,568.0,4630.51,4630.53,4625.88,4626.12,405.0,4633.03,4634.66,4629.55,4630.51,418.0,4627.67,4630.13,4627.55,4630.04,638.0,4632.9,4634.59,4632.59,4633.03,550.0,4627.61,4628.94,4626.53,4627.68,545.0,4629.94,4630.4,4627.53,4627.61,498.0,4631.16,4631.93,4628.19,4629.94,585.0,4632.76,4633.7,4631.1,4631.21,427.0,4631.67,4633.18,4631.34,4632.73,453.0,4629.87,4631.8,4629.32,4631.67,427.0,4628.39,4629.87,4627.91,4629.87,495.0,4629.26,4631.01,4628.39,4628.39,540.0,4630.345871,4630.968148,4630.80248,17.28,21.45,56.16,19.18,6.977857,4631.226744,4625.457169,12.68,11.09,52.33,0,17,0
2026-04-30T12:54:59,XAUUSD,features,"{""type"": ""features"", ""symbol"": ""XAUUSD"", ""time"": ""2026-04-30T12:54:59"", ""features"": {""symbol"": ""XAUUSD"", ""bid"": 4635.19, ""ask"": 4635.35, ""spread_points"": 16, ""balance"": 91.36, ""equity"": 91.36, ""free_margin"": 91.36, ""m1_ohlcv"": [[4627.68, 4628.94, 4626.53, 4627.61, 545], [4627.61, 4630.4, 4627.53, 4629.94, 498], [4629.94, 4631.93, 4628.19, 4631.16, 585], [4631.21, 4633.7, 4631.1, 4632.76, 427], [4632.73, 4633.18, 4631.34, 4631.67, 453], [4631.67, 4631.8, 4629.32, 4629.87, 427], [4629.87, 4629.87, 4627.91, 4628.39, 495], [4628.39, 4631.01, 4628.39, 4629.26, 540], [4629.26, 4629.76, 4627.77, 4628.7, 395], [4628.69, 4628.94, 4625.58, 4625.81, 611], [4625.81, 4628.49, 4624.56, 4628.44, 516], [4628.44, 4631.27, 4628.44, 4631.21, 412], [4631.23, 4631.24, 4629.35, 4630.17, 566], [4630.17, 4631.53, 4628.72, 4628.96, 416], [4628.98, 4628.98, 4626.06, 4626.84, 628], [4626.84, 4627.6, 4625.84, 4626.12, 568], [4626.12, 4630.53, 4625.88, 4630.51, 405], [4630.51, 4634.66, 4629.55, 4633.03, 418], [4633.03, 4634.59, 4632.59, 4632.9, 550], [4632.9, 4635.53, 4632.9, 4635.19, 439]], ""m1_ema9"": 4632.046384, ""m1_ema21"": 4630.975503, ""m1_ema50"": 4631.219993, ""m1_rsi14"": 60.37, ""m1_atr14"": 2.75, ""m1_adx14"": 20.03, ""m1_plusdi"": 22.72, ""m1_minusdi"": 14.98, ""m5_ema20"": 4631.801521, ""m5_ema50"": 4625.925131, ""m5_rsi14"": 54.47, ""m5_atr14"": 6.57, ""m5_adx14"": 16.68, ""m5_plusdi"": 10.28, ""m5_minusdi"": 10.99, ""hour_gmt"": 12, ""open_ea_trades"": 0, ""trades_today"": 0}}",4635.35,91.36,4635.19,91.36,91.36,12,20.03,2.75,4625.81,4628.94,4625.58,4628.69,611.0,4628.44,4628.49,4624.56,4625.81,516.0,4631.21,4631.27,4628.44,4628.44,412.0,4630.17,4631.24,4629.35,4631.23,566.0,4628.96,4631.53,4628.72,4630.17,416.0,4626.84,4628.98,4626.06,4628.98,628.0,4626.12,4627.6,4625.84,4626.84,568.0,4630.51,4630.53,4625.88,4626.12,405.0,4633.03,4634.66,4629.55,4630.51,418.0,4632.9,4634.59,4632.59,4633.03,550.0,4627.61,4628.94,4626.53,4627.68,545.0,4635.19,4635.53,4632.9,4632.9,439.0,4629.94,4630.4,4627.53,4627.61,498.0,4631.16,4631.93,4628.19,4629.94,585.0,4632.76,4633.7,4631.1,4631.21,427.0,4631.67,4633.18,4631.34,4632.73,453.0,4629.87,4631.8,4629.32,4631.67,427.0,4628.39,4629.87,4627.91,4629.87,495.0,4629.26,4631.01,4628.39,4628.39,540.0,4628.7,4629.76,4627.77,4629.26,395.0,4630.975503,4631.219993,4632.046384,14.98,22.72,60.37,16.68,6.57,4631.801521,4625.925131,10.99,10.28,54.47,0,16,0
2026-04-30T12:55:59,XAUUSD,features,"{""type"": ""features"", ""symbol"": ""XAUUSD"", ""time"": ""2026-04-30T12:55:59"", ""features"": {""symbol"": ""XAUUSD"", ""bid"": 4633.36, ""ask"": 4633.53, ""spread_points"": 17, ""balance"": 91.36, ""equity"": 91.36, ""free_margin"": 91.36, ""m1_ohlcv"": [[4627.61, 4630.4, 4627.53, 4629.94, 498], [4629.94, 4631.93, 4628.19, 4631.16, 585], [4631.21, 4633.7, 4631.1, 4632.76, 427], [4632.73, 4633.18, 4631.34, 4631.67, 453], [4631.67, 4631.8, 4629.32, 4629.87, 427], [4629.87, 4629.87, 4627.91, 4628.39, 495], [4628.39, 4631.01, 4628.39, 4629.26, 540], [4629.26, 4629.76, 4627.77, 4628.7, 395], [4628.69, 4628.94, 4625.58, 4625.81, 611], [4625.81, 4628.49, 4624.56, 4628.44, 516], [4628.44, 4631.27, 4628.44, 4631.21, 412], [4631.23, 4631.24, 4629.35, 4630.17, 566], [4630.17, 4631.53, 4628.72, 4628.96, 416], [4628.98, 4628.98, 4626.06, 4626.84, 628], [4626.84, 4627.6, 4625.84, 4626.12, 568], [4626.12, 4630.53, 4625.88, 4630.51, 405], [4630.51, 4634.66, 4629.55, 4633.03, 418], [4633.03, 4634.59, 4632.59, 4632.9, 550], [4632.9, 4635.53, 4632.9, 4635.19, 439], [4635.19, 4635.19, 4632.86, 4633.34, 411]], ""m1_ema9"": 4632.013107, ""m1_ema21"": 4631.039382, ""m1_ema50"": 4631.234211, ""m1_rsi14"": 55.75, ""m1_atr14"": 2.730714, ""m1_adx14"": 19.92, ""m1_plusdi"": 19.69, ""m1_minusdi"": 13.18, ""m5_ema20"": 4631.627235, ""m5_ema50"": 4625.853366, ""m5_rsi14"": 52.45, ""m5_atr14"": 6.736429, ""m5_adx14"": 16.68, ""m5_plusdi"": 10.28, ""m5_minusdi"": 10.99, ""hour_gmt"": 12, ""open_ea_trades"": 0, ""trades_today"": 0}}",4633.53,91.36,4633.36,91.36,91.36,12,19.92,2.730714,4628.44,4628.49,4624.56,4625.81,516.0,4631.21,4631.27,4628.44,4628.44,412.0,4630.17,4631.24,4629.35,4631.23,566.0,4628.96,4631.53,4628.72,4630.17,416.0,4626.84,4628.98,4626.06,4628.98,628.0,4626.12,4627.6,4625.84,4626.84,568.0,4630.51,4630.53,4625.88,4626.12,405.0,4633.03,4634.66,4629.55,4630.51,418.0,4632.9,4634.59,4632.59,4633.03,550.0,4635.19,4635.53,4632.9,4632.9,439.0,4629.94,4630.4,4627.53,4627.61,498.0,4633.34,4635.19,4632.86,4635.19,411.0,4631.16,4631.93,4628.19,4629.94,585.0,4632.76,4633.7,4631.1,4631.21,427.0,4631.67,4633.18,4631.34,4632.73,453.0,4629.87,4631.8,4629.32,4631.67,427.0,4628.39,4629.87,4627.91,4629.87,495.0,4629.26,4631.01,4628.39,4628.39,540.0,4628.7,4629.76,4627.77,4629.26,395.0,4625.81,4628.94,4625.58,4628.69,611.0,4631.039382,4631.234211,4632.013107,13.18,19.69,55.75,16.68,6.736429,4631.627235,4625.853366,10.99,10.28,52.45,0,17,0
2026-04-30T12:56:59,XAUUSD,features,"{""type"": ""features"", ""symbol"": ""XAUUSD"", ""time"": ""2026-04-30T12:56:59"", ""features"": {""symbol"": ""XAUUSD"", ""bid"": 4636.76, ""ask"": 4637.07, ""spread_points"": 31, ""balance"": 91.36, ""equity"": 91.36, ""free_margin"": 91.36, ""m1_ohlcv"": [[4629.94, 4631.93, 4628.19, 4631.16, 585], [4631.21, 4633.7, 4631.1, 4632.76, 427], [4632.73, 4633.18, 4631.34, 4631.67, 453], [4631.67, 4631.8, 4629.32, 4629.87, 427], [4629.87, 4629.87, 4627.91, 4628.39, 495], [4628.39, 4631.01, 4628.39, 4629.26, 540], [4629.26, 4629.76, 4627.77, 4628.7, 395], [4628.69, 4628.94, 4625.58, 4625.81, 611], [4625.81, 4628.49, 4624.56, 4628.44, 516], [4628.44, 4631.27, 4628.44, 4631.21, 412], [4631.23, 4631.24, 4629.35, 4630.17, 566], [4630.17, 4631.53, 4628.72, 4628.96, 416], [4628.98, 4628.98, 4626.06, 4626.84, 628], [4626.84, 4627.6, 4625.84, 4626.12, 568], [4626.12, 4630.53, 4625.88, 4630.51, 405], [4630.51, 4634.66, 4629.55, 4633.03, 418], [4633.03, 4634.59, 4632.59, 4632.9, 550], [4632.9, 4635.53, 4632.9, 4635.19, 439], [4635.19, 4635.19, 4632.86, 4633.34, 411], [4633.36, 4637.11, 4633.21, 4636.73, 461]], ""m1_ema9"": 4633.501686, ""m1_ema21"": 4631.837951, ""m1_ema50"": 4631.577883, ""m1_rsi14"": 61.61, ""m1_atr14"": 2.867857, ""m1_adx14"": 23.22, ""m1_plusdi"": 22.75, ""m1_minusdi"": 11.42, ""m5_ema20"": 4631.951045, ""m5_ema50"": 4625.9867, ""m5_rsi14"": 55.93, ""m5_atr14"": 6.873571, ""m5_adx14"": 18.39, ""m5_plusdi"": 15.23, ""m5_minusdi"": 10.99, ""hour_gmt"": 12, ""open_ea_trades"": 0, ""trades_today"": 0}}",4637.07,91.36,4636.76,91.36,91.36,12,23.22,2.867857,4631.21,4631.27,4628.44,4628.44,412.0,4630.17,4631.24,4629.35,4631.23,566.0,4628.96,4631.53,4628.72,4630.17,416.0,4626.84,4628.98,4626.06,4628.98,628.0,4626.12,4627.6,4625.84,4626.84,568.0,4630.51,4630.53,4625.88,4626.12,405.0,4633.03,4634.66,4629.55,4630.51,418.0,4632.9,4634.59,4632.59,4633.03,550.0,4635.19,4635.53,4632.9,4632.9,439.0,4633.34,4635.19,4632.86,4635.19,411.0,4631.16,4631.93,4628.19,4629.94,585.0,4636.73,4637.11,4633.21,4633.36,461.0,4632.76,4633.7,4631.1,4631.21,427.0,4631.67,4633.18,4631.34,4632.73,453.0,4629.87,4631.8,4629.32,4631.67,427.0,4628.39,4629.87,4627.91,4629.87,495.0,4629.26,4631.01,4628.39,4628.39,540.0,4628.7,4629.76,4627.77,4629.26,395.0,4625.81,4628.94,4625.58,4628.69,611.0,4628.44,4628.49,4624.56,4625.81,516.0,4631.837951,4631.577883,4633.501686,11.42,22.75,61.61,18.39,6.873571,4631.951045,4625.9867,10.99,15.23,55.93,0,31,0
2026-04-30T12:57:59,XAUUSD,features,"{""type"": ""features"", ""symbol"": ""XAUUSD"", ""time"": ""2026-04-30T12:57:59"", ""features"": {""symbol"": ""XAUUSD"", ""bid"": 4636.34, ""ask"": 4636.51, ""spread_points"": 17, ""balance"": 91.36, ""equity"": 91.36, ""free_margin"": 91.36, ""m1_ohlcv"": [[4631.21, 4633.7, 4631.1, 4632.76, 427], [4632.73, 4633.18, 4631.34, 4631.67, 453], [4631.67, 4631.8, 4629.32, 4629.87, 427], [4629.87, 4629.87, 4627.91, 4628.39, 495], [4628.39, 4631.01, 4628.39, 4629.26, 540], [4629.26, 4629.76, 4627.77, 4628.7, 395], [4628.69, 4628.94, 4625.58, 4625.81, 611], [4625.81, 4628.49, 4624.56, 4628.44, 516], [4628.44, 4631.27, 4628.44, 4631.21, 412], [4631.23, 4631.24, 4629.35, 4630.17, 566], [4630.17, 4631.53, 4628.72, 4628.96, 416], [4628.98, 4628.98, 4626.06, 4626.84, 628], [4626.84, 4627.6, 4625.84, 4626.12, 568], [4626.12, 4630.53, 4625.88, 4630.51, 405], [4630.51, 4634.66, 4629.55, 4633.03, 418], [4633.03, 4634.59, 4632.59, 4632.9, 550], [4632.9, 4635.53, 4632.9, 4635.19, 439], [4635.19, 4635.19, 4632.86, 4633.34, 411], [4633.36, 4637.11, 4633.21, 4636.73, 461], [4636.76, 4637.06, 4635.52, 4636.34, 462]], ""m1_ema9"": 4634.002149, ""m1_ema21"": 4632.212517, ""m1_ema50"": 4631.748808, ""m1_rsi14"": 60.57, ""m1_atr14"": 2.735714, ""m1_adx14"": 24.55, ""m1_plusdi"": 19.72, ""m1_minusdi"": 9.9, ""m5_ema20"": 4631.911045, ""m5_ema50"": 4625.970229, ""m5_rsi14"": 55.55, ""m5_atr14"": 6.873571, ""m5_adx14"": 18.39, ""m5_plusdi"": 15.23, ""m5_minusdi"": 10.99, ""hour_gmt"": 12, ""open_ea_trades"": 0, ""trades_today"": 0}}",4636.51,91.36,4636.34,91.36,91.36,12,24.55,2.735714,4630.17,4631.24,4629.35,4631.23,566.0,4628.96,4631.53,4628.72,4630.17,416.0,4626.84,4628.98,4626.06,4628.98,628.0,4626.12,4627.6,4625.84,4626.84,568.0,4630.51,4630.53,4625.88,4626.12,405.0,4633.03,4634.66,4629.55,4630.51,418.0,4632.9,4634.59,4632.59,4633.03,550.0,4635.19,4635.53,4632.9,4632.9,439.0,4633.34,4635.19,4632.86,4635.19,411.0,4636.73,4637.11,4633.21,4633.36,461.0,4632.76,4633.7,4631.1,4631.21,427.0,4636.34,4637.06,4635.52,4636.76,462.0,4631.67,4633.18,4631.34,4632.73,453.0,4629.87,4631.8,4629.32,4631.67,427.0,4628.39,4629.87,4627.91,4629.87,495.0,4629.26,4631.01,4628.39,4628.39,540.0,4628.7,4629.76,4627.77,4629.26,395.0,4625.81,4628.94,4625.58,4628.69,611.0,4628.44,4628.49,4624.56,4625.81,516.0,4631.21,4631.27,4628.44,4628.44,412.0,4632.212517,4631.748808,4634.002149,9.9,19.72,60.57,18.39,6.873571,4631.911045,4625.970229,10.99,15.23,55.55,0,17,0
2026-04-30T12:58:59,XAUUSD,features,"{""type"": ""features"", ""symbol"": ""XAUUSD"", ""time"": ""2026-04-30T12:58:59"", ""features"": {""symbol"": ""XAUUSD"", ""bid"": 4639.29, ""ask"": 4639.37, ""spread_points"": 8, ""balance"": 91.36, ""equity"": 91.36, ""free_margin"": 91.36, ""m1_ohlcv"": [[4632.73, 4633.18, 4631.34, 4631.67, 453], [4631.67, 4631.8, 4629.32, 4629.87, 427], [4629.87, 4629.87, 4627.91, 4628.39, 495], [4628.39, 4631.01, 4628.39, 4629.26, 540], [4629.26, 4629.76, 4627.77, 4628.7, 395], [4628.69, 4628.94, 4625.58, 4625.81, 611], [4625.81, 4628.49, 4624.56, 4628.44, 516], [4628.44, 4631.27, 4628.44, 4631.21, 412], [4631.23, 4631.24, 4629.35, 4630.17, 566], [4630.17, 4631.53, 4628.72, 4628.96, 416], [4628.98, 4628.98, 4626.06, 4626.84, 628], [4626.84, 4627.6, 4625.84, 4626.12, 568], [4626.12, 4630.53, 4625.88, 4630.51, 405], [4630.51, 4634.66, 4629.55, 4633.03, 418], [4633.03, 4634.59, 4632.59, 4632.9, 550], [4632.9, 4635.53, 4632.9, 4635.19, 439], [4635.19, 4635.19, 4632.86, 4633.34, 411], [4633.36, 4637.11, 4633.21, 4636.73, 461], [4636.76, 4637.06, 4635.52, 4636.34, 462], [4636.34, 4639.8, 4635.33, 4639.29, 472]], ""m1_ema9"": 4635.531719, ""m1_ema21"": 4633.099727, ""m1_ema50"": 4632.15569, ""m1_rsi14"": 65.14, ""m1_atr14"": 2.774286, ""m1_adx14"": 29.29, ""m1_plusdi"": 24.17, ""m1_minusdi"": 8.58, ""m5_ema20"": 4632.191997, ""m5_ema50"": 4626.085915, ""m5_rsi14"": 58.09, ""m5_atr14"": 7.065714, ""m5_adx14"": 19.62, ""m5_plusdi"": 18.48, ""m5_minusdi"": 10.99, ""hour_gmt"": 12, ""open_ea_trades"": 0, ""trades_today"": 0}}",4639.37,91.36,4639.29,91.36,91.36,12,29.29,2.774286,4628.96,4631.53,4628.72,4630.17,416.0,4626.84,4628.98,4626.06,4628.98,628.0,4626.12,4627.6,4625.84,4626.84,568.0,4630.51,4630.53,4625.88,4626.12,405.0,4633.03,4634.66,4629.55,4630.51,418.0,4632.9,4634.59,4632.59,4633.03,550.0,4635.19,4635.53,4632.9,4632.9,439.0,4633.34,4635.19,4632.86,4635.19,411.0,4636.73,4637.11,4633.21,4633.36,461.0,4636.34,4637.06,4635.52,4636.76,462.0,4631.67,4633.18,4631.34,4632.73,453.0,4639.29,4639.8,4635.33,4636.34,472.0,4629.87,4631.8,4629.32,4631.67,427.0,4628.39,4629.87,4627.91,4629.87,495.0,4629.26,4631.01,4628.39,4628.39,540.0,4628.7,4629.76,4627.77,4629.26,395.0,4625.81,4628.94,4625.58,4628.69,611.0,4628.44,4628.49,4624.56,4625.81,516.0,4631.21,4631.27,4628.44,4628.44,412.0,4630.17,4631.24,4629.35,4631.23,566.0,4633.099727,4632.15569,4635.531719,8.58,24.17,65.14,19.62,7.065714,4632.191997,4626.085915,10.99,18.48,58.09,0,8,0
2026-04-30T12:59:59,XAUUSD,features,"{""type"": ""features"", ""symbol"": ""XAUUSD"", ""time"": ""2026-04-30T12:59:59"", ""features"": {""symbol"": ""XAUUSD"", ""bid"": 4639.61, ""ask"": 4639.78, ""spread_points"": 17, ""balance"": 91.36, ""equity"": 91.36, ""free_margin"": 91.36, ""m1_ohlcv"": [[4631.67, 4631.8, 4629.32, 4629.87, 427], [4629.87, 4629.87, 4627.91, 4628.39, 495], [4628.39, 4631.01, 4628.39, 4629.26, 540], [4629.26, 4629.76, 4627.77, 4628.7, 395], [4628.69, 4628.94, 4625.58, 4625.81, 611], [4625.81, 4628.49, 4624.56, 4628.44, 516], [4628.44, 4631.27, 4628.44, 4631.21, 412], [4631.23, 4631.24, 4629.35, 4630.17, 566], [4630.17, 4631.53, 4628.72, 4628.96, 416], [4628.98, 4628.98, 4626.06, 4626.84, 628], [4626.84, 4627.6, 4625.84, 4626.12, 568], [4626.12, 4630.53, 4625.88, 4630.51, 405], [4630.51, 4634.66, 4629.55, 4633.03, 418], [4633.03, 4634.59, 4632.59, 4632.9, 550], [4632.9, 4635.53, 4632.9, 4635.19, 439], [4635.19, 4635.19, 4632.86, 4633.34, 411], [4633.36, 4637.11, 4633.21, 4636.73, 461], [4636.76, 4637.06, 4635.52, 4636.34, 462], [4636.34, 4639.8, 4635.33, 4639.29, 472], [4639.29, 4640.08, 4638.48, 4639.58, 358]], ""m1_ema9"": 4636.393775, ""m1_ema21"": 4633.715537, ""m1_ema50"": 4632.458943, ""m1_rsi14"": 65.61, ""m1_atr14"": 2.688571, ""m1_adx14"": 32.6, ""m1_plusdi"": 22.97, ""m1_minusdi"": 7.44, ""m5_ema20"": 4632.923462, ""m5_ema50"": 4626.627198, ""m5_rsi14"": 58.35, ""m5_atr14"": 6.565714, ""m5_adx14"": 20.52, ""m5_plusdi"": 16.19, ""m5_minusdi"": 9.53, ""hour_gmt"": 12, ""open_ea_trades"": 0, ""trades_today"": 0}}",4639.78,91.36,4639.61,91.36,91.36,12,32.6,2.688571,4626.84,4628.98,4626.06,4628.98,628.0,4626.12,4627.6,4625.84,4626.84,568.0,4630.51,4630.53,4625.88,4626.12,405.0,4633.03,4634.66,4629.55,4630.51,418.0,4632.9,4634.59,4632.59,4633.03,550.0,4635.19,4635.53,4632.9,4632.9,439.0,4633.34,4635.19,4632.86,4635.19,411.0,4636.73,4637.11,4633.21,4633.36,461.0,4636.34,4637.06,4635.52,4636.76,462.0,4639.29,4639.8,4635.33,4636.34,472.0,4629.87,4631.8,4629.32,4631.67,427.0,4639.58,4640.08,4638.48,4639.29,358.0,4628.39,4629.87,4627.91,4629.87,495.0,4629.26,4631.01,4628.39,4628.39,540.0,4628.7,4629.76,4627.77,4629.26,395.0,4625.81,4628.94,4625.58,4628.69,611.0,4628.44,4628.49,4624.56,4625.81,516.0,4631.21,4631.27,4628.44,4628.44,412.0,4630.17,4631.24,4629.35,4631.23,566.0,4628.96,4631.53,4628.72,4630.17,416.0,4633.715537,4632.458943,4636.393775,7.44,22.97,65.61,20.52,6.565714,4632.923462,4626.627198,9.53,16.19,58.35,0,17,0
2026-04-30T13:00:59,XAUUSD,features,"{""type"": ""features"", ""symbol"": ""XAUUSD"", ""time"": ""2026-04-30T13:00:59"", ""features"": {""symbol"": ""XAUUSD"", ""bid"": 4640.49, ""ask"": 4640.66, ""spread_points"": 17, ""balance"": 91.36, ""equity"": 91.36, ""free_margin"": 91.36, ""m1_ohlcv"": [[4629.87, 4629.87, 4627.91, 4628.39, 495], [4628.39, 4631.01, 4628.39, 4629.26, 540], [4629.26, 4629.76, 4627.77, 4628.7, 395], [4628.69, 4628.94, 4625.58, 4625.81, 611], [4625.81, 4628.49, 4624.56, 4628.44, 516], [4628.44, 4631.27, 4628.44, 4631.21, 412], [4631.23, 4631.24, 4629.35, 4630.17, 566], [4630.17, 4631.53, 4628.72, 4628.96, 416], [4628.98, 4628.98, 4626.06, 4626.84, 628], [4626.84, 4627.6, 4625.84, 4626.12, 568], [4626.12, 4630.53, 4625.88, 4630.51, 405], [4630.51, 4634.66, 4629.55, 4633.03, 418], [4633.03, 4634.59, 4632.59, 4632.9, 550], [4632.9, 4635.53, 4632.9, 4635.19, 439], [4635.19, 4635.19, 4632.86, 4633.34, 411], [4633.36, 4637.11, 4633.21, 4636.73, 461], [4636.76, 4637.06, 4635.52, 4636.34, 462], [4636.34, 4639.8, 4635.33, 4639.29, 472], [4639.29, 4640.08, 4638.48, 4639.58, 358], [4639.61, 4642.93, 4639.49, 4640.49, 761]], ""m1_ema9"": 4637.35382, ""m1_ema21"": 4634.404124, ""m1_ema50"": 4632.807043, ""m1_rsi14"": 66.92, ""m1_atr14"": 2.797143, ""m1_adx14"": 38.31, ""m1_plusdi"": 29.48, ""m1_minusdi"": 6.44, ""m5_ema20"": 4633.007272, ""m5_ema50"": 4626.661708, ""m5_rsi14"": 59.1, ""m5_atr14"": 6.809286, ""m5_adx14"": 23.48, ""m5_plusdi"": 27.24, ""m5_minusdi"": 9.53, ""hour_gmt"": 13, ""open_ea_trades"": 0, ""trades_today"": 0}}",4640.66,91.36,4640.49,91.36,91.36,13,38.31,2.797143,4626.12,4627.6,4625.84,4626.84,568.0,4630.51,4630.53,4625.88,4626.12,405.0,4633.03,4634.66,4629.55,4630.51,418.0,4632.9,4634.59,4632.59,4633.03,550.0,4635.19,4635.53,4632.9,4632.9,439.0,4633.34,4635.19,4632.86,4635.19,411.0,4636.73,4637.11,4633.21,4633.36,461.0,4636.34,4637.06,4635.52,4636.76,462.0,4639.29,4639.8,4635.33,4636.34,472.0,4639.58,4640.08,4638.48,4639.29,358.0,4628.39,4629.87,4627.91,4629.87,495.0,4640.49,4642.93,4639.49,4639.61,761.0,4629.26,4631.01,4628.39,4628.39,540.0,4628.7,4629.76,4627.77,4629.26,395.0,4625.81,4628.94,4625.58,4628.69,611.0,4628.44,4628.49,4624.56,4625.81,516.0,4631.21,4631.27,4628.44,4628.44,412.0,4630.17,4631.24,4629.35,4631.23,566.0,4628.96,4631.53,4628.72,4630.17,416.0,4626.84,4628.98,4626.06,4628.98,628.0,4634.404124,4632.807043,4637.35382,6.44,29.48,66.92,23.48,6.809286,4633.007272,4626.661708,9.53,27.24,59.1,0,17,0
2026-04-30T13:01:59,XAUUSD,features,"{""type"": ""features"", ""symbol"": ""XAUUSD"", ""time"": ""2026-04-30T13:01:59"", ""features"": {""symbol"": ""XAUUSD"", ""bid"": 4640.29, ""ask"": 4640.35, ""spread_points"": 6, ""balance"": 91.36, ""equity"": 91.36, ""free_margin"": 91.36, ""m1_ohlcv"": [[4628.39, 4631.01, 4628.39, 4629.26, 540], [4629.26, 4629.76, 4627.77, 4628.7, 395], [4628.69, 4628.94, 4625.58, 4625.81, 611], [4625.81, 4628.49, 4624.56, 4628.44, 516], [4628.44, 4631.27, 4628.44, 4631.21, 412], [4631.23, 4631.24, 4629.35, 4630.17, 566], [4630.17, 4631.53, 4628.72, 4628.96, 416], [4628.98, 4628.98, 4626.06, 4626.84, 628], [4626.84, 4627.6, 4625.84, 4626.12, 568], [4626.12, 4630.53, 4625.88, 4630.51, 405], [4630.51, 4634.66, 4629.55, 4633.03, 418], [4633.03, 4634.59, 4632.59, 4632.9, 550], [4632.9, 4635.53, 4632.9, 4635.19, 439], [4635.19, 4635.19, 4632.86, 4633.34, 411], [4633.36, 4637.11, 4633.21, 4636.73, 461], [4636.76, 4637.06, 4635.52, 4636.34, 462], [4636.34, 4639.8, 4635.33, 4639.29, 472], [4639.29, 4640.08, 4638.48, 4639.58, 358], [4639.61, 4642.93, 4639.49, 4640.49, 761], [4640.49, 4641.04, 4638.28, 4640.29, 725]], ""m1_ema9"": 4637.909056, ""m1_ema21"": 4634.922675, ""m1_ema50"": 4633.092956, ""m1_rsi14"": 66.3, ""m1_atr14"": 2.793571, ""m1_adx14"": 36.04, ""m1_plusdi"": 25.55, ""m1_minusdi"": 10.65, ""m5_ema20"": 4632.988224, ""m5_ema50"": 4626.653865, ""m5_rsi14"": 58.93, ""m5_atr14"": 6.895714, ""m5_adx14"": 22.9, ""m5_plusdi"": 24.36, ""m5_minusdi"": 9.53, ""hour_gmt"": 13, ""open_ea_trades"": 0, ""trades_today"": 0}}",4640.35,91.36,4640.29,91.36,91.36,13,36.04,2.793571,4630.51,4630.53,4625.88,4626.12,405.0,4633.03,4634.66,4629.55,4630.51,418.0,4632.9,4634.59,4632.59,4633.03,550.0,4635.19,4635.53,4632.9,4632.9,439.0,4633.34,4635.19,4632.86,4635.19,411.0,4636.73,4637.11,4633.21,4633.36,461.0,4636.34,4637.06,4635.52,4636.76,462.0,4639.29,4639.8,4635.33,4636.34,472.0,4639.58,4640.08,4638.48,4639.29,358.0,4640.49,4642.93,4639.49,4639.61,761.0,4629.26,4631.01,4628.39,4628.39,540.0,4640.29,4641.04,4638.28,4640.49,725.0,4628.7,4629.76,4627.77,4629.26,395.0,4625.81,4628.94,4625.58,4628.69,611.0,4628.44,4628.49,4624.56,4625.81,516.0,4631.21,4631.27,4628.44,4628.44,412.0,4630.17,4631.24,4629.35,4631.23,566.0,4628.96,4631.53,4628.72,4630.17,416.0,4626.84,4628.98,4626.06,4628.98,628.0,4626.12,4627.6,4625.84,4626.84,568.0,4634.922675,4633.092956,4637.909056,10.65,25.55,66.3,22.9,6.895714,4632.988224,4626.653865,9.53,24.36,58.93,0,6,0
2026-04-30T13:02:59,XAUUSD,features,"{""type"": ""features"", ""symbol"": ""XAUUSD"", ""time"": ""2026-04-30T13:02:59"", ""features"": {""symbol"": ""XAUUSD"", ""bid"": 4643.09, ""ask"": 4643.26, ""spread_points"": 17, ""balance"": 91.36, ""equity"": 91.36, ""free_margin"": 91.36, ""m1_ohlcv"": [[4629.26, 4629.76, 4627.77, 4628.7, 395], [4628.69, 4628.94, 4625.58, 4625.81, 611], [4625.81, 4628.49, 4624.56, 4628.44, 516], [4628.44, 4631.27, 4628.44, 4631.21, 412], [4631.23, 4631.24, 4629.35, 4630.17, 566], [4630.17, 4631.53, 4628.72, 4628.96, 416], [4628.98, 4628.98, 4626.06, 4626.84, 628], [4626.84, 4627.6, 4625.84, 4626.12, 568], [4626.12, 4630.53, 4625.88, 4630.51, 405], [4630.51, 4634.66, 4629.55, 4633.03, 418], [4633.03, 4634.59, 4632.59, 4632.9, 550], [4632.9, 4635.53, 4632.9, 4635.19, 439], [4635.19, 4635.19, 4632.86, 4633.34, 411], [4633.36, 4637.11, 4633.21, 4636.73, 461], [4636.76, 4637.06, 4635.52, 4636.34, 462], [4636.34, 4639.8, 4635.33, 4639.29, 472], [4639.29, 4640.08, 4638.48, 4639.58, 358], [4639.61, 4642.93, 4639.49, 4640.49, 761], [4640.49, 4641.04, 4638.28, 4640.29, 725], [4640.29, 4643.17, 4639.44, 4643.09, 552]], ""m1_ema9"": 4639.393245, ""m1_ema21"": 4635.896564, ""m1_ema50"": 4633.590495, ""m1_rsi14"": 70.41, ""m1_atr14"": 2.851429, ""m1_adx14"": 39.27, ""m1_plusdi"": 28.74, ""m1_minusdi"": 9.23, ""m5_ema20"": 4633.254891, ""m5_ema50"": 4626.763669, ""m5_rsi14"": 61.16, ""m5_atr14"": 6.912857, ""m5_adx14"": 22.95, ""m5_plusdi"": 24.61, ""m5_minusdi"": 9.53, ""hour_gmt"": 13, ""open_ea_trades"": 0, ""trades_today"": 0}}",4643.26,91.36,4643.09,91.36,91.36,13,39.27,2.851429,4633.03,4634.66,4629.55,4630.51,418.0,4632.9,4634.59,4632.59,4633.03,550.0,4635.19,4635.53,4632.9,4632.9,439.0,4633.34,4635.19,4632.86,4635.19,411.0,4636.73,4637.11,4633.21,4633.36,461.0,4636.34,4637.06,4635.52,4636.76,462.0,4639.29,4639.8,4635.33,4636.34,472.0,4639.58,4640.08,4638.48,4639.29,358.0,4640.49,4642.93,4639.49,4639.61,761.0,4640.29,4641.04,4638.28,4640.49,725.0,4628.7,4629.76,4627.77,4629.26,395.0,4643.09,4643.17,4639.44,4640.29,552.0,4625.81,4628.94,4625.58,4628.69,611.0,4628.44,4628.49,4624.56,4625.81,516.0,4631.21,4631.27,4628.44,4628.44,412.0,4630.17,4631.24,4629.35,4631.23,566.0,4628.96,4631.53,4628.72,4630.17,416.0,4626.84,4628.98,4626.06,4628.98,628.0,4626.12,4627.6,4625.84,4626.84,568.0,4630.51,4630.53,4625.88,4626.12,405.0,4635.896564,4633.590495,4639.393245,9.23,28.74,70.41,22.95,6.912857,4633.254891,4626.763669,9.53,24.61,61.16,0,17,0
2026-04-30T13:03:59,XAUUSD,features,"{""type"": ""features"", ""symbol"": ""XAUUSD"", ""time"": ""2026-04-30T13:03:59"", ""features"": {""symbol"": ""XAUUSD"", ""bid"": 4642.14, ""ask"": 4642.31, ""spread_points"": 17, ""balance"": 91.36, ""equity"": 91.36, ""free_margin"": 91.36, ""m1_ohlcv"": [[4628.69, 4628.94, 4625.58, 4625.81, 611], [4625.81, 4628.49, 4624.56, 4628.44, 516], [4628.44, 4631.27, 4628.44, 4631.21, 412], [4631.23, 4631.24, 4629.35, 4630.17, 566], [4630.17, 4631.53, 4628.72, 4628.96, 416], [4628.98, 4628.98, 4626.06, 4626.84, 628], [4626.84, 4627.6, 4625.84, 4626.12, 568], [4626.12, 4630.53, 4625.88, 4630.51, 405], [4630.51, 4634.66, 4629.55, 4633.03, 418], [4633.03, 4634.59, 4632.59, 4632.9, 550], [4632.9, 4635.53, 4632.9, 4635.19, 439], [4635.19, 4635.19, 4632.86, 4633.34, 411], [4633.36, 4637.11, 4633.21, 4636.73, 461], [4636.76, 4637.06, 4635.52, 4636.34, 462], [4636.34, 4639.8, 4635.33, 4639.29, 472], [4639.29, 4640.08, 4638.48, 4639.58, 358], [4639.61, 4642.93, 4639.49, 4640.49, 761], [4640.49, 4641.04, 4638.28, 4640.29, 725], [4640.29, 4643.17, 4639.44, 4643.09, 552], [4643.09, 4644.14, 4641.86, 4642.14, 589]], ""m1_ema9"": 4639.790596, ""m1_ema21"": 4636.385637, ""m1_ema50"": 4633.889976, ""m1_rsi14"": 67.41, ""m1_atr14"": 2.888571, ""m1_adx14"": 42.45, ""m1_plusdi"": 29.83, ""m1_minusdi"": 8.0, ""m5_ema20"": 4633.164415, ""m5_ema50"": 4626.726414, ""m5_rsi14"": 60.43, ""m5_atr14"": 6.982143, ""m5_adx14"": 23.13, ""m5_plusdi"": 25.43, ""m5_minusdi"": 9.53, ""hour_gmt"": 13, ""open_ea_trades"": 0, ""trades_today"": 0}}",4642.31,91.36,4642.14,91.36,91.36,13,42.45,2.888571,4632.9,4634.59,4632.59,4633.03,550.0,4635.19,4635.53,4632.9,4632.9,439.0,4633.34,4635.19,4632.86,4635.19,411.0,4636.73,4637.11,4633.21,4633.36,461.0,4636.34,4637.06,4635.52,4636.76,462.0,4639.29,4639.8,4635.33,4636.34,472.0,4639.58,4640.08,4638.48,4639.29,358.0,4640.49,4642.93,4639.49,4639.61,761.0,4640.29,4641.04,4638.28,4640.49,725.0,4643.09,4643.17,4639.44,4640.29,552.0,4625.81,4628.94,4625.58,4628.69,611.0,4642.14,4644.14,4641.86,4643.09,589.0,4628.44,4628.49,4624.56,4625.81,516.0,4631.21,4631.27,4628.44,4628.44,412.0,4630.17,4631.24,4629.35,4631.23,566.0,4628.96,4631.53,4628.72,4630.17,416.0,4626.84,4628.98,4626.06,4628.98,628.0,4626.12,4627.6,4625.84,4626.84,568.0,4630.51,4630.53,4625.88,4626.12,405.0,4633.03,4634.66,4629.55,4630.51,418.0,4636.385637,4633.889976,4639.790596,8.0,29.83,67.41,23.13,6.982143,4633.164415,4626.726414,9.53,25.43,60.43,0,17,0
2026-04-30T13:04:59,XAUUSD,features,"{""type"": ""features"", ""symbol"": ""XAUUSD"", ""time"": ""2026-04-30T13:04:59"", ""features"": {""symbol"": ""XAUUSD"", ""bid"": 4640.39, ""ask"": 4640.43, ""spread_points"": 4, ""balance"": 91.36, ""equity"": 91.36, ""free_margin"": 91.36, ""m1_ohlcv"": [[4625.81, 4628.49, 4624.56, 4628.44, 516], [4628.44, 4631.27, 4628.44, 4631.21, 412], [4631.23, 4631.24, 4629.35, 4630.17, 566], [4630.17, 4631.53, 4628.72, 4628.96, 416], [4628.98, 4628.98, 4626.06, 4626.84, 628], [4626.84, 4627.6, 4625.84, 4626.12, 568], [4626.12, 4630.53, 4625.88, 4630.51, 405], [4630.51, 4634.66, 4629.55, 4633.03, 418], [4633.03, 4634.59, 4632.59, 4632.9, 550], [4632.9, 4635.53, 4632.9, 4635.19, 439], [4635.19, 4635.19, 4632.86, 4633.34, 411], [4633.36, 4637.11, 4633.21, 4636.73, 461], [4636.76, 4637.06, 4635.52, 4636.34, 462], [4636.34, 4639.8, 4635.33, 4639.29, 472], [4639.29, 4640.08, 4638.48, 4639.58, 358], [4639.61, 4642.93, 4639.49, 4640.49, 761], [4640.49, 4641.04, 4638.28, 4640.29, 725], [4640.29, 4643.17, 4639.44, 4643.09, 552], [4643.09, 4644.14, 4641.86, 4642.14, 589], [4642.14, 4643.37, 4639.91, 4640.39, 456]], ""m1_ema9"": 4639.630477, ""m1_ema21"": 4636.605042, ""m1_ema50"": 4634.078943, ""m1_rsi14"": 62.14, ""m1_atr14"": 2.803571, ""m1_adx14"": 37.98, ""m1_plusdi"": 25.85, ""m1_minusdi"": 13.45, ""m5_ema20"": 4633.701772, ""m5_ema50"": 4627.196305, ""m5_rsi14"": 59.01, ""m5_atr14"": 6.747143, ""m5_adx14"": 26.11, ""m5_plusdi"": 22.04, ""m5_minusdi"": 8.26, ""hour_gmt"": 13, ""open_ea_trades"": 0, ""trades_today"": 0}}",4640.43,91.36,4640.39,91.36,91.36,13,37.98,2.803571,4635.19,4635.53,4632.9,4632.9,439.0,4633.34,4635.19,4632.86,4635.19,411.0,4636.73,4637.11,4633.21,4633.36,461.0,4636.34,4637.06,4635.52,4636.76,462.0,4639.29,4639.8,4635.33,4636.34,472.0,4639.58,4640.08,4638.48,4639.29,358.0,4640.49,4642.93,4639.49,4639.61,761.0,4640.29,4641.04,4638.28,4640.49,725.0,4643.09,4643.17,4639.44,4640.29,552.0,4642.14,4644.14,4641.86,4643.09,589.0,4628.44,4628.49,4624.56,4625.81,516.0,4640.39,4643.37,4639.91,4642.14,456.0,4631.21,4631.27,4628.44,4628.44,412.0,4630.17,4631.24,4629.35,4631.23,566.0,4628.96,4631.53,4628.72,4630.17,416.0,4626.84,4628.98,4626.06,4628.98,628.0,4626.12,4627.6,4625.84,4626.84,568.0,4630.51,4630.53,4625.88,4626.12,405.0,4633.03,4634.66,4629.55,4630.51,418.0,4632.9,4634.59,4632.59,4633.03,550.0,4636.605042,4634.078943,4639.630477,13.45,25.85,62.14,26.11,6.747143,4633.701772,4627.196305,8.26,22.04,59.01,0,4,0
2026-04-30T13:05:59,XAUUSD,features,"{""type"": ""features"", ""symbol"": ""XAUUSD"", ""time"": ""2026-04-30T13:05:59"", ""features"": {""symbol"": ""XAUUSD"", ""bid"": 4639.31, ""ask"": 4639.48, ""spread_points"": 17, ""balance"": 91.36, ""equity"": 91.36, ""free_margin"": 91.36, ""m1_ohlcv"": [[4628.44, 4631.27, 4628.44, 4631.21, 412], [4631.23, 4631.24, 4629.35, 4630.17, 566], [4630.17, 4631.53, 4628.72, 4628.96, 416], [4628.98, 4628.98, 4626.06, 4626.84, 628], [4626.84, 4627.6, 4625.84, 4626.12, 568], [4626.12, 4630.53, 4625.88, 4630.51, 405], [4630.51, 4634.66, 4629.55, 4633.03, 418], [4633.03, 4634.59, 4632.59, 4632.9, 550], [4632.9, 4635.53, 4632.9, 4635.19, 439], [4635.19, 4635.19, 4632.86, 4633.34, 411], [4633.36, 4637.11, 4633.21, 4636.73, 461], [4636.76, 4637.06, 4635.52, 4636.34, 462], [4636.34, 4639.8, 4635.33, 4639.29, 472], [4639.29, 4640.08, 4638.48, 4639.58, 358], [4639.61, 4642.93, 4639.49, 4640.49, 761], [4640.49, 4641.04, 4638.28, 4640.29, 725], [4640.29, 4643.17, 4639.44, 4643.09, 552], [4643.09, 4644.14, 4641.86, 4642.14, 589], [4642.14, 4643.37, 4639.91, 4640.39, 456], [4640.39, 4640.67, 4638.28, 4639.31, 536]], ""m1_ema9"": 4639.393581, ""m1_ema21"": 4636.761691, ""m1_ema50"": 4634.24339, ""m1_rsi14"": 59.07, ""m1_atr14"": 2.609286, ""m1_adx14"": 30.97, ""m1_plusdi"": 22.4, ""m1_minusdi"": 19.53, ""m5_ema20"": 4633.598915, ""m5_ema50"": 4627.153952, ""m5_rsi14"": 57.64, ""m5_atr14"": 6.917857, ""m5_adx14"": 26.11, ""m5_plusdi"": 22.04, ""m5_minusdi"": 8.26, ""hour_gmt"": 13, ""open_ea_trades"": 0, ""trades_today"": 0}}",4639.48,91.36,4639.31,91.36,91.36,13,30.97,2.609286,4633.34,4635.19,4632.86,4635.19,411.0,4636.73,4637.11,4633.21,4633.36,461.0,4636.34,4637.06,4635.52,4636.76,462.0,4639.29,4639.8,4635.33,4636.34,472.0,4639.58,4640.08,4638.48,4639.29,358.0,4640.49,4642.93,4639.49,4639.61,761.0,4640.29,4641.04,4638.28,4640.49,725.0,4643.09,4643.17,4639.44,4640.29,552.0,4642.14,4644.14,4641.86,4643.09,589.0,4640.39,4643.37,4639.91,4642.14,456.0,4631.21,4631.27,4628.44,4628.44,412.0,4639.31,4640.67,4638.28,4640.39,536.0,4630.17,4631.24,4629.35,4631.23,566.0,4628.96,4631.53,4628.72,4630.17,416.0,4626.84,4628.98,4626.06,4628.98,628.0,4626.12,4627.6,4625.84,4626.84,568.0,4630.51,4630.53,4625.88,4626.12,405.0,4633.03,4634.66,4629.55,4630.51,418.0,4632.9,4634.59,4632.59,4633.03,550.0,4635.19,4635.53,4632.9,4632.9,439.0,4636.761691,4634.24339,4639.393581,19.53,22.4,59.07,26.11,6.917857,4633.598915,4627.153952,8.26,22.04,57.64,0,17,0
2026-04-30T13:06:59,XAUUSD,features,"{""type"": ""features"", ""symbol"": ""XAUUSD"", ""time"": ""2026-04-30T13:06:59"", ""features"": {""symbol"": ""XAUUSD"", ""bid"": 4638.15, ""ask"": 4638.32, ""spread_points"": 17, ""balance"": 91.36, ""equity"": 91.36, ""free_margin"": 91.36, ""m1_ohlcv"": [[4631.23, 4631.24, 4629.35, 4630.17, 566], [4630.17, 4631.53, 4628.72, 4628.96, 416], [4628.98, 4628.98, 4626.06, 4626.84, 628], [4626.84, 4627.6, 4625.84, 4626.12, 568], [4626.12, 4630.53, 4625.88, 4630.51, 405], [4630.51, 4634.66, 4629.55, 4633.03, 418], [4633.03, 4634.59, 4632.59, 4632.9, 550], [4632.9, 4635.53, 4632.9, 4635.19, 439], [4635.19, 4635.19, 4632.86, 4633.34, 411], [4633.36, 4637.11, 4633.21, 4636.73, 461], [4636.76, 4637.06, 4635.52, 4636.34, 462], [4636.34, 4639.8, 4635.33, 4639.29, 472], [4639.29, 4640.08, 4638.48, 4639.58, 358], [4639.61, 4642.93, 4639.49, 4640.49, 761], [4640.49, 4641.04, 4638.28, 4640.29, 725], [4640.29, 4643.17, 4639.44, 4643.09, 552], [4643.09, 4644.14, 4641.86, 4642.14, 589], [4642.14, 4643.37, 4639.91, 4640.39, 456], [4640.39, 4640.67, 4638.28, 4639.31, 536], [4639.31, 4640.05, 4637.96, 4638.15, 414]], ""m1_ema9"": 4638.959265, ""m1_ema21"": 4636.792033, ""m1_ema50"": 4634.352884, ""m1_rsi14"": 55.88, ""m1_atr14"": 2.615714, ""m1_adx14"": 26.52, ""m1_plusdi"": 19.42, ""m1_minusdi"": 18.7, ""m5_ema20"": 4633.488439, ""m5_ema50"": 4627.108461, ""m5_rsi14"": 56.24, ""m5_atr14"": 6.940714, ""m5_adx14"": 25.15, ""m5_plusdi"": 22.04, ""m5_minusdi"": 9.83, ""hour_gmt"": 13, ""open_ea_trades"": 0, ""trades_today"": 0}}",4638.32,91.36,4638.15,91.36,91.36,13,26.52,2.615714,4636.73,4637.11,4633.21,4633.36,461.0,4636.34,4637.06,4635.52,4636.76,462.0,4639.29,4639.8,4635.33,4636.34,472.0,4639.58,4640.08,4638.48,4639.29,358.0,4640.49,4642.93,4639.49,4639.61,761.0,4640.29,4641.04,4638.28,4640.49,725.0,4643.09,4643.17,4639.44,4640.29,552.0,4642.14,4644.14,4641.86,4643.09,589.0,4640.39,4643.37,4639.91,4642.14,456.0,4639.31,4640.67,4638.28,4640.39,536.0,4630.17,4631.24,4629.35,4631.23,566.0,4638.15,4640.05,4637.96,4639.31,414.0,4628.96,4631.53,4628.72,4630.17,416.0,4626.84,4628.98,4626.06,4628.98,628.0,4626.12,4627.6,4625.84,4626.84,568.0,4630.51,4630.53,4625.88,4626.12,405.0,4633.03,4634.66,4629.55,4630.51,418.0,4632.9,4634.59,4632.59,4633.03,550.0,4635.19,4635.53,4632.9,4632.9,439.0,4633.34,4635.19,4632.86,4635.19,411.0,4636.792033,4634.352884,4638.959265,18.7,19.42,55.88,25.15,6.940714,4633.488439,4627.108461,9.83,22.04,56.24,0,17,0
2026-04-30T13:07:59,XAUUSD,features,"{""type"": ""features"", ""symbol"": ""XAUUSD"", ""time"": ""2026-04-30T13:07:59"", ""features"": {""symbol"": ""XAUUSD"", ""bid"": 4636.21, ""ask"": 4636.28, ""spread_points"": 7, ""balance"": 91.36, ""equity"": 91.36, ""free_margin"": 91.36, ""m1_ohlcv"": [[4630.17, 4631.53, 4628.72, 4628.96, 416], [4628.98, 4628.98, 4626.06, 4626.84, 628], [4626.84, 4627.6, 4625.84, 4626.12, 568], [4626.12, 4630.53, 4625.88, 4630.51, 405], [4630.51, 4634.66, 4629.55, 4633.03, 418], [4633.03, 4634.59, 4632.59, 4632.9, 550], [4632.9, 4635.53, 4632.9, 4635.19, 439], [4635.19, 4635.19, 4632.86, 4633.34, 411], [4633.36, 4637.11, 4633.21, 4636.73, 461], [4636.76, 4637.06, 4635.52, 4636.34, 462], [4636.34, 4639.8, 4635.33, 4639.29, 472], [4639.29, 4640.08, 4638.48, 4639.58, 358], [4639.61, 4642.93, 4639.49, 4640.49, 761], [4640.49, 4641.04, 4638.28, 4640.29, 725], [4640.29, 4643.17, 4639.44, 4643.09, 552], [4643.09, 4644.14, 4641.86, 4642.14, 589], [4642.14, 4643.37, 4639.91, 4640.39, 456], [4640.39, 4640.67, 4638.28, 4639.31, 536], [4639.31, 4640.05, 4637.96, 4638.15, 414], [4638.15, 4638.38, 4635.89, 4636.21, 413]], ""m1_ema9"": 4638.099012, ""m1_ema21"": 4636.57879, ""m1_ema50"": 4634.352617, ""m1_rsi14"": 50.93, ""m1_atr14"": 2.605714, ""m1_adx14"": 28.01, ""m1_plusdi"": 16.83, ""m1_minusdi"": 25.81, ""m5_ema20"": 4633.303677, ""m5_ema50"": 4627.032383, ""m5_rsi14"": 54.04, ""m5_atr14"": 7.088571, ""m5_adx14"": 22.61, ""m5_plusdi"": 22.04, ""m5_minusdi"": 14.92, ""hour_gmt"": 13, ""open_ea_trades"": 0, ""trades_today"": 0}}",4636.28,91.36,4636.21,91.36,91.36,13,28.01,2.605714,4636.34,4637.06,4635.52,4636.76,462.0,4639.29,4639.8,4635.33,4636.34,472.0,4639.58,4640.08,4638.48,4639.29,358.0,4640.49,4642.93,4639.49,4639.61,761.0,4640.29,4641.04,4638.28,4640.49,725.0,4643.09,4643.17,4639.44,4640.29,552.0,4642.14,4644.14,4641.86,4643.09,589.0,4640.39,4643.37,4639.91,4642.14,456.0,4639.31,4640.67,4638.28,4640.39,536.0,4638.15,4640.05,4637.96,4639.31,414.0,4628.96,4631.53,4628.72,4630.17,416.0,4636.21,4638.38,4635.89,4638.15,413.0,4626.84,4628.98,4626.06,4628.98,628.0,4626.12,4627.6,4625.84,4626.84,568.0,4630.51,4630.53,4625.88,4626.12,405.0,4633.03,4634.66,4629.55,4630.51,418.0,4632.9,4634.59,4632.59,4633.03,550.0,4635.19,4635.53,4632.9,4632.9,439.0,4633.34,4635.19,4632.86,4635.19,411.0,4636.73,4637.11,4633.21,4633.36,461.0,4636.57879,4634.352617,4638.099012,25.81,16.83,50.93,22.61,7.088571,4633.303677,4627.032383,14.92,22.04,54.04,0,7,0
2026-04-30T13:08:59,XAUUSD,features,"{""type"": ""features"", ""symbol"": ""XAUUSD"", ""time"": ""2026-04-30T13:08:59"", ""features"": {""symbol"": ""XAUUSD"", ""bid"": 4634.84, ""ask"": 4635.01, ""spread_points"": 17, ""balance"": 91.36, ""equity"": 91.36, ""free_margin"": 91.36, ""m1_ohlcv"": [[4628.98, 4628.98, 4626.06, 4626.84, 628], [4626.84, 4627.6, 4625.84, 4626.12, 568], [4626.12, 4630.53, 4625.88, 4630.51, 405], [4630.51, 4634.66, 4629.55, 4633.03, 418], [4633.03, 4634.59, 4632.59, 4632.9, 550], [4632.9, 4635.53, 4632.9, 4635.19, 439], [4635.19, 4635.19, 4632.86, 4633.34, 411], [4633.36, 4637.11, 4633.21, 4636.73, 461], [4636.76, 4637.06, 4635.52, 4636.34, 462], [4636.34, 4639.8, 4635.33, 4639.29, 472], [4639.29, 4640.08, 4638.48, 4639.58, 358], [4639.61, 4642.93, 4639.49, 4640.49, 761], [4640.49, 4641.04, 4638.28, 4640.29, 725], [4640.29, 4643.17, 4639.44, 4643.09, 552], [4643.09, 4644.14, 4641.86, 4642.14, 589], [4642.14, 4643.37, 4639.91, 4640.39, 456], [4640.39, 4640.67, 4638.28, 4639.31, 536], [4639.31, 4640.05, 4637.96, 4638.15, 414], [4638.15, 4638.38, 4635.89, 4636.21, 413], [4636.21, 4636.35, 4634.57, 4634.84, 395]], ""m1_ema9"": 4637.22801, ""m1_ema21"": 4636.307495, ""m1_ema50"": 4634.320112, ""m1_rsi14"": 47.71, ""m1_atr14"": 2.566429, ""m1_adx14"": 30.78, ""m1_plusdi"": 14.58, ""m1_minusdi"": 30.94, ""m5_ema20"": 4633.1732, ""m5_ema50"": 4626.978657, ""m5_rsi14"": 52.59, ""m5_atr14"": 7.182857, ""m5_adx14"": 22.01, ""m5_plusdi"": 22.04, ""m5_minusdi"": 16.36, ""hour_gmt"": 13, ""open_ea_trades"": 0, ""trades_today"": 0}}",4635.01,91.36,4634.84,91.36,91.36,13,30.78,2.566429,4639.29,4639.8,4635.33,4636.34,472.0,4639.58,4640.08,4638.48,4639.29,358.0,4640.49,4642.93,4639.49,4639.61,761.0,4640.29,4641.04,4638.28,4640.49,725.0,4643.09,4643.17,4639.44,4640.29,552.0,4642.14,4644.14,4641.86,4643.09,589.0,4640.39,4643.37,4639.91,4642.14,456.0,4639.31,4640.67,4638.28,4640.39,536.0,4638.15,4640.05,4637.96,4639.31,414.0,4636.21,4638.38,4635.89,4638.15,413.0,4626.84,4628.98,4626.06,4628.98,628.0,4634.84,4636.35,4634.57,4636.21,395.0,4626.12,4627.6,4625.84,4626.84,568.0,4630.51,4630.53,4625.88,4626.12,405.0,4633.03,4634.66,4629.55,4630.51,418.0,4632.9,4634.59,4632.59,4633.03,550.0,4635.19,4635.53,4632.9,4632.9,439.0,4633.34,4635.19,4632.86,4635.19,411.0,4636.73,4637.11,4633.21,4633.36,461.0,4636.34,4637.06,4635.52,4636.76,462.0,4636.307495,4634.320112,4637.22801,30.94,14.58,47.71,22.01,7.182857,4633.1732,4626.978657,16.36,22.04,52.59,0,17,0
2026-04-30T13:09:59,XAUUSD,features,"{""type"": ""features"", ""symbol"": ""XAUUSD"", ""time"": ""2026-04-30T13:09:59"", ""features"": {""symbol"": ""XAUUSD"", ""bid"": 4639.96, ""ask"": 4640.13, ""spread_points"": 17, ""balance"": 91.36, ""equity"": 91.36, ""free_margin"": 91.36, ""m1_ohlcv"": [[4626.84, 4627.6, 4625.84, 4626.12, 568], [4626.12, 4630.53, 4625.88, 4630.51, 405], [4630.51, 4634.66, 4629.55, 4633.03, 418], [4633.03, 4634.59, 4632.59, 4632.9, 550], [4632.9, 4635.53, 4632.9, 4635.19, 439], [4635.19, 4635.19, 4632.86, 4633.34, 411], [4633.36, 4637.11, 4633.21, 4636.73, 461], [4636.76, 4637.06, 4635.52, 4636.34, 462], [4636.34, 4639.8, 4635.33, 4639.29, 472], [4639.29, 4640.08, 4638.48, 4639.58, 358], [4639.61, 4642.93, 4639.49, 4640.49, 761], [4640.49, 4641.04, 4638.28, 4640.29, 725], [4640.29, 4643.17, 4639.44, 4643.09, 552], [4643.09, 4644.14, 4641.86, 4642.14, 589], [4642.14, 4643.37, 4639.91, 4640.39, 456], [4640.39, 4640.67, 4638.28, 4639.31, 536], [4639.31, 4640.05, 4637.96, 4638.15, 414], [4638.15, 4638.38, 4635.89, 4636.21, 413], [4636.21, 4636.35, 4634.57, 4634.84, 395], [4634.84, 4640.11, 4634.75, 4639.96, 439]], ""m1_ema9"": 4638.593608, ""m1_ema21"": 4637.062682, ""m1_ema50"": 4634.734194, ""m1_rsi14"": 58.31, ""m1_atr14"": 2.670714, ""m1_adx14"": 25.7, ""m1_plusdi"": 20.75, ""m1_minusdi"": 26.81, ""m5_ema20"": 4634.260741, ""m5_ema50"": 4627.68064, ""m5_rsi14"": 58.46, ""m5_atr14"": 6.657143, ""m5_adx14"": 21.05, ""m5_plusdi"": 19.1, ""m5_minusdi"": 14.18, ""hour_gmt"": 13, ""open_ea_trades"": 0, ""trades_today"": 0}}",4640.13,91.36,4639.96,91.36,91.36,13,25.7,2.670714,4639.58,4640.08,4638.48,4639.29,358.0,4640.49,4642.93,4639.49,4639.61,761.0,4640.29,4641.04,4638.28,4640.49,725.0,4643.09,4643.17,4639.44,4640.29,552.0,4642.14,4644.14,4641.86,4643.09,589.0,4640.39,4643.37,4639.91,4642.14,456.0,4639.31,4640.67,4638.28,4640.39,536.0,4638.15,4640.05,4637.96,4639.31,414.0,4636.21,4638.38,4635.89,4638.15,413.0,4634.84,4636.35,4634.57,4636.21,395.0,4626.12,4627.6,4625.84,4626.84,568.0,4639.96,4640.11,4634.75,4634.84,439.0,4630.51,4630.53,4625.88,4626.12,405.0,4633.03,4634.66,4629.55,4630.51,418.0,4632.9,4634.59,4632.59,4633.03,550.0,4635.19,4635.53,4632.9,4632.9,439.0,4633.34,4635.19,4632.86,4635.19,411.0,4636.73,4637.11,4633.21,4633.36,461.0,4636.34,4637.06,4635.52,4636.76,462.0,4639.29,4639.8,4635.33,4636.34,472.0,4637.062682,4634.734194,4638.593608,26.81,20.75,58.31,21.05,6.657143,4634.260741,4627.68064,14.18,19.1,58.46,0,17,0
2026-04-30T13:10:59,XAUUSD,features,"{""type"": ""features"", ""symbol"": ""XAUUSD"", ""time"": ""2026-04-30T13:10:59"", ""features"": {""symbol"": ""XAUUSD"", ""bid"": 4637.8, ""ask"": 4637.97, ""spread_points"": 17, ""balance"": 91.36, ""equity"": 91.36, ""free_margin"": 91.36, ""m1_ohlcv"": [[4626.12, 4630.53, 4625.88, 4630.51, 405], [4630.51, 4634.66, 4629.55, 4633.03, 418], [4633.03, 4634.59, 4632.59, 4632.9, 550], [4632.9, 4635.53, 4632.9, 4635.19, 439], [4635.19, 4635.19, 4632.86, 4633.34, 411], [4633.36, 4637.11, 4633.21, 4636.73, 461], [4636.76, 4637.06, 4635.52, 4636.34, 462], [4636.34, 4639.8, 4635.33, 4639.29, 472], [4639.29, 4640.08, 4638.48, 4639.58, 358], [4639.61, 4642.93, 4639.49, 4640.49, 761], [4640.49, 4641.04, 4638.28, 4640.29, 725], [4640.29, 4643.17, 4639.44, 4643.09, 552], [4643.09, 4644.14, 4641.86, 4642.14, 589], [4642.14, 4643.37, 4639.91, 4640.39, 456], [4640.39, 4640.67, 4638.28, 4639.31, 536], [4639.31, 4640.05, 4637.96, 4638.15, 414], [4638.15, 4638.38, 4635.89, 4636.21, 413], [4636.21, 4636.35, 4634.57, 4634.84, 395], [4634.84, 4640.11, 4634.75, 4639.96, 439], [4639.96, 4642.41, 4636.98, 4637.8, 569]], ""m1_ema9"": 4638.089286, ""m1_ema21"": 4636.951198, ""m1_ema50"": 4634.773038, ""m1_rsi14"": 53.39, ""m1_atr14"": 2.948571, ""m1_adx14"": 21.0, ""m1_plusdi"": 22.87, ""m1_minusdi"": 23.24, ""m5_ema20"": 4634.055027, ""m5_ema50"": 4627.595934, ""m5_rsi14"": 55.64, ""m5_atr14"": 7.045, ""m5_adx14"": 22.34, ""m5_plusdi"": 23.37, ""m5_minusdi"": 14.18, ""hour_gmt"": 13, ""open_ea_trades"": 0, ""trades_today"": 0}}",4637.97,91.36,4637.8,91.36,91.36,13,21.0,2.948571,4640.49,4642.93,4639.49,4639.61,761.0,4640.29,4641.04,4638.28,4640.49,725.0,4643.09,4643.17,4639.44,4640.29,552.0,4642.14,4644.14,4641.86,4643.09,589.0,4640.39,4643.37,4639.91,4642.14,456.0,4639.31,4640.67,4638.28,4640.39,536.0,4638.15,4640.05,4637.96,4639.31,414.0,4636.21,4638.38,4635.89,4638.15,413.0,4634.84,4636.35,4634.57,4636.21,395.0,4639.96,4640.11,4634.75,4634.84,439.0,4630.51,4630.53,4625.88,4626.12,405.0,4637.8,4642.41,4636.98,4639.96,569.0,4633.03,4634.66,4629.55,4630.51,418.0,4632.9,4634.59,4632.59,4633.03,550.0,4635.19,4635.53,4632.9,4632.9,439.0,4633.34,4635.19,4632.86,4635.19,411.0,4636.73,4637.11,4633.21,4633.36,461.0,4636.34,4637.06,4635.52,4636.76,462.0,4639.29,4639.8,4635.33,4636.34,472.0,4639.58,4640.08,4638.48,4639.29,358.0,4636.951198,4634.773038,4638.089286,23.24,22.87,53.39,22.34,7.045,4634.055027,4627.595934,14.18,23.37,55.64,0,17,0
2026-04-30T13:11:59,XAUUSD,features,"{""type"": ""features"", ""symbol"": ""XAUUSD"", ""time"": ""2026-04-30T13:11:59"", ""features"": {""symbol"": ""XAUUSD"", ""bid"": 4639.34, ""ask"": 4639.51, ""spread_points"": 17, ""balance"": 91.36, ""equity"": 91.36, ""free_margin"": 91.36, ""m1_ohlcv"": [[4630.51, 4634.66, 4629.55, 4633.03, 418], [4633.03, 4634.59, 4632.59, 4632.9, 550], [4632.9, 4635.53, 4632.9, 4635.19, 439], [4635.19, 4635.19, 4632.86, 4633.34, 411], [4633.36, 4637.11, 4633.21, 4636.73, 461], [4636.76, 4637.06, 4635.52, 4636.34, 462], [4636.34, 4639.8, 4635.33, 4639.29, 472], [4639.29, 4640.08, 4638.48, 4639.58, 358], [4639.61, 4642.93, 4639.49, 4640.49, 761], [4640.49, 4641.04, 4638.28, 4640.29, 725], [4640.29, 4643.17, 4639.44, 4643.09, 552], [4643.09, 4644.14, 4641.86, 4642.14, 589], [4642.14, 4643.37, 4639.91, 4640.39, 456], [4640.39, 4640.67, 4638.28, 4639.31, 536], [4639.31, 4640.05, 4637.96, 4638.15, 414], [4638.15, 4638.38, 4635.89, 4636.21, 413], [4636.21, 4636.35, 4634.57, 4634.84, 395], [4634.84, 4640.11, 4634.75, 4639.96, 439], [4639.96, 4642.41, 4636.98, 4637.8, 569], [4637.8, 4639.39, 4637.61, 4639.34, 429]], ""m1_ema9"": 4638.585829, ""m1_ema21"": 4637.295635, ""m1_ema50"": 4635.010158, ""m1_rsi14"": 56.23, ""m1_atr14"": 2.756429, ""m1_adx14"": 18.3, ""m1_plusdi"": 19.82, ""m1_minusdi"": 20.14, ""m5_ema20"": 4634.201694, ""m5_ema50"": 4627.656326, ""m5_rsi14"": 57.62, ""m5_atr14"": 7.045, ""m5_adx14"": 22.34, ""m5_plusdi"": 23.37, ""m5_minusdi"": 14.18, ""hour_gmt"": 13, ""open_ea_trades"": 0, ""trades_today"": 0}}",4639.51,91.36,4639.34,91.36,91.36,13,18.3,2.756429,4640.29,4641.04,4638.28,4640.49,725.0,4643.09,4643.17,4639.44,4640.29,552.0,4642.14,4644.14,4641.86,4643.09,589.0,4640.39,4643.37,4639.91,4642.14,456.0,4639.31,4640.67,4638.28,4640.39,536.0,4638.15,4640.05,4637.96,4639.31,414.0,4636.21,4638.38,4635.89,4638.15,413.0,4634.84,4636.35,4634.57,4636.21,395.0,4639.96,4640.11,4634.75,4634.84,439.0,4637.8,4642.41,4636.98,4639.96,569.0,4633.03,4634.66,4629.55,4630.51,418.0,4639.34,4639.39,4637.61,4637.8,429.0,4632.9,4634.59,4632.59,4633.03,550.0,4635.19,4635.53,4632.9,4632.9,439.0,4633.34,4635.19,4632.86,4635.19,411.0,4636.73,4637.11,4633.21,4633.36,461.0,4636.34,4637.06,4635.52,4636.76,462.0,4639.29,4639.8,4635.33,4636.34,472.0,4639.58,4640.08,4638.48,4639.29,358.0,4640.49,4642.93,4639.49,4639.61,761.0,4637.295635,4635.010158,4638.585829,20.14,19.82,56.23,22.34,7.045,4634.201694,4627.656326,14.18,23.37,57.62,0,17,0
2026-04-30T13:12:59,XAUUSD,features,"{""type"": ""features"", ""symbol"": ""XAUUSD"", ""time"": ""2026-04-30T13:12:59"", ""features"": {""symbol"": ""XAUUSD"", ""bid"": 4639.0, ""ask"": 4639.17, ""spread_points"": 17, ""balance"": 91.36, ""equity"": 91.36, ""free_margin"": 91.36, ""m1_ohlcv"": [[4633.03, 4634.59, 4632.59, 4632.9, 550], [4632.9, 4635.53, 4632.9, 4635.19, 439], [4635.19, 4635.19, 4632.86, 4633.34, 411], [4633.36, 4637.11, 4633.21, 4636.73, 461], [4636.76, 4637.06, 4635.52, 4636.34, 462], [4636.34, 4639.8, 4635.33, 4639.29, 472], [4639.29, 4640.08, 4638.48, 4639.58, 358], [4639.61, 4642.93, 4639.49, 4640.49, 761], [4640.49, 4641.04, 4638.28, 4640.29, 725], [4640.29, 4643.17, 4639.44, 4643.09, 552], [4643.09, 4644.14, 4641.86, 4642.14, 589], [4642.14, 4643.37, 4639.91, 4640.39, 456], [4640.39, 4640.67, 4638.28, 4639.31, 536], [4639.31, 4640.05, 4637.96, 4638.15, 414], [4638.15, 4638.38, 4635.89, 4636.21, 413], [4636.21, 4636.35, 4634.57, 4634.84, 395], [4634.84, 4640.11, 4634.75, 4639.96, 439], [4639.96, 4642.41, 4636.98, 4637.8, 569], [4637.8, 4639.39, 4637.61, 4639.34, 429], [4639.34, 4640.85, 4638.5, 4639.0, 354]], ""m1_ema9"": 4638.614263, ""m1_ema21"": 4637.422478, ""m1_ema50"": 4635.153812, ""m1_rsi14"": 55.43, ""m1_atr14"": 2.81, ""m1_adx14"": 19.88, ""m1_plusdi"": 24.36, ""m1_minusdi"": 17.46, ""m5_ema20"": 4634.169313, ""m5_ema50"": 4627.642993, ""m5_rsi14"": 57.17, ""m5_atr14"": 7.045, ""m5_adx14"": 22.34, ""m5_plusdi"": 23.37, ""m5_minusdi"": 14.18, ""hour_gmt"": 13, ""open_ea_trades"": 0, ""trades_today"": 0}}",4639.17,91.36,4639.0,91.36,91.36,13,19.88,2.81,4643.09,4643.17,4639.44,4640.29,552.0,4642.14,4644.14,4641.86,4643.09,589.0,4640.39,4643.37,4639.91,4642.14,456.0,4639.31,4640.67,4638.28,4640.39,536.0,4638.15,4640.05,4637.96,4639.31,414.0,4636.21,4638.38,4635.89,4638.15,413.0,4634.84,4636.35,4634.57,4636.21,395.0,4639.96,4640.11,4634.75,4634.84,439.0,4637.8,4642.41,4636.98,4639.96,569.0,4639.34,4639.39,4637.61,4637.8,429.0,4632.9,4634.59,4632.59,4633.03,550.0,4639.0,4640.85,4638.5,4639.34,354.0,4635.19,4635.53,4632.9,4632.9,439.0,4633.34,4635.19,4632.86,4635.19,411.0,4636.73,4637.11,4633.21,4633.36,461.0,4636.34,4637.06,4635.52,4636.76,462.0,4639.29,4639.8,4635.33,4636.34,472.0,4639.58,4640.08,4638.48,4639.29,358.0,4640.49,4642.93,4639.49,4639.61,761.0,4640.29,4641.04,4638.28,4640.49,725.0,4637.422478,4635.153812,4638.614263,17.46,24.36,55.43,22.34,7.045,4634.169313,4627.642993,14.18,23.37,57.17,0,17,0
2026-04-30T13:13:59,XAUUSD,features,"{""type"": ""features"", ""symbol"": ""XAUUSD"", ""time"": ""2026-04-30T13:13:59"", ""features"": {""symbol"": ""XAUUSD"", ""bid"": 4639.27, ""ask"": 4639.44, ""spread_points"": 17, ""balance"": 91.36, ""equity"": 91.36, ""free_margin"": 91.36, ""m1_ohlcv"": [[4632.9, 4635.53, 4632.9, 4635.19, 439], [4635.19, 4635.19, 4632.86, 4633.34, 411], [4633.36, 4637.11, 4633.21, 4636.73, 461], [4636.76, 4637.06, 4635.52, 4636.34, 462], [4636.34, 4639.8, 4635.33, 4639.29, 472], [4639.29, 4640.08, 4638.48, 4639.58, 358], [4639.61, 4642.93, 4639.49, 4640.49, 761], [4640.49, 4641.04, 4638.28, 4640.29, 725], [4640.29, 4643.17, 4639.44, 4643.09, 552], [4643.09, 4644.14, 4641.86, 4642.14, 589], [4642.14, 4643.37, 4639.91, 4640.39, 456], [4640.39, 4640.67, 4638.28, 4639.31, 536], [4639.31, 4640.05, 4637.96, 4638.15, 414], [4638.15, 4638.38, 4635.89, 4636.21, 413], [4636.21, 4636.35, 4634.57, 4634.84, 395], [4634.84, 4640.11, 4634.75, 4639.96, 439], [4639.96, 4642.41, 4636.98, 4637.8, 569], [4637.8, 4639.39, 4637.61, 4639.34, 429], [4639.34, 4640.85, 4638.5, 4639.0, 354], [4639.0, 4639.93, 4638.35, 4639.27, 298]], ""m1_ema9"": 4638.788611, ""m1_ema21"": 4637.612748, ""m1_ema50"": 4635.325404, ""m1_rsi14"": 55.96, ""m1_atr14"": 2.677143, ""m1_adx14"": 18.58, ""m1_plusdi"": 21.11, ""m1_minusdi"": 16.22, ""m5_ema20"": 4634.195027, ""m5_ema50"": 4627.653581, ""m5_rsi14"": 57.53, ""m5_atr14"": 7.045, ""m5_adx14"": 22.34, ""m5_plusdi"": 23.37, ""m5_minusdi"": 14.18, ""hour_gmt"": 13, ""open_ea_trades"": 0, ""trades_today"": 0}}",4639.44,91.36,4639.27,91.36,91.36,13,18.58,2.677143,4642.14,4644.14,4641.86,4643.09,589.0,4640.39,4643.37,4639.91,4642.14,456.0,4639.31,4640.67,4638.28,4640.39,536.0,4638.15,4640.05,4637.96,4639.31,414.0,4636.21,4638.38,4635.89,4638.15,413.0,4634.84,4636.35,4634.57,4636.21,395.0,4639.96,4640.11,4634.75,4634.84,439.0,4637.8,4642.41,4636.98,4639.96,569.0,4639.34,4639.39,4637.61,4637.8,429.0,4639.0,4640.85,4638.5,4639.34,354.0,4635.19,4635.53,4632.9,4632.9,439.0,4639.27,4639.93,4638.35,4639.0,298.0,4633.34,4635.19,4632.86,4635.19,411.0,4636.73,4637.11,4633.21,4633.36,461.0,4636.34,4637.06,4635.52,4636.76,462.0,4639.29,4639.8,4635.33,4636.34,472.0,4639.58,4640.08,4638.48,4639.29,358.0,4640.49,4642.93,4639.49,4639.61,761.0,4640.29,4641.04,4638.28,4640.49,725.0,4643.09,4643.17,4639.44,4640.29,552.0,4637.612748,4635.325404,4638.788611,16.22,21.11,55.96,22.34,7.045,4634.195027,4627.653581,14.18,23.37,57.53,0,17,0
2026-04-30T13:14:59,XAUUSD,features,"{""type"": ""features"", ""symbol"": ""XAUUSD"", ""time"": ""2026-04-30T13:14:59"", ""features"": {""symbol"": ""XAUUSD"", ""bid"": 4641.04, ""ask"": 4641.22, ""spread_points"": 18, ""balance"": 91.36, ""equity"": 91.36, ""free_margin"": 91.36, ""m1_ohlcv"": [[4635.19, 4635.19, 4632.86, 4633.34, 411], [4633.36, 4637.11, 4633.21, 4636.73, 461], [4636.76, 4637.06, 4635.52, 4636.34, 462], [4636.34, 4639.8, 4635.33, 4639.29, 472], [4639.29, 4640.08, 4638.48, 4639.58, 358], [4639.61, 4642.93, 4639.49, 4640.49, 761], [4640.49, 4641.04, 4638.28, 4640.29, 725], [4640.29, 4643.17, 4639.44, 4643.09, 552], [4643.09, 4644.14, 4641.86, 4642.14, 589], [4642.14, 4643.37, 4639.91, 4640.39, 456], [4640.39, 4640.67, 4638.28, 4639.31, 536], [4639.31, 4640.05, 4637.96, 4638.15, 414], [4638.15, 4638.38, 4635.89, 4636.21, 413], [4636.21, 4636.35, 4634.57, 4634.84, 395], [4634.84, 4640.11, 4634.75, 4639.96, 439], [4639.96, 4642.41, 4636.98, 4637.8, 569], [4637.8, 4639.39, 4637.61, 4639.34, 429], [4639.34, 4640.85, 4638.5, 4639.0, 354], [4639.0, 4639.93, 4638.35, 4639.27, 298], [4639.27, 4641.59, 4639.05, 4641.05, 319]], ""m1_ema9"": 4639.523688, ""m1_ema21"": 4638.071424, ""m1_ema50"": 4635.616573, ""m1_rsi14"": 59.4, ""m1_atr14"": 2.662143, ""m1_adx14"": 21.94, ""m1_plusdi"": 25.85, ""m1_minusdi"": 14.06, ""m5_ema20"": 4635.000308, ""m5_ema50"": 4628.245605, ""m5_rsi14"": 59.48, ""m5_atr14"": 6.558571, ""m5_adx14"": 22.62, ""m5_plusdi"": 20.25, ""m5_minusdi"": 12.29, ""hour_gmt"": 13, ""open_ea_trades"": 0, ""trades_today"": 0}}",4641.22,91.36,4641.04,91.36,91.36,13,21.94,2.662143,4640.39,4643.37,4639.91,4642.14,456.0,4639.31,4640.67,4638.28,4640.39,536.0,4638.15,4640.05,4637.96,4639.31,414.0,4636.21,4638.38,4635.89,4638.15,413.0,4634.84,4636.35,4634.57,4636.21,395.0,4639.96,4640.11,4634.75,4634.84,439.0,4637.8,4642.41,4636.98,4639.96,569.0,4639.34,4639.39,4637.61,4637.8,429.0,4639.0,4640.85,4638.5,4639.34,354.0,4639.27,4639.93,4638.35,4639.0,298.0,4633.34,4635.19,4632.86,4635.19,411.0,4641.05,4641.59,4639.05,4639.27,319.0,4636.73,4637.11,4633.21,4633.36,461.0,4636.34,4637.06,4635.52,4636.76,462.0,4639.29,4639.8,4635.33,4636.34,472.0,4639.58,4640.08,4638.48,4639.29,358.0,4640.49,4642.93,4639.49,4639.61,761.0,4640.29,4641.04,4638.28,4640.49,725.0,4643.09,4643.17,4639.44,4640.29,552.0,4642.14,4644.14,4641.86,4643.09,589.0,4638.071424,4635.616573,4639.523688,14.06,25.85,59.4,22.62,6.558571,4635.000308,4628.245605,12.29,20.25,59.48,0,18,0
2026-04-30T13:15:59,XAUUSD,features,"{""type"": ""features"", ""symbol"": ""XAUUSD"", ""time"": ""2026-04-30T13:15:59"", ""features"": {""symbol"": ""XAUUSD"", ""bid"": 4642.17, ""ask"": 4642.34, ""spread_points"": 17, ""balance"": 91.36, ""equity"": 91.36, ""free_margin"": 91.36, ""m1_ohlcv"": [[4633.36, 4637.11, 4633.21, 4636.73, 461], [4636.76, 4637.06, 4635.52, 4636.34, 462], [4636.34, 4639.8, 4635.33, 4639.29, 472], [4639.29, 4640.08, 4638.48, 4639.58, 358], [4639.61, 4642.93, 4639.49, 4640.49, 761], [4640.49, 4641.04, 4638.28, 4640.29, 725], [4640.29, 4643.17, 4639.44, 4643.09, 552], [4643.09, 4644.14, 4641.86, 4642.14, 589], [4642.14, 4643.37, 4639.91, 4640.39, 456], [4640.39, 4640.67, 4638.28, 4639.31, 536], [4639.31, 4640.05, 4637.96, 4638.15, 414], [4638.15, 4638.38, 4635.89, 4636.21, 413], [4636.21, 4636.35, 4634.57, 4634.84, 395], [4634.84, 4640.11, 4634.75, 4639.96, 439], [4639.96, 4642.41, 4636.98, 4637.8, 569], [4637.8, 4639.39, 4637.61, 4639.34, 429], [4639.34, 4640.85, 4638.5, 4639.0, 354], [4639.0, 4639.93, 4638.35, 4639.27, 298], [4639.27, 4641.59, 4639.05, 4641.05, 319], [4641.04, 4646.1, 4641.03, 4642.2, 681]], ""m1_ema9"": 4640.238551, ""m1_ema21"": 4638.53989, ""m1_ema50"": 4635.917276, ""m1_rsi14"": 61.45, ""m1_atr14"": 2.759286, ""m1_adx14"": 26.97, ""m1_plusdi"": 32.68, ""m1_minusdi"": 12.19, ""m5_ema20"": 4635.107927, ""m5_ema50"": 4628.289919, ""m5_rsi14"": 60.59, ""m5_atr14"": 6.92, ""m5_adx14"": 24.94, ""m5_plusdi"": 29.96, ""m5_minusdi"": 12.29, ""hour_gmt"": 13, ""open_ea_trades"": 0, ""trades_today"": 0}}",4642.34,91.36,4642.17,91.36,91.36,13,26.97,2.759286,4639.31,4640.67,4638.28,4640.39,536.0,4638.15,4640.05,4637.96,4639.31,414.0,4636.21,4638.38,4635.89,4638.15,413.0,4634.84,4636.35,4634.57,4636.21,395.0,4639.96,4640.11,4634.75,4634.84,439.0,4637.8,4642.41,4636.98,4639.96,569.0,4639.34,4639.39,4637.61,4637.8,429.0,4639.0,4640.85,4638.5,4639.34,354.0,4639.27,4639.93,4638.35,4639.0,298.0,4641.05,4641.59,4639.05,4639.27,319.0,4636.73,4637.11,4633.21,4633.36,461.0,4642.2,4646.1,4641.03,4641.04,681.0,4636.34,4637.06,4635.52,4636.76,462.0,4639.29,4639.8,4635.33,4636.34,472.0,4639.58,4640.08,4638.48,4639.29,358.0,4640.49,4642.93,4639.49,4639.61,761.0,4640.29,4641.04,4638.28,4640.49,725.0,4643.09,4643.17,4639.44,4640.29,552.0,4642.14,4644.14,4641.86,4643.09,589.0,4640.39,4643.37,4639.91,4642.14,456.0,4638.53989,4635.917276,4640.238551,12.19,32.68,61.45,24.94,6.92,4635.107927,4628.289919,12.29,29.96,60.59,0,17,0
2026-04-30T13:16:59,XAUUSD,features,"{""type"": ""features"", ""symbol"": ""XAUUSD"", ""time"": ""2026-04-30T13:16:59"", ""features"": {""symbol"": ""XAUUSD"", ""bid"": 4636.04, ""ask"": 4636.19, ""spread_points"": 15, ""balance"": 91.36, ""equity"": 91.36, ""free_margin"": 91.36, ""m1_ohlcv"": [[4636.76, 4637.06, 4635.52, 4636.34, 462], [4636.34, 4639.8, 4635.33, 4639.29, 472], [4639.29, 4640.08, 4638.48, 4639.58, 358], [4639.61, 4642.93, 4639.49, 4640.49, 761], [4640.49, 4641.04, 4638.28, 4640.29, 725], [4640.29, 4643.17, 4639.44, 4643.09, 552], [4643.09, 4644.14, 4641.86, 4642.14, 589], [4642.14, 4643.37, 4639.91, 4640.39, 456], [4640.39, 4640.67, 4638.28, 4639.31, 536], [4639.31, 4640.05, 4637.96, 4638.15, 414], [4638.15, 4638.38, 4635.89, 4636.21, 413], [4636.21, 4636.35, 4634.57, 4634.84, 395], [4634.84, 4640.11, 4634.75, 4639.96, 439], [4639.96, 4642.41, 4636.98, 4637.8, 569], [4637.8, 4639.39, 4637.61, 4639.34, 429], [4639.34, 4640.85, 4638.5, 4639.0, 354], [4639.0, 4639.93, 4638.35, 4639.27, 298], [4639.27, 4641.59, 4639.05, 4641.05, 319], [4641.04, 4646.1, 4641.03, 4642.2, 681], [4642.2, 4642.91, 4635.86, 4636.04, 487]], ""m1_ema9"": 4638.418041, ""m1_ema21"": 4637.806015, ""m1_ema50"": 4635.691124, ""m1_rsi14"": 47.35, ""m1_atr14"": 3.097857, ""m1_adx14"": 22.98, ""m1_plusdi"": 28.32, ""m1_minusdi"": 19.04, ""m5_ema20"": 4634.524118, ""m5_ema50"": 4628.049527, ""m5_rsi14"": 52.96, ""m5_atr14"": 7.289286, ""m5_adx14"": 23.92, ""m5_plusdi"": 25.06, ""m5_minusdi"": 12.29, ""hour_gmt"": 13, ""open_ea_trades"": 0, ""trades_today"": 0}}",4636.19,91.36,4636.04,91.36,91.36,13,22.98,3.097857,4638.15,4640.05,4637.96,4639.31,414.0,4636.21,4638.38,4635.89,4638.15,413.0,4634.84,4636.35,4634.57,4636.21,395.0,4639.96,4640.11,4634.75,4634.84,439.0,4637.8,4642.41,4636.98,4639.96,569.0,4639.34,4639.39,4637.61,4637.8,429.0,4639.0,4640.85,4638.5,4639.34,354.0,4639.27,4639.93,4638.35,4639.0,298.0,4641.05,4641.59,4639.05,4639.27,319.0,4642.2,4646.1,4641.03,4641.04,681.0,4636.34,4637.06,4635.52,4636.76,462.0,4636.04,4642.91,4635.86,4642.2,487.0,4639.29,4639.8,4635.33,4636.34,472.0,4639.58,4640.08,4638.48,4639.29,358.0,4640.49,4642.93,4639.49,4639.61,761.0,4640.29,4641.04,4638.28,4640.49,725.0,4643.09,4643.17,4639.44,4640.29,552.0,4642.14,4644.14,4641.86,4643.09,589.0,4640.39,4643.37,4639.91,4642.14,456.0,4639.31,4640.67,4638.28,4640.39,536.0,4637.806015,4635.691124,4638.418041,19.04,28.32,47.35,23.92,7.289286,4634.524118,4628.049527,12.29,25.06,52.96,0,15,0
2026-04-30T13:18:00,XAUUSD,features,"{""type"": ""features"", ""symbol"": ""XAUUSD"", ""time"": ""2026-04-30T13:18:00"", ""features"": {""symbol"": ""XAUUSD"", ""bid"": 4636.61, ""ask"": 4636.78, ""spread_points"": 17, ""balance"": 91.36, ""equity"": 91.36, ""free_margin"": 91.36, ""m1_ohlcv"": [[4636.34, 4639.8, 4635.33, 4639.29, 472], [4639.29, 4640.08, 4638.48, 4639.58, 358], [4639.61, 4642.93, 4639.49, 4640.49, 761], [4640.49, 4641.04, 4638.28, 4640.29, 725], [4640.29, 4643.17, 4639.44, 4643.09, 552], [4643.09, 4644.14, 4641.86, 4642.14, 589], [4642.14, 4643.37, 4639.91, 4640.39, 456], [4640.39, 4640.67, 4638.28, 4639.31, 536], [4639.31, 4640.05, 4637.96, 4638.15, 414], [4638.15, 4638.38, 4635.89, 4636.21, 413], [4636.21, 4636.35, 4634.57, 4634.84, 395], [4634.84, 4640.11, 4634.75, 4639.96, 439], [4639.96, 4642.41, 4636.98, 4637.8, 569], [4637.8, 4639.39, 4637.61, 4639.34, 429], [4639.34, 4640.85, 4638.5, 4639.0, 354], [4639.0, 4639.93, 4638.35, 4639.27, 298], [4639.27, 4641.59, 4639.05, 4641.05, 319], [4641.04, 4646.1, 4641.03, 4642.2, 681], [4642.2, 4642.91, 4635.86, 4636.04, 487], [4636.04, 4637.14, 4635.41, 4636.66, 411]], ""m1_ema9"": 4638.155632, ""m1_ema21"": 4637.748526, ""m1_ema50"": 4635.750518, ""m1_rsi14"": 48.53, ""m1_atr14"": 2.977857, ""m1_adx14"": 20.5, ""m1_plusdi"": 24.55, ""m1_minusdi"": 19.5, ""m5_ema20"": 4634.578403, ""m5_ema50"": 4628.07188, ""m5_rsi14"": 53.63, ""m5_atr14"": 7.321429, ""m5_adx14"": 23.87, ""m5_plusdi"": 24.86, ""m5_minusdi"": 12.29, ""hour_gmt"": 13, ""open_ea_trades"": 0, ""trades_today"": 0}}",4636.78,91.36,4636.61,91.36,91.36,13,20.5,2.977857,4636.21,4638.38,4635.89,4638.15,413.0,4634.84,4636.35,4634.57,4636.21,395.0,4639.96,4640.11,4634.75,4634.84,439.0,4637.8,4642.41,4636.98,4639.96,569.0,4639.34,4639.39,4637.61,4637.8,429.0,4639.0,4640.85,4638.5,4639.34,354.0,4639.27,4639.93,4638.35,4639.0,298.0,4641.05,4641.59,4639.05,4639.27,319.0,4642.2,4646.1,4641.03,4641.04,681.0,4636.04,4642.91,4635.86,4642.2,487.0,4639.29,4639.8,4635.33,4636.34,472.0,4636.66,4637.14,4635.41,4636.04,411.0,4639.58,4640.08,4638.48,4639.29,358.0,4640.49,4642.93,4639.49,4639.61,761.0,4640.29,4641.04,4638.28,4640.49,725.0,4643.09,4643.17,4639.44,4640.29,552.0,4642.14,4644.14,4641.86,4643.09,589.0,4640.39,4643.37,4639.91,4642.14,456.0,4639.31,4640.67,4638.28,4640.39,536.0,4638.15,4640.05,4637.96,4639.31,414.0,4637.748526,4635.750518,4638.155632,19.5,24.55,48.53,23.87,7.321429,4634.578403,4628.07188,12.29,24.86,53.63,0,17,0
2026-04-30T13:18:59,XAUUSD,features,"{""type"": ""features"", ""symbol"": ""XAUUSD"", ""time"": ""2026-04-30T13:18:59"", ""features"": {""symbol"": ""XAUUSD"", ""bid"": 4636.89, ""ask"": 4637.04, ""spread_points"": 15, ""balance"": 91.36, ""equity"": 91.36, ""free_margin"": 91.36, ""m1_ohlcv"": [[4639.29, 4640.08, 4638.48, 4639.58, 358], [4639.61, 4642.93, 4639.49, 4640.49, 761], [4640.49, 4641.04, 4638.28, 4640.29, 725], [4640.29, 4643.17, 4639.44, 4643.09, 552], [4643.09, 4644.14, 4641.86, 4642.14, 589], [4642.14, 4643.37, 4639.91, 4640.39, 456], [4640.39, 4640.67, 4638.28, 4639.31, 536], [4639.31, 4640.05, 4637.96, 4638.15, 414], [4638.15, 4638.38, 4635.89, 4636.21, 413], [4636.21, 4636.35, 4634.57, 4634.84, 395], [4634.84, 4640.11, 4634.75, 4639.96, 439], [4639.96, 4642.41, 4636.98, 4637.8, 569], [4637.8, 4639.39, 4637.61, 4639.34, 429], [4639.34, 4640.85, 4638.5, 4639.0, 354], [4639.0, 4639.93, 4638.35, 4639.27, 298], [4639.27, 4641.59, 4639.05, 4641.05, 319], [4641.04, 4646.1, 4641.03, 4642.2, 681], [4642.2, 4642.91, 4635.86, 4636.04, 487], [4636.04, 4637.14, 4635.41, 4636.66, 411], [4636.61, 4637.63, 4635.76, 4636.87, 419]], ""m1_ema9"": 4637.944106, ""m1_ema21"": 4637.691966, ""m1_ema50"": 4635.805, ""m1_rsi14"": 49.13, ""m1_atr14"": 2.938571, ""m1_adx14"": 20.91, ""m1_plusdi"": 24.3, ""m1_minusdi"": 16.9, ""m5_ema20"": 4634.60507, ""m5_ema50"": 4628.08286, ""m5_rsi14"": 53.96, ""m5_atr14"": 7.321429, ""m5_adx14"": 23.87, ""m5_plusdi"": 24.86, ""m5_minusdi"": 12.29, ""hour_gmt"": 13, ""open_ea_trades"": 0, ""trades_today"": 0}}",4637.04,91.36,4636.89,91.36,91.36,13,20.91,2.938571,4634.84,4636.35,4634.57,4636.21,395.0,4639.96,4640.11,4634.75,4634.84,439.0,4637.8,4642.41,4636.98,4639.96,569.0,4639.34,4639.39,4637.61,4637.8,429.0,4639.0,4640.85,4638.5,4639.34,354.0,4639.27,4639.93,4638.35,4639.0,298.0,4641.05,4641.59,4639.05,4639.27,319.0,4642.2,4646.1,4641.03,4641.04,681.0,4636.04,4642.91,4635.86,4642.2,487.0,4636.66,4637.14,4635.41,4636.04,411.0,4639.58,4640.08,4638.48,4639.29,358.0,4636.87,4637.63,4635.76,4636.61,419.0,4640.49,4642.93,4639.49,4639.61,761.0,4640.29,4641.04,4638.28,4640.49,725.0,4643.09,4643.17,4639.44,4640.29,552.0,4642.14,4644.14,4641.86,4643.09,589.0,4640.39,4643.37,4639.91,4642.14,456.0,4639.31,4640.67,4638.28,4640.39,536.0,4638.15,4640.05,4637.96,4639.31,414.0,4636.21,4638.38,4635.89,4638.15,413.0,4637.691966,4635.805,4637.944106,16.9,24.3,49.13,23.87,7.321429,4634.60507,4628.08286,12.29,24.86,53.96,0,15,0
2026-04-30T13:20:00,XAUUSD,features,"{""type"": ""features"", ""symbol"": ""XAUUSD"", ""time"": ""2026-04-30T13:20:00"", ""features"": {""symbol"": ""XAUUSD"", ""bid"": 4638.44, ""ask"": 4638.61, ""spread_points"": 17, ""balance"": 91.36, ""equity"": 91.36, ""free_margin"": 91.36, ""m1_ohlcv"": [[4639.61, 4642.93, 4639.49, 4640.49, 761], [4640.49, 4641.04, 4638.28, 4640.29, 725], [4640.29, 4643.17, 4639.44, 4643.09, 552], [4643.09, 4644.14, 4641.86, 4642.14, 589], [4642.14, 4643.37, 4639.91, 4640.39, 456], [4640.39, 4640.67, 4638.28, 4639.31, 536], [4639.31, 4640.05, 4637.96, 4638.15, 414], [4638.15, 4638.38, 4635.89, 4636.21, 413], [4636.21, 4636.35, 4634.57, 4634.84, 395], [4634.84, 4640.11, 4634.75, 4639.96, 439], [4639.96, 4642.41, 4636.98, 4637.8, 569], [4637.8, 4639.39, 4637.61, 4639.34, 429], [4639.34, 4640.85, 4638.5, 4639.0, 354], [4639.0, 4639.93, 4638.35, 4639.27, 298], [4639.27, 4641.59, 4639.05, 4641.05, 319], [4641.04, 4646.1, 4641.03, 4642.2, 681], [4642.2, 4642.91, 4635.86, 4636.04, 487], [4636.04, 4637.14, 4635.41, 4636.66, 411], [4636.61, 4637.63, 4635.76, 4636.87, 419], [4636.89, 4638.86, 4636.82, 4638.44, 304]], ""m1_ema9"": 4638.291285, ""m1_ema21"": 4637.888068, ""m1_ema50"": 4635.966734, ""m1_rsi14"": 52.46, ""m1_atr14"": 2.933571, ""m1_adx14"": 23.85, ""m1_plusdi"": 28.03, ""m1_minusdi"": 14.65, ""m5_ema20"": 4635.103861, ""m5_ema50"": 4628.547423, ""m5_rsi14"": 55.9, ""m5_atr14"": 6.967143, ""m5_adx14"": 25.2, ""m5_plusdi"": 21.54, ""m5_minusdi"": 10.65, ""hour_gmt"": 13, ""open_ea_trades"": 0, ""trades_today"": 0}}",4638.61,91.36,4638.44,91.36,91.36,13,23.85,2.933571,4639.96,4640.11,4634.75,4634.84,439.0,4637.8,4642.41,4636.98,4639.96,569.0,4639.34,4639.39,4637.61,4637.8,429.0,4639.0,4640.85,4638.5,4639.34,354.0,4639.27,4639.93,4638.35,4639.0,298.0,4641.05,4641.59,4639.05,4639.27,319.0,4642.2,4646.1,4641.03,4641.04,681.0,4636.04,4642.91,4635.86,4642.2,487.0,4636.66,4637.14,4635.41,4636.04,411.0,4636.87,4637.63,4635.76,4636.61,419.0,4640.49,4642.93,4639.49,4639.61,761.0,4638.44,4638.86,4636.82,4636.89,304.0,4640.29,4641.04,4638.28,4640.49,725.0,4643.09,4643.17,4639.44,4640.29,552.0,4642.14,4644.14,4641.86,4643.09,589.0,4640.39,4643.37,4639.91,4642.14,456.0,4639.31,4640.67,4638.28,4640.39,536.0,4638.15,4640.05,4637.96,4639.31,414.0,4636.21,4638.38,4635.89,4638.15,413.0,4634.84,4636.35,4634.57,4636.21,395.0,4637.888068,4635.966734,4638.291285,14.65,28.03,52.46,25.2,6.967143,4635.103861,4628.547423,10.65,21.54,55.9,0,17,0
2026-04-30T13:20:59,XAUUSD,features,"{""type"": ""features"", ""symbol"": ""XAUUSD"", ""time"": ""2026-04-30T13:20:59"", ""features"": {""symbol"": ""XAUUSD"", ""bid"": 4638.11, ""ask"": 4638.28, ""spread_points"": 17, ""balance"": 91.36, ""equity"": 91.36, ""free_margin"": 91.36, ""m1_ohlcv"": [[4640.49, 4641.04, 4638.28, 4640.29, 725], [4640.29, 4643.17, 4639.44, 4643.09, 552], [4643.09, 4644.14, 4641.86, 4642.14, 589], [4642.14, 4643.37, 4639.91, 4640.39, 456], [4640.39, 4640.67, 4638.28, 4639.31, 536], [4639.31, 4640.05, 4637.96, 4638.15, 414], [4638.15, 4638.38, 4635.89, 4636.21, 413], [4636.21, 4636.35, 4634.57, 4634.84, 395], [4634.84, 4640.11, 4634.75, 4639.96, 439], [4639.96, 4642.41, 4636.98, 4637.8, 569], [4637.8, 4639.39, 4637.61, 4639.34, 429], [4639.34, 4640.85, 4638.5, 4639.0, 354], [4639.0, 4639.93, 4638.35, 4639.27, 298], [4639.27, 4641.59, 4639.05, 4641.05, 319], [4641.04, 4646.1, 4641.03, 4642.2, 681], [4642.2, 4642.91, 4635.86, 4636.04, 487], [4636.04, 4637.14, 4635.41, 4636.66, 411], [4636.61, 4637.63, 4635.76, 4636.87, 419], [4636.89, 4638.86, 4636.82, 4638.44, 304], [4638.44, 4639.02, 4637.21, 4638.12, 327]], ""m1_ema9"": 4638.203828, ""m1_ema21"": 4637.881798, ""m1_ema50"": 4636.038727, ""m1_rsi14"": 51.68, ""m1_atr14"": 2.885714, ""m1_adx14"": 25.31, ""m1_plusdi"": 25.31, ""m1_minusdi"": 12.7, ""m5_ema20"": 4635.072433, ""m5_ema50"": 4628.534482, ""m5_rsi14"": 55.45, ""m5_atr14"": 7.096429, ""m5_adx14"": 25.2, ""m5_plusdi"": 21.54, ""m5_minusdi"": 10.65, ""hour_gmt"": 13, ""open_ea_trades"": 0, ""trades_today"": 0}}",4638.28,91.36,4638.11,91.36,91.36,13,25.31,2.885714,4637.8,4642.41,4636.98,4639.96,569.0,4639.34,4639.39,4637.61,4637.8,429.0,4639.0,4640.85,4638.5,4639.34,354.0,4639.27,4639.93,4638.35,4639.0,298.0,4641.05,4641.59,4639.05,4639.27,319.0,4642.2,4646.1,4641.03,4641.04,681.0,4636.04,4642.91,4635.86,4642.2,487.0,4636.66,4637.14,4635.41,4636.04,411.0,4636.87,4637.63,4635.76,4636.61,419.0,4638.44,4638.86,4636.82,4636.89,304.0,4640.29,4641.04,4638.28,4640.49,725.0,4638.12,4639.02,4637.21,4638.44,327.0,4643.09,4643.17,4639.44,4640.29,552.0,4642.14,4644.14,4641.86,4643.09,589.0,4640.39,4643.37,4639.91,4642.14,456.0,4639.31,4640.67,4638.28,4640.39,536.0,4638.15,4640.05,4637.96,4639.31,414.0,4636.21,4638.38,4635.89,4638.15,413.0,4634.84,4636.35,4634.57,4636.21,395.0,4639.96,4640.11,4634.75,4634.84,439.0,4637.881798,4636.038727,4638.203828,12.7,25.31,51.68,25.2,7.096429,4635.072433,4628.534482,10.65,21.54,55.45,0,17,0
2026-04-30T13:21:59,XAUUSD,features,"{""type"": ""features"", ""symbol"": ""XAUUSD"", ""time"": ""2026-04-30T13:21:59"", ""features"": {""symbol"": ""XAUUSD"", ""bid"": 4636.76, ""ask"": 4636.93, ""spread_points"": 17, ""balance"": 91.36, ""equity"": 91.36, ""free_margin"": 91.36, ""m1_ohlcv"": [[4640.29, 4643.17, 4639.44, 4643.09, 552], [4643.09, 4644.14, 4641.86, 4642.14, 589], [4642.14, 4643.37, 4639.91, 4640.39, 456], [4640.39, 4640.67, 4638.28, 4639.31, 536], [4639.31, 4640.05, 4637.96, 4638.15, 414], [4638.15, 4638.38, 4635.89, 4636.21, 413], [4636.21, 4636.35, 4634.57, 4634.84, 395], [4634.84, 4640.11, 4634.75, 4639.96, 439], [4639.96, 4642.41, 4636.98, 4637.8, 569], [4637.8, 4639.39, 4637.61, 4639.34, 429], [4639.34, 4640.85, 4638.5, 4639.0, 354], [4639.0, 4639.93, 4638.35, 4639.27, 298], [4639.27, 4641.59, 4639.05, 4641.05, 319], [4641.04, 4646.1, 4641.03, 4642.2, 681], [4642.2, 4642.91, 4635.86, 4636.04, 487], [4636.04, 4637.14, 4635.41, 4636.66, 411], [4636.61, 4637.63, 4635.76, 4636.87, 419], [4636.89, 4638.86, 4636.82, 4638.44, 304], [4638.44, 4639.02, 4637.21, 4638.12, 327], [4638.11, 4638.12, 4634.12, 4636.76, 496]], ""m1_ema9"": 4637.699062, ""m1_ema21"": 4637.668246, ""m1_ema50"": 4636.016147, ""m1_rsi14"": 48.52, ""m1_atr14"": 3.043571, ""m1_adx14"": 19.29, ""m1_plusdi"": 21.94, ""m1_minusdi"": 19.93, ""m5_ema20"": 4634.943861, ""m5_ema50"": 4628.481541, ""m5_rsi14"": 53.65, ""m5_atr14"": 7.317143, ""m5_adx14"": 23.44, ""m5_plusdi"": 21.54, ""m5_minusdi"": 14.16, ""hour_gmt"": 13, ""open_ea_trades"": 0, ""trades_today"": 0}}",4636.93,91.36,4636.76,91.36,91.36,13,19.29,3.043571,4639.34,4639.39,4637.61,4637.8,429.0,4639.0,4640.85,4638.5,4639.34,354.0,4639.27,4639.93,4638.35,4639.0,298.0,4641.05,4641.59,4639.05,4639.27,319.0,4642.2,4646.1,4641.03,4641.04,681.0,4636.04,4642.91,4635.86,4642.2,487.0,4636.66,4637.14,4635.41,4636.04,411.0,4636.87,4637.63,4635.76,4636.61,419.0,4638.44,4638.86,4636.82,4636.89,304.0,4638.12,4639.02,4637.21,4638.44,327.0,4643.09,4643.17,4639.44,4640.29,552.0,4636.76,4638.12,4634.12,4638.11,496.0,4642.14,4644.14,4641.86,4643.09,589.0,4640.39,4643.37,4639.91,4642.14,456.0,4639.31,4640.67,4638.28,4640.39,536.0,4638.15,4640.05,4637.96,4639.31,414.0,4636.21,4638.38,4635.89,4638.15,413.0,4634.84,4636.35,4634.57,4636.21,395.0,4639.96,4640.11,4634.75,4634.84,439.0,4637.8,4642.41,4636.98,4639.96,569.0,4637.668246,4636.016147,4637.699062,19.93,21.94,48.52,23.44,7.317143,4634.943861,4628.481541,14.16,21.54,53.65,0,17,0
2026-04-30T13:23:00,XAUUSD,features,"{""type"": ""features"", ""symbol"": ""XAUUSD"", ""time"": ""2026-04-30T13:23:00"", ""features"": {""symbol"": ""XAUUSD"", ""bid"": 4637.09, ""ask"": 4637.26, ""spread_points"": 17, ""balance"": 91.36, ""equity"": 91.36, ""free_margin"": 91.36, ""m1_ohlcv"": [[4643.09, 4644.14, 4641.86, 4642.14, 589], [4642.14, 4643.37, 4639.91, 4640.39, 456], [4640.39, 4640.67, 4638.28, 4639.31, 536], [4639.31, 4640.05, 4637.96, 4638.15, 414], [4638.15, 4638.38, 4635.89, 4636.21, 413], [4636.21, 4636.35, 4634.57, 4634.84, 395], [4634.84, 4640.11, 4634.75, 4639.96, 439], [4639.96, 4642.41, 4636.98, 4637.8, 569], [4637.8, 4639.39, 4637.61, 4639.34, 429], [4639.34, 4640.85, 4638.5, 4639.0, 354], [4639.0, 4639.93, 4638.35, 4639.27, 298], [4639.27, 4641.59, 4639.05, 4641.05, 319], [4641.04, 4646.1, 4641.03, 4642.2, 681], [4642.2, 4642.91, 4635.86, 4636.04, 487], [4636.04, 4637.14, 4635.41, 4636.66, 411], [4636.61, 4637.63, 4635.76, 4636.87, 419], [4636.89, 4638.86, 4636.82, 4638.44, 304], [4638.44, 4639.02, 4637.21, 4638.12, 327], [4638.11, 4638.12, 4634.12, 4636.76, 496], [4636.76, 4637.66, 4635.24, 4637.09, 435]], ""m1_ema9"": 4637.63005, ""m1_ema21"": 4637.642951, ""m1_ema50"": 4636.070693, ""m1_rsi14"": 49.34, ""m1_atr14"": 2.833571, ""m1_adx14"": 17.36, ""m1_plusdi"": 19.01, ""m1_minusdi"": 17.27, ""m5_ema20"": 4634.97529, ""m5_ema50"": 4628.494482, ""m5_rsi14"": 54.08, ""m5_atr14"": 7.317143, ""m5_adx14"": 23.44, ""m5_plusdi"": 21.54, ""m5_minusdi"": 14.16, ""hour_gmt"": 13, ""open_ea_trades"": 0, ""trades_today"": 0}}",4637.26,91.36,4637.09,91.36,91.36,13,17.36,2.833571,4639.0,4640.85,4638.5,4639.34,354.0,4639.27,4639.93,4638.35,4639.0,298.0,4641.05,4641.59,4639.05,4639.27,319.0,4642.2,4646.1,4641.03,4641.04,681.0,4636.04,4642.91,4635.86,4642.2,487.0,4636.66,4637.14,4635.41,4636.04,411.0,4636.87,4637.63,4635.76,4636.61,419.0,4638.44,4638.86,4636.82,4636.89,304.0,4638.12,4639.02,4637.21,4638.44,327.0,4636.76,4638.12,4634.12,4638.11,496.0,4642.14,4644.14,4641.86,4643.09,589.0,4637.09,4637.66,4635.24,4636.76,435.0,4640.39,4643.37,4639.91,4642.14,456.0,4639.31,4640.67,4638.28,4640.39,536.0,4638.15,4640.05,4637.96,4639.31,414.0,4636.21,4638.38,4635.89,4638.15,413.0,4634.84,4636.35,4634.57,4636.21,395.0,4639.96,4640.11,4634.75,4634.84,439.0,4637.8,4642.41,4636.98,4639.96,569.0,4639.34,4639.39,4637.61,4637.8,429.0,4637.642951,4636.070693,4637.63005,17.27,19.01,49.34,23.44,7.317143,4634.97529,4628.494482,14.16,21.54,54.08,0,17,0
2026-04-30T13:23:59,XAUUSD,features,"{""type"": ""features"", ""symbol"": ""XAUUSD"", ""time"": ""2026-04-30T13:23:59"", ""features"": {""symbol"": ""XAUUSD"", ""bid"": 4635.52, ""ask"": 4635.69, ""spread_points"": 17, ""balance"": 91.36, ""equity"": 91.36, ""free_margin"": 91.36, ""m1_ohlcv"": [[4642.14, 4643.37, 4639.91, 4640.39, 456], [4640.39, 4640.67, 4638.28, 4639.31, 536], [4639.31, 4640.05, 4637.96, 4638.15, 414], [4638.15, 4638.38, 4635.89, 4636.21, 413], [4636.21, 4636.35, 4634.57, 4634.84, 395], [4634.84, 4640.11, 4634.75, 4639.96, 439], [4639.96, 4642.41, 4636.98, 4637.8, 569], [4637.8, 4639.39, 4637.61, 4639.34, 429], [4639.34, 4640.85, 4638.5, 4639.0, 354], [4639.0, 4639.93, 4638.35, 4639.27, 298], [4639.27, 4641.59, 4639.05, 4641.05, 319], [4641.04, 4646.1, 4641.03, 4642.2, 681], [4642.2, 4642.91, 4635.86, 4636.04, 487], [4636.04, 4637.14, 4635.41, 4636.66, 411], [4636.61, 4637.63, 4635.76, 4636.87, 419], [4636.89, 4638.86, 4636.82, 4638.44, 304], [4638.44, 4639.02, 4637.21, 4638.12, 327], [4638.11, 4638.12, 4634.12, 4636.76, 496], [4636.76, 4637.66, 4635.24, 4637.09, 435], [4637.09, 4637.09, 4634.2, 4635.56, 434]], ""m1_ema9"": 4636.96324, ""m1_ema21"": 4637.323509, ""m1_ema50"": 4635.99145, ""m1_rsi14"": 45.63, ""m1_atr14"": 2.655, ""m1_adx14"": 16.34, ""m1_plusdi"": 16.48, ""m1_minusdi"": 19.13, ""m5_ema20"": 4634.825766, ""m5_ema50"": 4628.432913, ""m5_rsi14"": 52.11, ""m5_atr14"": 7.317143, ""m5_adx14"": 23.44, ""m5_plusdi"": 21.54, ""m5_minusdi"": 14.16, ""hour_gmt"": 13, ""open_ea_trades"": 0, ""trades_today"": 0}}",4635.69,91.36,4635.52,91.36,91.36,13,16.34,2.655,4639.27,4639.93,4638.35,4639.0,298.0,4641.05,4641.59,4639.05,4639.27,319.0,4642.2,4646.1,4641.03,4641.04,681.0,4636.04,4642.91,4635.86,4642.2,487.0,4636.66,4637.14,4635.41,4636.04,411.0,4636.87,4637.63,4635.76,4636.61,419.0,4638.44,4638.86,4636.82,4636.89,304.0,4638.12,4639.02,4637.21,4638.44,327.0,4636.76,4638.12,4634.12,4638.11,496.0,4637.09,4637.66,4635.24,4636.76,435.0,4640.39,4643.37,4639.91,4642.14,456.0,4635.56,4637.09,4634.2,4637.09,434.0,4639.31,4640.67,4638.28,4640.39,536.0,4638.15,4640.05,4637.96,4639.31,414.0,4636.21,4638.38,4635.89,4638.15,413.0,4634.84,4636.35,4634.57,4636.21,395.0,4639.96,4640.11,4634.75,4634.84,439.0,4637.8,4642.41,4636.98,4639.96,569.0,4639.34,4639.39,4637.61,4637.8,429.0,4639.0,4640.85,4638.5,4639.34,354.0,4637.323509,4635.99145,4636.96324,19.13,16.48,45.63,23.44,7.317143,4634.825766,4628.432913,14.16,21.54,52.11,0,17,0
2026-04-30T13:24:59,XAUUSD,features,"{""type"": ""features"", ""symbol"": ""XAUUSD"", ""time"": ""2026-04-30T13:24:59"", ""features"": {""symbol"": ""XAUUSD"", ""bid"": 4635.32, ""ask"": 4635.49, ""spread_points"": 17, ""balance"": 91.36, ""equity"": 91.36, ""free_margin"": 91.36, ""m1_ohlcv"": [[4640.39, 4640.67, 4638.28, 4639.31, 536], [4639.31, 4640.05, 4637.96, 4638.15, 414], [4638.15, 4638.38, 4635.89, 4636.21, 413], [4636.21, 4636.35, 4634.57, 4634.84, 395], [4634.84, 4640.11, 4634.75, 4639.96, 439], [4639.96, 4642.41, 4636.98, 4637.8, 569], [4637.8, 4639.39, 4637.61, 4639.34, 429], [4639.34, 4640.85, 4638.5, 4639.0, 354], [4639.0, 4639.93, 4638.35, 4639.27, 298], [4639.27, 4641.59, 4639.05, 4641.05, 319], [4641.04, 4646.1, 4641.03, 4642.2, 681], [4642.2, 4642.91, 4635.86, 4636.04, 487], [4636.04, 4637.14, 4635.41, 4636.66, 411], [4636.61, 4637.63, 4635.76, 4636.87, 419], [4636.89, 4638.86, 4636.82, 4638.44, 304], [4638.44, 4639.02, 4637.21, 4638.12, 327], [4638.11, 4638.12, 4634.12, 4636.76, 496], [4636.76, 4637.66, 4635.24, 4637.09, 435], [4637.09, 4637.09, 4634.2, 4635.56, 434], [4635.52, 4637.49, 4634.69, 4635.32, 534]], ""m1_ema9"": 4636.602592, ""m1_ema21"": 4637.124843, ""m1_ema50"": 4635.957583, ""m1_rsi14"": 45.16, ""m1_atr14"": 2.725, ""m1_adx14"": 13.8, ""m1_plusdi"": 15.93, ""m1_minusdi"": 16.58, ""m5_ema20"": 4634.855603, ""m5_ema50"": 4628.69546, ""m5_rsi14"": 51.87, ""m5_atr14"": 6.72, ""m5_adx14"": 23.07, ""m5_plusdi"": 18.67, ""m5_minusdi"": 12.27, ""hour_gmt"": 13, ""open_ea_trades"": 0, ""trades_today"": 0}}",4635.49,91.36,4635.32,91.36,91.36,13,13.8,2.725,4641.05,4641.59,4639.05,4639.27,319.0,4642.2,4646.1,4641.03,4641.04,681.0,4636.04,4642.91,4635.86,4642.2,487.0,4636.66,4637.14,4635.41,4636.04,411.0,4636.87,4637.63,4635.76,4636.61,419.0,4638.44,4638.86,4636.82,4636.89,304.0,4638.12,4639.02,4637.21,4638.44,327.0,4636.76,4638.12,4634.12,4638.11,496.0,4637.09,4637.66,4635.24,4636.76,435.0,4635.56,4637.09,4634.2,4637.09,434.0,4639.31,4640.67,4638.28,4640.39,536.0,4635.32,4637.49,4634.69,4635.52,534.0,4638.15,4640.05,4637.96,4639.31,414.0,4636.21,4638.38,4635.89,4638.15,413.0,4634.84,4636.35,4634.57,4636.21,395.0,4639.96,4640.11,4634.75,4634.84,439.0,4637.8,4642.41,4636.98,4639.96,569.0,4639.34,4639.39,4637.61,4637.8,429.0,4639.0,4640.85,4638.5,4639.34,354.0,4639.27,4639.93,4638.35,4639.0,298.0,4637.124843,4635.957583,4636.602592,16.58,15.93,45.16,23.07,6.72,4634.855603,4628.69546,12.27,18.67,51.87,0,17,0
2026-04-30T13:25:59,XAUUSD,features,"{""type"": ""features"", ""symbol"": ""XAUUSD"", ""time"": ""2026-04-30T13:25:59"", ""features"": {""symbol"": ""XAUUSD"", ""bid"": 4636.61, ""ask"": 4636.78, ""spread_points"": 17, ""balance"": 91.36, ""equity"": 91.36, ""free_margin"": 91.36, ""m1_ohlcv"": [[4639.31, 4640.05, 4637.96, 4638.15, 414], [4638.15, 4638.38, 4635.89, 4636.21, 413], [4636.21, 4636.35, 4634.57, 4634.84, 395], [4634.84, 4640.11, 4634.75, 4639.96, 439], [4639.96, 4642.41, 4636.98, 4637.8, 569], [4637.8, 4639.39, 4637.61, 4639.34, 429], [4639.34, 4640.85, 4638.5, 4639.0, 354], [4639.0, 4639.93, 4638.35, 4639.27, 298], [4639.27, 4641.59, 4639.05, 4641.05, 319], [4641.04, 4646.1, 4641.03, 4642.2, 681], [4642.2, 4642.91, 4635.86, 4636.04, 487], [4636.04, 4637.14, 4635.41, 4636.66, 411], [4636.61, 4637.63, 4635.76, 4636.87, 419], [4636.89, 4638.86, 4636.82, 4638.44, 304], [4638.44, 4639.02, 4637.21, 4638.12, 327], [4638.11, 4638.12, 4634.12, 4636.76, 496], [4636.76, 4637.66, 4635.24, 4637.09, 435], [4637.09, 4637.09, 4634.2, 4635.56, 434], [4635.52, 4637.49, 4634.69, 4635.32, 534], [4635.32, 4636.83, 4635.09, 4636.61, 429]], ""m1_ema9"": 4636.810474, ""m1_ema21"": 4637.184651, ""m1_ema50"": 4636.031772, ""m1_rsi14"": 48.79, ""m1_atr14"": 2.681429, ""m1_adx14"": 12.22, ""m1_plusdi"": 13.81, ""m1_minusdi"": 14.37, ""m5_ema20"": 4634.97846, ""m5_ema50"": 4628.746048, ""m5_rsi14"": 53.36, ""m5_atr14"": 6.844286, ""m5_adx14"": 23.07, ""m5_plusdi"": 18.67, ""m5_minusdi"": 12.27, ""hour_gmt"": 13, ""open_ea_trades"": 0, ""trades_today"": 0}}",4636.78,91.36,4636.61,91.36,91.36,13,12.22,2.681429,4642.2,4646.1,4641.03,4641.04,681.0,4636.04,4642.91,4635.86,4642.2,487.0,4636.66,4637.14,4635.41,4636.04,411.0,4636.87,4637.63,4635.76,4636.61,419.0,4638.44,4638.86,4636.82,4636.89,304.0,4638.12,4639.02,4637.21,4638.44,327.0,4636.76,4638.12,4634.12,4638.11,496.0,4637.09,4637.66,4635.24,4636.76,435.0,4635.56,4637.09,4634.2,4637.09,434.0,4635.32,4637.49,4634.69,4635.52,534.0,4638.15,4640.05,4637.96,4639.31,414.0,4636.61,4636.83,4635.09,4635.32,429.0,4636.21,4638.38,4635.89,4638.15,413.0,4634.84,4636.35,4634.57,4636.21,395.0,4639.96,4640.11,4634.75,4634.84,439.0,4637.8,4642.41,4636.98,4639.96,569.0,4639.34,4639.39,4637.61,4637.8,429.0,4639.0,4640.85,4638.5,4639.34,354.0,4639.27,4639.93,4638.35,4639.0,298.0,4641.05,4641.59,4639.05,4639.27,319.0,4637.184651,4636.031772,4636.810474,14.37,13.81,48.79,23.07,6.844286,4634.97846,4628.746048,12.27,18.67,53.36,0,17,0
2026-04-30T13:26:59,XAUUSD,features,"{""type"": ""features"", ""symbol"": ""XAUUSD"", ""time"": ""2026-04-30T13:26:59"", ""features"": {""symbol"": ""XAUUSD"", ""bid"": 4634.66, ""ask"": 4634.71, ""spread_points"": 5, ""balance"": 91.36, ""equity"": 91.36, ""free_margin"": 91.36, ""m1_ohlcv"": [[4638.15, 4638.38, 4635.89, 4636.21, 413], [4636.21, 4636.35, 4634.57, 4634.84, 395], [4634.84, 4640.11, 4634.75, 4639.96, 439], [4639.96, 4642.41, 4636.98, 4637.8, 569], [4637.8, 4639.39, 4637.61, 4639.34, 429], [4639.34, 4640.85, 4638.5, 4639.0, 354], [4639.0, 4639.93, 4638.35, 4639.27, 298], [4639.27, 4641.59, 4639.05, 4641.05, 319], [4641.04, 4646.1, 4641.03, 4642.2, 681], [4642.2, 4642.91, 4635.86, 4636.04, 487], [4636.04, 4637.14, 4635.41, 4636.66, 411], [4636.61, 4637.63, 4635.76, 4636.87, 419], [4636.89, 4638.86, 4636.82, 4638.44, 304], [4638.44, 4639.02, 4637.21, 4638.12, 327], [4638.11, 4638.12, 4634.12, 4636.76, 496], [4636.76, 4637.66, 4635.24, 4637.09, 435], [4637.09, 4637.09, 4634.2, 4635.56, 434], [4635.52, 4637.49, 4634.69, 4635.32, 534], [4635.32, 4636.83, 4635.09, 4636.61, 429], [4636.61, 4636.78, 4634.28, 4634.54, 440]], ""m1_ema9"": 4636.049179, ""m1_ema21"": 4636.784063, ""m1_ema50"": 4635.899984, ""m1_rsi14"": 44.14, ""m1_atr14"": 2.755714, ""m1_adx14"": 14.1, ""m1_plusdi"": 11.97, ""m1_minusdi"": 16.2, ""m5_ema20"": 4634.792745, ""m5_ema50"": 4628.669577, ""m5_rsi14"": 51.03, ""m5_atr14"": 6.902143, ""m5_adx14"": 23.07, ""m5_plusdi"": 18.67, ""m5_minusdi"": 12.27, ""hour_gmt"": 13, ""open_ea_trades"": 0, ""trades_today"": 0}}",4634.71,91.36,4634.66,91.36,91.36,13,14.1,2.755714,4636.04,4642.91,4635.86,4642.2,487.0,4636.66,4637.14,4635.41,4636.04,411.0,4636.87,4637.63,4635.76,4636.61,419.0,4638.44,4638.86,4636.82,4636.89,304.0,4638.12,4639.02,4637.21,4638.44,327.0,4636.76,4638.12,4634.12,4638.11,496.0,4637.09,4637.66,4635.24,4636.76,435.0,4635.56,4637.09,4634.2,4637.09,434.0,4635.32,4637.49,4634.69,4635.52,534.0,4636.61,4636.83,4635.09,4635.32,429.0,4636.21,4638.38,4635.89,4638.15,413.0,4634.54,4636.78,4634.28,4636.61,440.0,4634.84,4636.35,4634.57,4636.21,395.0,4639.96,4640.11,4634.75,4634.84,439.0,4637.8,4642.41,4636.98,4639.96,569.0,4639.34,4639.39,4637.61,4637.8,429.0,4639.0,4640.85,4638.5,4639.34,354.0,4639.27,4639.93,4638.35,4639.0,298.0,4641.05,4641.59,4639.05,4639.27,319.0,4642.2,4646.1,4641.03,4641.04,681.0,4636.784063,4635.899984,4636.049179,16.2,11.97,44.14,23.07,6.902143,4634.792745,4628.669577,12.27,18.67,51.03,0,5,0
2026-04-30T13:27:59,XAUUSD,features,"{""type"": ""features"", ""symbol"": ""XAUUSD"", ""time"": ""2026-04-30T13:27:59"", ""features"": {""symbol"": ""XAUUSD"", ""bid"": 4636.49, ""ask"": 4636.66, ""spread_points"": 17, ""balance"": 91.36, ""equity"": 91.36, ""free_margin"": 91.36, ""m1_ohlcv"": [[4636.21, 4636.35, 4634.57, 4634.84, 395], [4634.84, 4640.11, 4634.75, 4639.96, 439], [4639.96, 4642.41, 4636.98, 4637.8, 569], [4637.8, 4639.39, 4637.61, 4639.34, 429], [4639.34, 4640.85, 4638.5, 4639.0, 354], [4639.0, 4639.93, 4638.35, 4639.27, 298], [4639.27, 4641.59, 4639.05, 4641.05, 319], [4641.04, 4646.1, 4641.03, 4642.2, 681], [4642.2, 4642.91, 4635.86, 4636.04, 487], [4636.04, 4637.14, 4635.41, 4636.66, 411], [4636.61, 4637.63, 4635.76, 4636.87, 419], [4636.89, 4638.86, 4636.82, 4638.44, 304], [4638.44, 4639.02, 4637.21, 4638.12, 327], [4638.11, 4638.12, 4634.12, 4636.76, 496], [4636.76, 4637.66, 4635.24, 4637.09, 435], [4637.09, 4637.09, 4634.2, 4635.56, 434], [4635.52, 4637.49, 4634.69, 4635.32, 534], [4635.32, 4636.83, 4635.09, 4636.61, 429], [4636.61, 4636.78, 4634.28, 4634.54, 440], [4634.66, 4638.58, 4634.24, 4636.49, 528]], ""m1_ema9"": 4636.430143, ""m1_ema21"": 4636.908569, ""m1_ema50"": 4635.992072, ""m1_rsi14"": 49.08, ""m1_atr14"": 2.875714, ""m1_adx14"": 11.45, ""m1_plusdi"": 15.16, ""m1_minusdi"": 14.04, ""m5_ema20"": 4634.967031, ""m5_ema50"": 4628.741342, ""m5_rsi14"": 53.23, ""m5_atr14"": 7.03, ""m5_adx14"": 23.07, ""m5_plusdi"": 18.67, ""m5_minusdi"": 12.27, ""hour_gmt"": 13, ""open_ea_trades"": 0, ""trades_today"": 0}}",4636.66,91.36,4636.49,91.36,91.36,13,11.45,2.875714,4636.66,4637.14,4635.41,4636.04,411.0,4636.87,4637.63,4635.76,4636.61,419.0,4638.44,4638.86,4636.82,4636.89,304.0,4638.12,4639.02,4637.21,4638.44,327.0,4636.76,4638.12,4634.12,4638.11,496.0,4637.09,4637.66,4635.24,4636.76,435.0,4635.56,4637.09,4634.2,4637.09,434.0,4635.32,4637.49,4634.69,4635.52,534.0,4636.61,4636.83,4635.09,4635.32,429.0,4634.54,4636.78,4634.28,4636.61,440.0,4634.84,4636.35,4634.57,4636.21,395.0,4636.49,4638.58,4634.24,4634.66,528.0,4639.96,4640.11,4634.75,4634.84,439.0,4637.8,4642.41,4636.98,4639.96,569.0,4639.34,4639.39,4637.61,4637.8,429.0,4639.0,4640.85,4638.5,4639.34,354.0,4639.27,4639.93,4638.35,4639.0,298.0,4641.05,4641.59,4639.05,4639.27,319.0,4642.2,4646.1,4641.03,4641.04,681.0,4636.04,4642.91,4635.86,4642.2,487.0,4636.908569,4635.992072,4636.430143,14.04,15.16,49.08,23.07,7.03,4634.967031,4628.741342,12.27,18.67,53.23,0,17,0
2026-04-30T13:28:59,XAUUSD,features,"{""type"": ""features"", ""symbol"": ""XAUUSD"", ""time"": ""2026-04-30T13:28:59"", ""features"": {""symbol"": ""XAUUSD"", ""bid"": 4636.01, ""ask"": 4636.26, ""spread_points"": 25, ""balance"": 91.36, ""equity"": 91.36, ""free_margin"": 91.36, ""m1_ohlcv"": [[4634.84, 4640.11, 4634.75, 4639.96, 439], [4639.96, 4642.41, 4636.98, 4637.8, 569], [4637.8, 4639.39, 4637.61, 4639.34, 429], [4639.34, 4640.85, 4638.5, 4639.0, 354], [4639.0, 4639.93, 4638.35, 4639.27, 298], [4639.27, 4641.59, 4639.05, 4641.05, 319], [4641.04, 4646.1, 4641.03, 4642.2, 681], [4642.2, 4642.91, 4635.86, 4636.04, 487], [4636.04, 4637.14, 4635.41, 4636.66, 411], [4636.61, 4637.63, 4635.76, 4636.87, 419], [4636.89, 4638.86, 4636.82, 4638.44, 304], [4638.44, 4639.02, 4637.21, 4638.12, 327], [4638.11, 4638.12, 4634.12, 4636.76, 496], [4636.76, 4637.66, 4635.24, 4637.09, 435], [4637.09, 4637.09, 4634.2, 4635.56, 434], [4635.52, 4637.49, 4634.69, 4635.32, 534], [4635.32, 4636.83, 4635.09, 4636.61, 429], [4636.61, 4636.78, 4634.28, 4634.54, 440], [4634.66, 4638.58, 4634.24, 4636.49, 528], [4636.49, 4637.37, 4635.53, 4635.99, 419]], ""m1_ema9"": 4636.266114, ""m1_ema21"": 4636.785559, ""m1_ema50"": 4635.973937, ""m1_rsi14"": 47.9, ""m1_atr14"": 2.646429, ""m1_adx14"": 10.44, ""m1_plusdi"": 13.14, ""m1_minusdi"": 12.16, ""m5_ema20"": 4634.921317, ""m5_ema50"": 4628.722519, ""m5_rsi14"": 52.68, ""m5_atr14"": 7.03, ""m5_adx14"": 23.07, ""m5_plusdi"": 18.67, ""m5_minusdi"": 12.27, ""hour_gmt"": 13, ""open_ea_trades"": 0, ""trades_today"": 0}}",4636.26,91.36,4636.01,91.36,91.36,13,10.44,2.646429,4636.87,4637.63,4635.76,4636.61,419.0,4638.44,4638.86,4636.82,4636.89,304.0,4638.12,4639.02,4637.21,4638.44,327.0,4636.76,4638.12,4634.12,4638.11,496.0,4637.09,4637.66,4635.24,4636.76,435.0,4635.56,4637.09,4634.2,4637.09,434.0,4635.32,4637.49,4634.69,4635.52,534.0,4636.61,4636.83,4635.09,4635.32,429.0,4634.54,4636.78,4634.28,4636.61,440.0,4636.49,4638.58,4634.24,4634.66,528.0,4639.96,4640.11,4634.75,4634.84,439.0,4635.99,4637.37,4635.53,4636.49,419.0,4637.8,4642.41,4636.98,4639.96,569.0,4639.34,4639.39,4637.61,4637.8,429.0,4639.0,4640.85,4638.5,4639.34,354.0,4639.27,4639.93,4638.35,4639.0,298.0,4641.05,4641.59,4639.05,4639.27,319.0,4642.2,4646.1,4641.03,4641.04,681.0,4636.04,4642.91,4635.86,4642.2,487.0,4636.66,4637.14,4635.41,4636.04,411.0,4636.785559,4635.973937,4636.266114,12.16,13.14,47.9,23.07,7.03,4634.921317,4628.722519,12.27,18.67,52.68,0,25,0
2026-04-30T13:29:59,XAUUSD,features,"{""type"": ""features"", ""symbol"": ""XAUUSD"", ""time"": ""2026-04-30T13:29:59"", ""features"": {""symbol"": ""XAUUSD"", ""bid"": 4633.56, ""ask"": 4633.8, ""spread_points"": 24, ""balance"": 91.36, ""equity"": 91.36, ""free_margin"": 91.36, ""m1_ohlcv"": [[4639.96, 4642.41, 4636.98, 4637.8, 569], [4637.8, 4639.39, 4637.61, 4639.34, 429], [4639.34, 4640.85, 4638.5, 4639.0, 354], [4639.0, 4639.93, 4638.35, 4639.27, 298], [4639.27, 4641.59, 4639.05, 4641.05, 319], [4641.04, 4646.1, 4641.03, 4642.2, 681], [4642.2, 4642.91, 4635.86, 4636.04, 487], [4636.04, 4637.14, 4635.41, 4636.66, 411], [4636.61, 4637.63, 4635.76, 4636.87, 419], [4636.89, 4638.86, 4636.82, 4638.44, 304], [4638.44, 4639.02, 4637.21, 4638.12, 327], [4638.11, 4638.12, 4634.12, 4636.76, 496], [4636.76, 4637.66, 4635.24, 4637.09, 435], [4637.09, 4637.09, 4634.2, 4635.56, 434], [4635.52, 4637.49, 4634.69, 4635.32, 534], [4635.32, 4636.83, 4635.09, 4636.61, 429], [4636.61, 4636.78, 4634.28, 4634.54, 440], [4634.66, 4638.58, 4634.24, 4636.49, 528], [4636.49, 4637.37, 4635.53, 4635.99, 419], [4636.01, 4636.83, 4632.96, 4633.56, 542]], ""m1_ema9"": 4635.332892, ""m1_ema21"": 4636.289847, ""m1_ema50"": 4635.786962, ""m1_rsi14"": 42.23, ""m1_atr14"": 2.417857, ""m1_adx14"": 14.34, ""m1_plusdi"": 11.39, ""m1_minusdi"": 18.22, ""m5_ema20"": 4634.580557, ""m5_ema50"": 4628.819913, ""m5_rsi14"": 49.69, ""m5_atr14"": 6.671429, ""m5_adx14"": 20.3, ""m5_plusdi"": 16.18, ""m5_minusdi"": 13.02, ""hour_gmt"": 13, ""open_ea_trades"": 0, ""trades_today"": 0}}",4633.8,91.36,4633.56,91.36,91.36,13,14.34,2.417857,4638.44,4638.86,4636.82,4636.89,304.0,4638.12,4639.02,4637.21,4638.44,327.0,4636.76,4638.12,4634.12,4638.11,496.0,4637.09,4637.66,4635.24,4636.76,435.0,4635.56,4637.09,4634.2,4637.09,434.0,4635.32,4637.49,4634.69,4635.52,534.0,4636.61,4636.83,4635.09,4635.32,429.0,4634.54,4636.78,4634.28,4636.61,440.0,4636.49,4638.58,4634.24,4634.66,528.0,4635.99,4637.37,4635.53,4636.49,419.0,4637.8,4642.41,4636.98,4639.96,569.0,4633.56,4636.83,4632.96,4636.01,542.0,4639.34,4639.39,4637.61,4637.8,429.0,4639.0,4640.85,4638.5,4639.34,354.0,4639.27,4639.93,4638.35,4639.0,298.0,4641.05,4641.59,4639.05,4639.27,319.0,4642.2,4646.1,4641.03,4641.04,681.0,4636.04,4642.91,4635.86,4642.2,487.0,4636.66,4637.14,4635.41,4636.04,411.0,4636.87,4637.63,4635.76,4636.61,419.0,4636.289847,4635.786962,4635.332892,18.22,11.39,42.23,20.3,6.671429,4634.580557,4628.819913,13.02,16.18,49.69,0,24,0
2026-04-30T13:30:59,XAUUSD,features,"{""type"": ""features"", ""symbol"": ""XAUUSD"", ""time"": ""2026-04-30T13:30:59"", ""features"": {""symbol"": ""XAUUSD"", ""bid"": 4632.86, ""ask"": 4633.0, ""spread_points"": 14, ""balance"": 91.36, ""equity"": 91.36, ""free_margin"": 91.36, ""m1_ohlcv"": [[4637.8, 4639.39, 4637.61, 4639.34, 429], [4639.34, 4640.85, 4638.5, 4639.0, 354], [4639.0, 4639.93, 4638.35, 4639.27, 298], [4639.27, 4641.59, 4639.05, 4641.05, 319], [4641.04, 4646.1, 4641.03, 4642.2, 681], [4642.2, 4642.91, 4635.86, 4636.04, 487], [4636.04, 4637.14, 4635.41, 4636.66, 411], [4636.61, 4637.63, 4635.76, 4636.87, 419], [4636.89, 4638.86, 4636.82, 4638.44, 304], [4638.44, 4639.02, 4637.21, 4638.12, 327], [4638.11, 4638.12, 4634.12, 4636.76, 496], [4636.76, 4637.66, 4635.24, 4637.09, 435], [4637.09, 4637.09, 4634.2, 4635.56, 434], [4635.52, 4637.49, 4634.69, 4635.32, 534], [4635.32, 4636.83, 4635.09, 4636.61, 429], [4636.61, 4636.78, 4634.28, 4634.54, 440], [4634.66, 4638.58, 4634.24, 4636.49, 528], [4636.49, 4637.37, 4635.53, 4635.99, 419], [4636.01, 4636.83, 4632.96, 4633.56, 542], [4633.56, 4633.78, 4629.9, 4632.86, 737]], ""m1_ema9"": 4634.726313, ""m1_ema21"": 4635.920191, ""m1_ema50"": 4635.645804, ""m1_rsi14"": 40.75, ""m1_atr14"": 2.571429, ""m1_adx14"": 20.52, ""m1_plusdi"": 9.87, ""m1_minusdi"": 24.9, ""m5_ema20"": 4634.51389, ""m5_ema50"": 4628.792462, ""m5_rsi14"": 48.81, ""m5_atr14"": 6.948571, ""m5_adx14"": 21.33, ""m5_plusdi"": 16.18, ""m5_minusdi"": 23.54, ""hour_gmt"": 13, ""open_ea_trades"": 0, ""trades_today"": 0}}",4633.0,91.36,4632.86,91.36,91.36,13,20.52,2.571429,4638.12,4639.02,4637.21,4638.44,327.0,4636.76,4638.12,4634.12,4638.11,496.0,4637.09,4637.66,4635.24,4636.76,435.0,4635.56,4637.09,4634.2,4637.09,434.0,4635.32,4637.49,4634.69,4635.52,534.0,4636.61,4636.83,4635.09,4635.32,429.0,4634.54,4636.78,4634.28,4636.61,440.0,4636.49,4638.58,4634.24,4634.66,528.0,4635.99,4637.37,4635.53,4636.49,419.0,4633.56,4636.83,4632.96,4636.01,542.0,4639.34,4639.39,4637.61,4637.8,429.0,4632.86,4633.78,4629.9,4633.56,737.0,4639.0,4640.85,4638.5,4639.34,354.0,4639.27,4639.93,4638.35,4639.0,298.0,4641.05,4641.59,4639.05,4639.27,319.0,4642.2,4646.1,4641.03,4641.04,681.0,4636.04,4642.91,4635.86,4642.2,487.0,4636.66,4637.14,4635.41,4636.04,411.0,4636.87,4637.63,4635.76,4636.61,419.0,4638.44,4638.86,4636.82,4636.89,304.0,4635.920191,4635.645804,4634.726313,24.9,9.87,40.75,21.33,6.948571,4634.51389,4628.792462,23.54,16.18,48.81,0,14,0
2026-04-30T13:31:59,XAUUSD,features,"{""type"": ""features"", ""symbol"": ""XAUUSD"", ""time"": ""2026-04-30T13:31:59"", ""features"": {""symbol"": ""XAUUSD"", ""bid"": 4630.24, ""ask"": 4630.41, ""spread_points"": 17, ""balance"": 91.36, ""equity"": 91.36, ""free_margin"": 91.36, ""m1_ohlcv"": [[4639.34, 4640.85, 4638.5, 4639.0, 354], [4639.0, 4639.93, 4638.35, 4639.27, 298], [4639.27, 4641.59, 4639.05, 4641.05, 319], [4641.04, 4646.1, 4641.03, 4642.2, 681], [4642.2, 4642.91, 4635.86, 4636.04, 487], [4636.04, 4637.14, 4635.41, 4636.66, 411], [4636.61, 4637.63, 4635.76, 4636.87, 419], [4636.89, 4638.86, 4636.82, 4638.44, 304], [4638.44, 4639.02, 4637.21, 4638.12, 327], [4638.11, 4638.12, 4634.12, 4636.76, 496], [4636.76, 4637.66, 4635.24, 4637.09, 435], [4637.09, 4637.09, 4634.2, 4635.56, 434], [4635.52, 4637.49, 4634.69, 4635.32, 534], [4635.32, 4636.83, 4635.09, 4636.61, 429], [4636.61, 4636.78, 4634.28, 4634.54, 440], [4634.66, 4638.58, 4634.24, 4636.49, 528], [4636.49, 4637.37, 4635.53, 4635.99, 419], [4636.01, 4636.83, 4632.96, 4633.56, 542], [4633.56, 4633.78, 4629.9, 4632.86, 737], [4632.86, 4633.61, 4629.26, 4630.24, 877]], ""m1_ema9"": 4633.409851, ""m1_ema21"": 4635.187281, ""m1_ema50"": 4635.335096, ""m1_rsi14"": 35.71, ""m1_atr14"": 2.748571, ""m1_adx14"": 24.3, ""m1_plusdi"": 8.55, ""m1_minusdi"": 23.28, ""m5_ema20"": 4634.264366, ""m5_ema50"": 4628.689717, ""m5_rsi14"": 45.78, ""m5_atr14"": 6.994286, ""m5_adx14"": 21.44, ""m5_plusdi"": 16.18, ""m5_minusdi"": 23.94, ""hour_gmt"": 13, ""open_ea_trades"": 0, ""trades_today"": 0}}",4630.41,91.36,4630.24,91.36,91.36,13,24.3,2.748571,4636.76,4638.12,4634.12,4638.11,496.0,4637.09,4637.66,4635.24,4636.76,435.0,4635.56,4637.09,4634.2,4637.09,434.0,4635.32,4637.49,4634.69,4635.52,534.0,4636.61,4636.83,4635.09,4635.32,429.0,4634.54,4636.78,4634.28,4636.61,440.0,4636.49,4638.58,4634.24,4634.66,528.0,4635.99,4637.37,4635.53,4636.49,419.0,4633.56,4636.83,4632.96,4636.01,542.0,4632.86,4633.78,4629.9,4633.56,737.0,4639.0,4640.85,4638.5,4639.34,354.0,4630.24,4633.61,4629.26,4632.86,877.0,4639.27,4639.93,4638.35,4639.0,298.0,4641.05,4641.59,4639.05,4639.27,319.0,4642.2,4646.1,4641.03,4641.04,681.0,4636.04,4642.91,4635.86,4642.2,487.0,4636.66,4637.14,4635.41,4636.04,411.0,4636.87,4637.63,4635.76,4636.61,419.0,4638.44,4638.86,4636.82,4636.89,304.0,4638.12,4639.02,4637.21,4638.44,327.0,4635.187281,4635.335096,4633.409851,23.28,8.55,35.71,21.44,6.994286,4634.264366,4628.689717,23.94,16.18,45.78,0,17,0
2026-04-30T13:32:59,XAUUSD,features,"{""type"": ""features"", ""symbol"": ""XAUUSD"", ""time"": ""2026-04-30T13:32:59"", ""features"": {""symbol"": ""XAUUSD"", ""bid"": 4631.94, ""ask"": 4632.11, ""spread_points"": 17, ""balance"": 91.36, ""equity"": 91.36, ""free_margin"": 91.36, ""m1_ohlcv"": [[4639.0, 4639.93, 4638.35, 4639.27, 298], [4639.27, 4641.59, 4639.05, 4641.05, 319], [4641.04, 4646.1, 4641.03, 4642.2, 681], [4642.2, 4642.91, 4635.86, 4636.04, 487], [4636.04, 4637.14, 4635.41, 4636.66, 411], [4636.61, 4637.63, 4635.76, 4636.87, 419], [4636.89, 4638.86, 4636.82, 4638.44, 304], [4638.44, 4639.02, 4637.21, 4638.12, 327], [4638.11, 4638.12, 4634.12, 4636.76, 496], [4636.76, 4637.66, 4635.24, 4637.09, 435], [4637.09, 4637.09, 4634.2, 4635.56, 434], [4635.52, 4637.49, 4634.69, 4635.32, 534], [4635.32, 4636.83, 4635.09, 4636.61, 429], [4636.61, 4636.78, 4634.28, 4634.54, 440], [4634.66, 4638.58, 4634.24, 4636.49, 528], [4636.49, 4637.37, 4635.53, 4635.99, 419], [4636.01, 4636.83, 4632.96, 4633.56, 542], [4633.56, 4633.78, 4629.9, 4632.86, 737], [4632.86, 4633.61, 4629.26, 4630.24, 877], [4630.24, 4633.48, 4630.24, 4631.94, 854]], ""m1_ema9"": 4633.38788, ""m1_ema21"": 4635.03257, ""m1_ema50"": 4635.266008, ""m1_rsi14"": 40.83, ""m1_atr14"": 2.834286, ""m1_adx14"": 27.23, ""m1_plusdi"": 7.41, ""m1_minusdi"": 20.18, ""m5_ema20"": 4634.426271, ""m5_ema50"": 4628.756384, ""m5_rsi14"": 47.7, ""m5_atr14"": 6.994286, ""m5_adx14"": 21.44, ""m5_plusdi"": 16.18, ""m5_minusdi"": 23.94, ""hour_gmt"": 13, ""open_ea_trades"": 0, ""trades_today"": 0}}",4632.11,91.36,4631.94,91.36,91.36,13,27.23,2.834286,4637.09,4637.66,4635.24,4636.76,435.0,4635.56,4637.09,4634.2,4637.09,434.0,4635.32,4637.49,4634.69,4635.52,534.0,4636.61,4636.83,4635.09,4635.32,429.0,4634.54,4636.78,4634.28,4636.61,440.0,4636.49,4638.58,4634.24,4634.66,528.0,4635.99,4637.37,4635.53,4636.49,419.0,4633.56,4636.83,4632.96,4636.01,542.0,4632.86,4633.78,4629.9,4633.56,737.0,4630.24,4633.61,4629.26,4632.86,877.0,4639.27,4639.93,4638.35,4639.0,298.0,4631.94,4633.48,4630.24,4630.24,854.0,4641.05,4641.59,4639.05,4639.27,319.0,4642.2,4646.1,4641.03,4641.04,681.0,4636.04,4642.91,4635.86,4642.2,487.0,4636.66,4637.14,4635.41,4636.04,411.0,4636.87,4637.63,4635.76,4636.61,419.0,4638.44,4638.86,4636.82,4636.89,304.0,4638.12,4639.02,4637.21,4638.44,327.0,4636.76,4638.12,4634.12,4638.11,496.0,4635.03257,4635.266008,4633.38788,20.18,7.41,40.83,21.44,6.994286,4634.426271,4628.756384,23.94,16.18,47.7,0,17,0
2026-04-30T13:33:59,XAUUSD,features,"{""type"": ""features"", ""symbol"": ""XAUUSD"", ""time"": ""2026-04-30T13:33:59"", ""features"": {""symbol"": ""XAUUSD"", ""bid"": 4630.57, ""ask"": 4630.74, ""spread_points"": 17, ""balance"": 91.36, ""equity"": 91.36, ""free_margin"": 91.36, ""m1_ohlcv"": [[4639.27, 4641.59, 4639.05, 4641.05, 319], [4641.04, 4646.1, 4641.03, 4642.2, 681], [4642.2, 4642.91, 4635.86, 4636.04, 487], [4636.04, 4637.14, 4635.41, 4636.66, 411], [4636.61, 4637.63, 4635.76, 4636.87, 419], [4636.89, 4638.86, 4636.82, 4638.44, 304], [4638.44, 4639.02, 4637.21, 4638.12, 327], [4638.11, 4638.12, 4634.12, 4636.76, 496], [4636.76, 4637.66, 4635.24, 4637.09, 435], [4637.09, 4637.09, 4634.2, 4635.56, 434], [4635.52, 4637.49, 4634.69, 4635.32, 534], [4635.32, 4636.83, 4635.09, 4636.61, 429], [4636.61, 4636.78, 4634.28, 4634.54, 440], [4634.66, 4638.58, 4634.24, 4636.49, 528], [4636.49, 4637.37, 4635.53, 4635.99, 419], [4636.01, 4636.83, 4632.96, 4633.56, 542], [4633.56, 4633.78, 4629.9, 4632.86, 737], [4632.86, 4633.61, 4629.26, 4630.24, 877], [4630.24, 4633.48, 4630.24, 4631.94, 854], [4631.94, 4634.58, 4630.39, 4630.57, 665]], ""m1_ema9"": 4632.605104, ""m1_ema21"": 4634.513659, ""m1_ema50"": 4635.030232, ""m1_rsi14"": 38.19, ""m1_atr14"": 3.004286, ""m1_adx14"": 25.67, ""m1_plusdi"": 9.46, ""m1_minusdi"": 17.49, ""m5_ema20"": 4634.295795, ""m5_ema50"": 4628.702658, ""m5_rsi14"": 46.14, ""m5_atr14"": 7.051429, ""m5_adx14"": 20.98, ""m5_plusdi"": 16.18, ""m5_minusdi"": 22.3, ""hour_gmt"": 13, ""open_ea_trades"": 0, ""trades_today"": 0}}",4630.74,91.36,4630.57,91.36,91.36,13,25.67,3.004286,4635.56,4637.09,4634.2,4637.09,434.0,4635.32,4637.49,4634.69,4635.52,534.0,4636.61,4636.83,4635.09,4635.32,429.0,4634.54,4636.78,4634.28,4636.61,440.0,4636.49,4638.58,4634.24,4634.66,528.0,4635.99,4637.37,4635.53,4636.49,419.0,4633.56,4636.83,4632.96,4636.01,542.0,4632.86,4633.78,4629.9,4633.56,737.0,4630.24,4633.61,4629.26,4632.86,877.0,4631.94,4633.48,4630.24,4630.24,854.0,4641.05,4641.59,4639.05,4639.27,319.0,4630.57,4634.58,4630.39,4631.94,665.0,4642.2,4646.1,4641.03,4641.04,681.0,4636.04,4642.91,4635.86,4642.2,487.0,4636.66,4637.14,4635.41,4636.04,411.0,4636.87,4637.63,4635.76,4636.61,419.0,4638.44,4638.86,4636.82,4636.89,304.0,4638.12,4639.02,4637.21,4638.44,327.0,4636.76,4638.12,4634.12,4638.11,496.0,4637.09,4637.66,4635.24,4636.76,435.0,4634.513659,4635.030232,4632.605104,17.49,9.46,38.19,20.98,7.051429,4634.295795,4628.702658,22.3,16.18,46.14,0,17,0
2026-04-30T13:34:59,XAUUSD,features,"{""type"": ""features"", ""symbol"": ""XAUUSD"", ""time"": ""2026-04-30T13:34:59"", ""features"": {""symbol"": ""XAUUSD"", ""bid"": 4628.81, ""ask"": 4628.89, ""spread_points"": 8, ""balance"": 91.36, ""equity"": 91.36, ""free_margin"": 91.36, ""m1_ohlcv"": [[4641.04, 4646.1, 4641.03, 4642.2, 681], [4642.2, 4642.91, 4635.86, 4636.04, 487], [4636.04, 4637.14, 4635.41, 4636.66, 411], [4636.61, 4637.63, 4635.76, 4636.87, 419], [4636.89, 4638.86, 4636.82, 4638.44, 304], [4638.44, 4639.02, 4637.21, 4638.12, 327], [4638.11, 4638.12, 4634.12, 4636.76, 496], [4636.76, 4637.66, 4635.24, 4637.09, 435], [4637.09, 4637.09, 4634.2, 4635.56, 434], [4635.52, 4637.49, 4634.69, 4635.32, 534], [4635.32, 4636.83, 4635.09, 4636.61, 429], [4636.61, 4636.78, 4634.28, 4634.54, 440], [4634.66, 4638.58, 4634.24, 4636.49, 528], [4636.49, 4637.37, 4635.53, 4635.99, 419], [4636.01, 4636.83, 4632.96, 4633.56, 542], [4633.56, 4633.78, 4629.9, 4632.86, 737], [4632.86, 4633.61, 4629.26, 4630.24, 877], [4630.24, 4633.48, 4630.24, 4631.94, 854], [4631.94, 4634.58, 4630.39, 4630.57, 665], [4630.57, 4632.35, 4628.33, 4628.72, 623]], ""m1_ema9"": 4631.550084, ""m1_ema21"": 4633.842252, ""m1_ema50"": 4634.716597, ""m1_rsi14"": 35.2, ""m1_atr14"": 3.012143, ""m1_adx14"": 29.75, ""m1_plusdi"": 8.2, ""m1_minusdi"": 21.08, ""m5_ema20"": 4633.613928, ""m5_ema50"": 4628.637164, ""m5_rsi14"": 44.31, ""m5_atr14"": 6.677857, ""m5_adx14"": 20.62, ""m5_plusdi"": 14.02, ""m5_minusdi"": 19.85, ""hour_gmt"": 13, ""open_ea_trades"": 0, ""trades_today"": 0}}",4628.89,91.36,4628.81,91.36,91.36,13,29.75,3.012143,4635.32,4637.49,4634.69,4635.52,534.0,4636.61,4636.83,4635.09,4635.32,429.0,4634.54,4636.78,4634.28,4636.61,440.0,4636.49,4638.58,4634.24,4634.66,528.0,4635.99,4637.37,4635.53,4636.49,419.0,4633.56,4636.83,4632.96,4636.01,542.0,4632.86,4633.78,4629.9,4633.56,737.0,4630.24,4633.61,4629.26,4632.86,877.0,4631.94,4633.48,4630.24,4630.24,854.0,4630.57,4634.58,4630.39,4631.94,665.0,4642.2,4646.1,4641.03,4641.04,681.0,4628.72,4632.35,4628.33,4630.57,623.0,4636.04,4642.91,4635.86,4642.2,487.0,4636.66,4637.14,4635.41,4636.04,411.0,4636.87,4637.63,4635.76,4636.61,419.0,4638.44,4638.86,4636.82,4636.89,304.0,4638.12,4639.02,4637.21,4638.44,327.0,4636.76,4638.12,4634.12,4638.11,496.0,4637.09,4637.66,4635.24,4636.76,435.0,4635.56,4637.09,4634.2,4637.09,434.0,4633.842252,4634.716597,4631.550084,21.08,8.2,35.2,20.62,6.677857,4633.613928,4628.637164,19.85,14.02,44.31,0,8,0
2026-04-30T13:36:00,XAUUSD,features,"{""type"": ""features"", ""symbol"": ""XAUUSD"", ""time"": ""2026-04-30T13:36:00"", ""features"": {""symbol"": ""XAUUSD"", ""bid"": 4626.78, ""ask"": 4626.82, ""spread_points"": 4, ""balance"": 91.36, ""equity"": 91.36, ""free_margin"": 91.36, ""m1_ohlcv"": [[4642.2, 4642.91, 4635.86, 4636.04, 487], [4636.04, 4637.14, 4635.41, 4636.66, 411], [4636.61, 4637.63, 4635.76, 4636.87, 419], [4636.89, 4638.86, 4636.82, 4638.44, 304], [4638.44, 4639.02, 4637.21, 4638.12, 327], [4638.11, 4638.12, 4634.12, 4636.76, 496], [4636.76, 4637.66, 4635.24, 4637.09, 435], [4637.09, 4637.09, 4634.2, 4635.56, 434], [4635.52, 4637.49, 4634.69, 4635.32, 534], [4635.32, 4636.83, 4635.09, 4636.61, 429], [4636.61, 4636.78, 4634.28, 4634.54, 440], [4634.66, 4638.58, 4634.24, 4636.49, 528], [4636.49, 4637.37, 4635.53, 4635.99, 419], [4636.01, 4636.83, 4632.96, 4633.56, 542], [4633.56, 4633.78, 4629.9, 4632.86, 737], [4632.86, 4633.61, 4629.26, 4630.24, 877], [4630.24, 4633.48, 4630.24, 4631.94, 854], [4631.94, 4634.58, 4630.39, 4630.57, 665], [4630.57, 4632.35, 4628.33, 4628.72, 623], [4628.81, 4629.72, 4626.19, 4626.83, 649]], ""m1_ema9"": 4630.279267, ""m1_ema21"": 4633.036592, ""m1_ema50"": 4634.330756, ""m1_rsi14"": 31.81, ""m1_atr14"": 3.088571, ""m1_adx14"": 34.67, ""m1_plusdi"": 7.11, ""m1_minusdi"": 25.27, ""m5_ema20"": 4633.420594, ""m5_ema50"": 4628.557556, ""m5_rsi14"": 42.17, ""m5_atr14"": 6.923571, ""m5_adx14"": 22.75, ""m5_plusdi"": 14.02, ""m5_minusdi"": 27.93, ""hour_gmt"": 13, ""open_ea_trades"": 0, ""trades_today"": 0}}",4626.82,91.36,4626.78,91.36,91.36,13,34.67,3.088571,4636.61,4636.83,4635.09,4635.32,429.0,4634.54,4636.78,4634.28,4636.61,440.0,4636.49,4638.58,4634.24,4634.66,528.0,4635.99,4637.37,4635.53,4636.49,419.0,4633.56,4636.83,4632.96,4636.01,542.0,4632.86,4633.78,4629.9,4633.56,737.0,4630.24,4633.61,4629.26,4632.86,877.0,4631.94,4633.48,4630.24,4630.24,854.0,4630.57,4634.58,4630.39,4631.94,665.0,4628.72,4632.35,4628.33,4630.57,623.0,4636.04,4642.91,4635.86,4642.2,487.0,4626.83,4629.72,4626.19,4628.81,649.0,4636.66,4637.14,4635.41,4636.04,411.0,4636.87,4637.63,4635.76,4636.61,419.0,4638.44,4638.86,4636.82,4636.89,304.0,4638.12,4639.02,4637.21,4638.44,327.0,4636.76,4638.12,4634.12,4638.11,496.0,4637.09,4637.66,4635.24,4636.76,435.0,4635.56,4637.09,4634.2,4637.09,434.0,4635.32,4637.49,4634.69,4635.52,534.0,4633.036592,4634.330756,4630.279267,25.27,7.11,31.81,22.75,6.923571,4633.420594,4628.557556,27.93,14.02,42.17,0,4,0
2026-04-30T13:36:59,XAUUSD,features,"{""type"": ""features"", ""symbol"": ""XAUUSD"", ""time"": ""2026-04-30T13:36:59"", ""features"": {""symbol"": ""XAUUSD"", ""bid"": 4627.13, ""ask"": 4627.25, ""spread_points"": 12, ""balance"": 91.36, ""equity"": 91.36, ""free_margin"": 91.36, ""m1_ohlcv"": [[4636.04, 4637.14, 4635.41, 4636.66, 411], [4636.61, 4637.63, 4635.76, 4636.87, 419], [4636.89, 4638.86, 4636.82, 4638.44, 304], [4638.44, 4639.02, 4637.21, 4638.12, 327], [4638.11, 4638.12, 4634.12, 4636.76, 496], [4636.76, 4637.66, 4635.24, 4637.09, 435], [4637.09, 4637.09, 4634.2, 4635.56, 434], [4635.52, 4637.49, 4634.69, 4635.32, 534], [4635.32, 4636.83, 4635.09, 4636.61, 429], [4636.61, 4636.78, 4634.28, 4634.54, 440], [4634.66, 4638.58, 4634.24, 4636.49, 528], [4636.49, 4637.37, 4635.53, 4635.99, 419], [4636.01, 4636.83, 4632.96, 4633.56, 542], [4633.56, 4633.78, 4629.9, 4632.86, 737], [4632.86, 4633.61, 4629.26, 4630.24, 877], [4630.24, 4633.48, 4630.24, 4631.94, 854], [4631.94, 4634.58, 4630.39, 4630.57, 665], [4630.57, 4632.35, 4628.33, 4628.72, 623], [4628.81, 4629.72, 4626.19, 4626.83, 649], [4626.83, 4628.27, 4624.34, 4627.13, 659]], ""m1_ema9"": 4629.705413, ""m1_ema21"": 4632.528555, ""m1_ema50"": 4634.061561, ""m1_rsi14"": 32.88, ""m1_atr14"": 3.159286, ""m1_adx14"": 39.3, ""m1_plusdi"": 6.16, ""m1_minusdi"": 27.34, ""m5_ema20"": 4633.453928, ""m5_ema50"": 4628.571281, ""m5_rsi14"": 42.52, ""m5_atr14"": 7.055714, ""m5_adx14"": 23.12, ""m5_plusdi"": 14.02, ""m5_minusdi"": 29.74, ""hour_gmt"": 13, ""open_ea_trades"": 0, ""trades_today"": 0}}",4627.25,91.36,4627.13,91.36,91.36,13,39.3,3.159286,4634.54,4636.78,4634.28,4636.61,440.0,4636.49,4638.58,4634.24,4634.66,528.0,4635.99,4637.37,4635.53,4636.49,419.0,4633.56,4636.83,4632.96,4636.01,542.0,4632.86,4633.78,4629.9,4633.56,737.0,4630.24,4633.61,4629.26,4632.86,877.0,4631.94,4633.48,4630.24,4630.24,854.0,4630.57,4634.58,4630.39,4631.94,665.0,4628.72,4632.35,4628.33,4630.57,623.0,4626.83,4629.72,4626.19,4628.81,649.0,4636.66,4637.14,4635.41,4636.04,411.0,4627.13,4628.27,4624.34,4626.83,659.0,4636.87,4637.63,4635.76,4636.61,419.0,4638.44,4638.86,4636.82,4636.89,304.0,4638.12,4639.02,4637.21,4638.44,327.0,4636.76,4638.12,4634.12,4638.11,496.0,4637.09,4637.66,4635.24,4636.76,435.0,4635.56,4637.09,4634.2,4637.09,434.0,4635.32,4637.49,4634.69,4635.52,534.0,4636.61,4636.83,4635.09,4635.32,429.0,4632.528555,4634.061561,4629.705413,27.34,6.16,32.88,23.12,7.055714,4633.453928,4628.571281,29.74,14.02,42.52,0,12,0
2026-04-30T13:37:59,XAUUSD,features,"{""type"": ""features"", ""symbol"": ""XAUUSD"", ""time"": ""2026-04-30T13:37:59"", ""features"": {""symbol"": ""XAUUSD"", ""bid"": 4624.52, ""ask"": 4624.69, ""spread_points"": 17, ""balance"": 91.36, ""equity"": 91.36, ""free_margin"": 91.36, ""m1_ohlcv"": [[4636.61, 4637.63, 4635.76, 4636.87, 419], [4636.89, 4638.86, 4636.82, 4638.44, 304], [4638.44, 4639.02, 4637.21, 4638.12, 327], [4638.11, 4638.12, 4634.12, 4636.76, 496], [4636.76, 4637.66, 4635.24, 4637.09, 435], [4637.09, 4637.09, 4634.2, 4635.56, 434], [4635.52, 4637.49, 4634.69, 4635.32, 534], [4635.32, 4636.83, 4635.09, 4636.61, 429], [4636.61, 4636.78, 4634.28, 4634.54, 440], [4634.66, 4638.58, 4634.24, 4636.49, 528], [4636.49, 4637.37, 4635.53, 4635.99, 419], [4636.01, 4636.83, 4632.96, 4633.56, 542], [4633.56, 4633.78, 4629.9, 4632.86, 737], [4632.86, 4633.61, 4629.26, 4630.24, 877], [4630.24, 4633.48, 4630.24, 4631.94, 854], [4631.94, 4634.58, 4630.39, 4630.57, 665], [4630.57, 4632.35, 4628.33, 4628.72, 623], [4628.81, 4629.72, 4626.19, 4626.83, 649], [4626.83, 4628.27, 4624.34, 4627.13, 659], [4627.13, 4627.44, 4623.94, 4624.52, 521]], ""m1_ema9"": 4628.250731, ""m1_ema21"": 4631.584802, ""m1_ema50"": 4633.589043, ""m1_rsi14"": 28.94, ""m1_atr14"": 3.209286, ""m1_adx14"": 42.89, ""m1_plusdi"": 5.34, ""m1_minusdi"": 25.02, ""m5_ema20"": 4633.205356, ""m5_ema50"": 4628.468928, ""m5_rsi14"": 40.05, ""m5_atr14"": 7.084286, ""m5_adx14"": 23.16, ""m5_plusdi"": 14.02, ""m5_minusdi"": 29.97, ""hour_gmt"": 13, ""open_ea_trades"": 0, ""trades_today"": 0}}",4624.69,91.36,4624.52,91.36,91.36,13,42.89,3.209286,4636.49,4638.58,4634.24,4634.66,528.0,4635.99,4637.37,4635.53,4636.49,419.0,4633.56,4636.83,4632.96,4636.01,542.0,4632.86,4633.78,4629.9,4633.56,737.0,4630.24,4633.61,4629.26,4632.86,877.0,4631.94,4633.48,4630.24,4630.24,854.0,4630.57,4634.58,4630.39,4631.94,665.0,4628.72,4632.35,4628.33,4630.57,623.0,4626.83,4629.72,4626.19,4628.81,649.0,4627.13,4628.27,4624.34,4626.83,659.0,4636.87,4637.63,4635.76,4636.61,419.0,4624.52,4627.44,4623.94,4627.13,521.0,4638.44,4638.86,4636.82,4636.89,304.0,4638.12,4639.02,4637.21,4638.44,327.0,4636.76,4638.12,4634.12,4638.11,496.0,4637.09,4637.66,4635.24,4636.76,435.0,4635.56,4637.09,4634.2,4637.09,434.0,4635.32,4637.49,4634.69,4635.52,534.0,4636.61,4636.83,4635.09,4635.32,429.0,4634.54,4636.78,4634.28,4636.61,440.0,4631.584802,4633.589043,4628.250731,25.02,5.34,28.94,23.16,7.084286,4633.205356,4628.468928,29.97,14.02,40.05,0,17,0
2026-04-30T13:38:59,XAUUSD,features,"{""type"": ""features"", ""symbol"": ""XAUUSD"", ""time"": ""2026-04-30T13:38:59"", ""features"": {""symbol"": ""XAUUSD"", ""bid"": 4625.21, ""ask"": 4625.38, ""spread_points"": 17, ""balance"": 91.36, ""equity"": 91.36, ""free_margin"": 91.36, ""m1_ohlcv"": [[4636.89, 4638.86, 4636.82, 4638.44, 304], [4638.44, 4639.02, 4637.21, 4638.12, 327], [4638.11, 4638.12, 4634.12, 4636.76, 496], [4636.76, 4637.66, 4635.24, 4637.09, 435], [4637.09, 4637.09, 4634.2, 4635.56, 434], [4635.52, 4637.49, 4634.69, 4635.32, 534], [4635.32, 4636.83, 4635.09, 4636.61, 429], [4636.61, 4636.78, 4634.28, 4634.54, 440], [4634.66, 4638.58, 4634.24, 4636.49, 528], [4636.49, 4637.37, 4635.53, 4635.99, 419], [4636.01, 4636.83, 4632.96, 4633.56, 542], [4633.56, 4633.78, 4629.9, 4632.86, 737], [4632.86, 4633.61, 4629.26, 4630.24, 877], [4630.24, 4633.48, 4630.24, 4631.94, 854], [4631.94, 4634.58, 4630.39, 4630.57, 665], [4630.57, 4632.35, 4628.33, 4628.72, 623], [4628.81, 4629.72, 4626.19, 4626.83, 649], [4626.83, 4628.27, 4624.34, 4627.13, 659], [4627.13, 4627.44, 4623.94, 4624.52, 521], [4624.52, 4625.62, 4623.48, 4625.21, 594]], ""m1_ema9"": 4627.752985, ""m1_ema21"": 4631.062299, ""m1_ema50"": 4633.28645, ""m1_rsi14"": 31.28, ""m1_atr14"": 3.237857, ""m1_adx14"": 46.57, ""m1_plusdi"": 4.63, ""m1_minusdi"": 24.17, ""m5_ema20"": 4633.27107, ""m5_ema50"": 4628.495987, ""m5_rsi14"": 40.67, ""m5_atr14"": 7.117143, ""m5_adx14"": 23.21, ""m5_plusdi"": 14.02, ""m5_minusdi"": 30.21, ""hour_gmt"": 13, ""open_ea_trades"": 0, ""trades_today"": 0}}",4625.38,91.36,4625.21,91.36,91.36,13,46.57,3.237857,4635.99,4637.37,4635.53,4636.49,419.0,4633.56,4636.83,4632.96,4636.01,542.0,4632.86,4633.78,4629.9,4633.56,737.0,4630.24,4633.61,4629.26,4632.86,877.0,4631.94,4633.48,4630.24,4630.24,854.0,4630.57,4634.58,4630.39,4631.94,665.0,4628.72,4632.35,4628.33,4630.57,623.0,4626.83,4629.72,4626.19,4628.81,649.0,4627.13,4628.27,4624.34,4626.83,659.0,4624.52,4627.44,4623.94,4627.13,521.0,4638.44,4638.86,4636.82,4636.89,304.0,4625.21,4625.62,4623.48,4624.52,594.0,4638.12,4639.02,4637.21,4638.44,327.0,4636.76,4638.12,4634.12,4638.11,496.0,4637.09,4637.66,4635.24,4636.76,435.0,4635.56,4637.09,4634.2,4637.09,434.0,4635.32,4637.49,4634.69,4635.52,534.0,4636.61,4636.83,4635.09,4635.32,429.0,4634.54,4636.78,4634.28,4636.61,440.0,4636.49,4638.58,4634.24,4634.66,528.0,4631.062299,4633.28645,4627.752985,24.17,4.63,31.28,23.21,7.117143,4633.27107,4628.495987,30.21,14.02,40.67,0,17,0
2026-04-30T13:39:59,XAUUSD,features,"{""type"": ""features"", ""symbol"": ""XAUUSD"", ""time"": ""2026-04-30T13:39:59"", ""features"": {""symbol"": ""XAUUSD"", ""bid"": 4624.11, ""ask"": 4624.28, ""spread_points"": 17, ""balance"": 91.36, ""equity"": 91.36, ""free_margin"": 91.36, ""m1_ohlcv"": [[4638.44, 4639.02, 4637.21, 4638.12, 327], [4638.11, 4638.12, 4634.12, 4636.76, 496], [4636.76, 4637.66, 4635.24, 4637.09, 435], [4637.09, 4637.09, 4634.2, 4635.56, 434], [4635.52, 4637.49, 4634.69, 4635.32, 534], [4635.32, 4636.83, 4635.09, 4636.61, 429], [4636.61, 4636.78, 4634.28, 4634.54, 440], [4634.66, 4638.58, 4634.24, 4636.49, 528], [4636.49, 4637.37, 4635.53, 4635.99, 419], [4636.01, 4636.83, 4632.96, 4633.56, 542], [4633.56, 4633.78, 4629.9, 4632.86, 737], [4632.86, 4633.61, 4629.26, 4630.24, 877], [4630.24, 4633.48, 4630.24, 4631.94, 854], [4631.94, 4634.58, 4630.39, 4630.57, 665], [4630.57, 4632.35, 4628.33, 4628.72, 623], [4628.81, 4629.72, 4626.19, 4626.83, 649], [4626.83, 4628.27, 4624.34, 4627.13, 659], [4627.13, 4627.44, 4623.94, 4624.52, 521], [4624.52, 4625.62, 4623.48, 4625.21, 594], [4625.21, 4626.95, 4624.02, 4624.11, 471]], ""m1_ema9"": 4626.848388, ""m1_ema21"": 4630.339363, ""m1_ema50"": 4632.885144, ""m1_rsi14"": 29.6, ""m1_atr14"": 3.268571, ""m1_adx14"": 42.15, ""m1_plusdi"": 9.25, ""m1_minusdi"": 20.94, ""m5_ema20"": 4632.303803, ""m5_ema50"": 4628.282542, ""m5_rsi14"": 39.68, ""m5_atr14"": 6.311429, ""m5_adx14"": 24.99, ""m5_plusdi"": 12.15, ""m5_minusdi"": 26.18, ""hour_gmt"": 13, ""open_ea_trades"": 0, ""trades_today"": 0}}",4624.28,91.36,4624.11,91.36,91.36,13,42.15,3.268571,4633.56,4636.83,4632.96,4636.01,542.0,4632.86,4633.78,4629.9,4633.56,737.0,4630.24,4633.61,4629.26,4632.86,877.0,4631.94,4633.48,4630.24,4630.24,854.0,4630.57,4634.58,4630.39,4631.94,665.0,4628.72,4632.35,4628.33,4630.57,623.0,4626.83,4629.72,4626.19,4628.81,649.0,4627.13,4628.27,4624.34,4626.83,659.0,4624.52,4627.44,4623.94,4627.13,521.0,4625.21,4625.62,4623.48,4624.52,594.0,4638.12,4639.02,4637.21,4638.44,327.0,4624.11,4626.95,4624.02,4625.21,471.0,4636.76,4638.12,4634.12,4638.11,496.0,4637.09,4637.66,4635.24,4636.76,435.0,4635.56,4637.09,4634.2,4637.09,434.0,4635.32,4637.49,4634.69,4635.52,534.0,4636.61,4636.83,4635.09,4635.32,429.0,4634.54,4636.78,4634.28,4636.61,440.0,4636.49,4638.58,4634.24,4634.66,528.0,4635.99,4637.37,4635.53,4636.49,419.0,4630.339363,4632.885144,4626.848388,20.94,9.25,29.6,24.99,6.311429,4632.303803,4628.282542,26.18,12.15,39.68,0,17,0
2026-04-30T13:40:59,XAUUSD,features,"{""type"": ""features"", ""symbol"": ""XAUUSD"", ""time"": ""2026-04-30T13:40:59"", ""features"": {""symbol"": ""XAUUSD"", ""bid"": 4625.42, ""ask"": 4625.46, ""spread_points"": 4, ""balance"": 91.36, ""equity"": 91.36, ""free_margin"": 91.36, ""m1_ohlcv"": [[4638.11, 4638.12, 4634.12, 4636.76, 496], [4636.76, 4637.66, 4635.24, 4637.09, 435], [4637.09, 4637.09, 4634.2, 4635.56, 434], [4635.52, 4637.49, 4634.69, 4635.32, 534], [4635.32, 4636.83, 4635.09, 4636.61, 429], [4636.61, 4636.78, 4634.28, 4634.54, 440], [4634.66, 4638.58, 4634.24, 4636.49, 528], [4636.49, 4637.37, 4635.53, 4635.99, 419], [4636.01, 4636.83, 4632.96, 4633.56, 542], [4633.56, 4633.78, 4629.9, 4632.86, 737], [4632.86, 4633.61, 4629.26, 4630.24, 877], [4630.24, 4633.48, 4630.24, 4631.94, 854], [4631.94, 4634.58, 4630.39, 4630.57, 665], [4630.57, 4632.35, 4628.33, 4628.72, 623], [4628.81, 4629.72, 4626.19, 4626.83, 649], [4626.83, 4628.27, 4624.34, 4627.13, 659], [4627.13, 4627.44, 4623.94, 4624.52, 521], [4624.52, 4625.62, 4623.48, 4625.21, 594], [4625.21, 4626.95, 4624.02, 4624.11, 471], [4624.11, 4626.61, 4623.11, 4625.42, 578]], ""m1_ema9"": 4626.77231, ""m1_ema21"": 4630.000413, ""m1_ema50"": 4632.641751, ""m1_rsi14"": 34.14, ""m1_atr14"": 3.208571, ""m1_adx14"": 43.26, ""m1_plusdi"": 8.02, ""m1_minusdi"": 21.16, ""m5_ema20"": 4632.428565, ""m5_ema50"": 4628.333915, ""m5_rsi14"": 41.51, ""m5_atr14"": 6.561429, ""m5_adx14"": 25.29, ""m5_plusdi"": 12.15, ""m5_minusdi"": 27.59, ""hour_gmt"": 13, ""open_ea_trades"": 0, ""trades_today"": 0}}",4625.46,91.36,4625.42,91.36,91.36,13,43.26,3.208571,4632.86,4633.78,4629.9,4633.56,737.0,4630.24,4633.61,4629.26,4632.86,877.0,4631.94,4633.48,4630.24,4630.24,854.0,4630.57,4634.58,4630.39,4631.94,665.0,4628.72,4632.35,4628.33,4630.57,623.0,4626.83,4629.72,4626.19,4628.81,649.0,4627.13,4628.27,4624.34,4626.83,659.0,4624.52,4627.44,4623.94,4627.13,521.0,4625.21,4625.62,4623.48,4624.52,594.0,4624.11,4626.95,4624.02,4625.21,471.0,4636.76,4638.12,4634.12,4638.11,496.0,4625.42,4626.61,4623.11,4624.11,578.0,4637.09,4637.66,4635.24,4636.76,435.0,4635.56,4637.09,4634.2,4637.09,434.0,4635.32,4637.49,4634.69,4635.52,534.0,4636.61,4636.83,4635.09,4635.32,429.0,4634.54,4636.78,4634.28,4636.61,440.0,4636.49,4638.58,4634.24,4634.66,528.0,4635.99,4637.37,4635.53,4636.49,419.0,4633.56,4636.83,4632.96,4636.01,542.0,4630.000413,4632.641751,4626.77231,21.16,8.02,34.14,25.29,6.561429,4632.428565,4628.333915,27.59,12.15,41.51,0,4,0
2026-04-30T13:41:59,XAUUSD,features,"{""type"": ""features"", ""symbol"": ""XAUUSD"", ""time"": ""2026-04-30T13:41:59"", ""features"": {""symbol"": ""XAUUSD"", ""bid"": 4622.75, ""ask"": 4622.91, ""spread_points"": 16, ""balance"": 91.36, ""equity"": 91.36, ""free_margin"": 91.36, ""m1_ohlcv"": [[4636.76, 4637.66, 4635.24, 4637.09, 435], [4637.09, 4637.09, 4634.2, 4635.56, 434], [4635.52, 4637.49, 4634.69, 4635.32, 534], [4635.32, 4636.83, 4635.09, 4636.61, 429], [4636.61, 4636.78, 4634.28, 4634.54, 440], [4634.66, 4638.58, 4634.24, 4636.49, 528], [4636.49, 4637.37, 4635.53, 4635.99, 419], [4636.01, 4636.83, 4632.96, 4633.56, 542], [4633.56, 4633.78, 4629.9, 4632.86, 737], [4632.86, 4633.61, 4629.26, 4630.24, 877], [4630.24, 4633.48, 4630.24, 4631.94, 854], [4631.94, 4634.58, 4630.39, 4630.57, 665], [4630.57, 4632.35, 4628.33, 4628.72, 623], [4628.81, 4629.72, 4626.19, 4626.83, 649], [4626.83, 4628.27, 4624.34, 4627.13, 659], [4627.13, 4627.44, 4623.94, 4624.52, 521], [4624.52, 4625.62, 4623.48, 4625.21, 594], [4625.21, 4626.95, 4624.02, 4624.11, 471], [4624.11, 4626.61, 4623.11, 4625.42, 578], [4625.42, 4625.42, 4621.7, 4622.75, 439]], ""m1_ema9"": 4625.540648, ""m1_ema21"": 4629.120623, ""m1_ema50"": 4632.15324, ""m1_rsi14"": 29.91, ""m1_atr14"": 3.342857, ""m1_adx14"": 45.52, ""m1_plusdi"": 6.95, ""m1_minusdi"": 22.71, ""m5_ema20"": 4632.174279, ""m5_ema50"": 4628.229209, ""m5_rsi14"": 38.44, ""m5_atr14"": 6.662143, ""m5_adx14"": 25.94, ""m5_plusdi"": 12.15, ""m5_minusdi"": 31.02, ""hour_gmt"": 13, ""open_ea_trades"": 0, ""trades_today"": 0}}",4622.91,91.36,4622.75,91.36,91.36,13,45.52,3.342857,4630.24,4633.61,4629.26,4632.86,877.0,4631.94,4633.48,4630.24,4630.24,854.0,4630.57,4634.58,4630.39,4631.94,665.0,4628.72,4632.35,4628.33,4630.57,623.0,4626.83,4629.72,4626.19,4628.81,649.0,4627.13,4628.27,4624.34,4626.83,659.0,4624.52,4627.44,4623.94,4627.13,521.0,4625.21,4625.62,4623.48,4624.52,594.0,4624.11,4626.95,4624.02,4625.21,471.0,4625.42,4626.61,4623.11,4624.11,578.0,4637.09,4637.66,4635.24,4636.76,435.0,4622.75,4625.42,4621.7,4625.42,439.0,4635.56,4637.09,4634.2,4637.09,434.0,4635.32,4637.49,4634.69,4635.52,534.0,4636.61,4636.83,4635.09,4635.32,429.0,4634.54,4636.78,4634.28,4636.61,440.0,4636.49,4638.58,4634.24,4634.66,528.0,4635.99,4637.37,4635.53,4636.49,419.0,4633.56,4636.83,4632.96,4636.01,542.0,4632.86,4633.78,4629.9,4633.56,737.0,4629.120623,4632.15324,4625.540648,22.71,6.95,29.91,25.94,6.662143,4632.174279,4628.229209,31.02,12.15,38.44,0,16,0
2026-04-30T13:42:59,XAUUSD,features,"{""type"": ""features"", ""symbol"": ""XAUUSD"", ""time"": ""2026-04-30T13:42:59"", ""features"": {""symbol"": ""XAUUSD"", ""bid"": 4622.14, ""ask"": 4622.31, ""spread_points"": 17, ""balance"": 91.36, ""equity"": 91.36, ""free_margin"": 91.36, ""m1_ohlcv"": [[4637.09, 4637.09, 4634.2, 4635.56, 434], [4635.52, 4637.49, 4634.69, 4635.32, 534], [4635.32, 4636.83, 4635.09, 4636.61, 429], [4636.61, 4636.78, 4634.28, 4634.54, 440], [4634.66, 4638.58, 4634.24, 4636.49, 528], [4636.49, 4637.37, 4635.53, 4635.99, 419], [4636.01, 4636.83, 4632.96, 4633.56, 542], [4633.56, 4633.78, 4629.9, 4632.86, 737], [4632.86, 4633.61, 4629.26, 4630.24, 877], [4630.24, 4633.48, 4630.24, 4631.94, 854], [4631.94, 4634.58, 4630.39, 4630.57, 665], [4630.57, 4632.35, 4628.33, 4628.72, 623], [4628.81, 4629.72, 4626.19, 4626.83, 649], [4626.83, 4628.27, 4624.34, 4627.13, 659], [4627.13, 4627.44, 4623.94, 4624.52, 521], [4624.52, 4625.62, 4623.48, 4625.21, 594], [4625.21, 4626.95, 4624.02, 4624.11, 471], [4624.11, 4626.61, 4623.11, 4625.42, 578], [4625.42, 4625.42, 4621.7, 4622.75, 439], [4622.75, 4622.94, 4620.88, 4622.14, 400]], ""m1_ema9"": 4624.762918, ""m1_ema21"": 4628.435608, ""m1_ema50"": 4631.73758, ""m1_rsi14"": 29.03, ""m1_atr14"": 3.213571, ""m1_adx14"": 48.31, ""m1_plusdi"": 6.02, ""m1_minusdi"": 24.29, ""m5_ema20"": 4632.116184, ""m5_ema50"": 4628.205287, ""m5_rsi14"": 37.91, ""m5_atr14"": 6.720714, ""m5_adx14"": 26.15, ""m5_plusdi"": 12.15, ""m5_minusdi"": 32.23, ""hour_gmt"": 13, ""open_ea_trades"": 0, ""trades_today"": 0}}",4622.31,91.36,4622.14,91.36,91.36,13,48.31,3.213571,4631.94,4633.48,4630.24,4630.24,854.0,4630.57,4634.58,4630.39,4631.94,665.0,4628.72,4632.35,4628.33,4630.57,623.0,4626.83,4629.72,4626.19,4628.81,649.0,4627.13,4628.27,4624.34,4626.83,659.0,4624.52,4627.44,4623.94,4627.13,521.0,4625.21,4625.62,4623.48,4624.52,594.0,4624.11,4626.95,4624.02,4625.21,471.0,4625.42,4626.61,4623.11,4624.11,578.0,4622.75,4625.42,4621.7,4625.42,439.0,4635.56,4637.09,4634.2,4637.09,434.0,4622.14,4622.94,4620.88,4622.75,400.0,4635.32,4637.49,4634.69,4635.52,534.0,4636.61,4636.83,4635.09,4635.32,429.0,4634.54,4636.78,4634.28,4636.61,440.0,4636.49,4638.58,4634.24,4634.66,528.0,4635.99,4637.37,4635.53,4636.49,419.0,4633.56,4636.83,4632.96,4636.01,542.0,4632.86,4633.78,4629.9,4633.56,737.0,4630.24,4633.61,4629.26,4632.86,877.0,4628.435608,4631.73758,4624.762918,24.29,6.02,29.03,26.15,6.720714,4632.116184,4628.205287,32.23,12.15,37.91,0,17,0
2026-04-30T13:43:59,XAUUSD,features,"{""type"": ""features"", ""symbol"": ""XAUUSD"", ""time"": ""2026-04-30T13:43:59"", ""features"": {""symbol"": ""XAUUSD"", ""bid"": 4623.36, ""ask"": 4623.53, ""spread_points"": 17, ""balance"": 91.36, ""equity"": 91.36, ""free_margin"": 91.36, ""m1_ohlcv"": [[4635.52, 4637.49, 4634.69, 4635.32, 534], [4635.32, 4636.83, 4635.09, 4636.61, 429], [4636.61, 4636.78, 4634.28, 4634.54, 440], [4634.66, 4638.58, 4634.24, 4636.49, 528], [4636.49, 4637.37, 4635.53, 4635.99, 419], [4636.01, 4636.83, 4632.96, 4633.56, 542], [4633.56, 4633.78, 4629.9, 4632.86, 737], [4632.86, 4633.61, 4629.26, 4630.24, 877], [4630.24, 4633.48, 4630.24, 4631.94, 854], [4631.94, 4634.58, 4630.39, 4630.57, 665], [4630.57, 4632.35, 4628.33, 4628.72, 623], [4628.81, 4629.72, 4626.19, 4626.83, 649], [4626.83, 4628.27, 4624.34, 4627.13, 659], [4627.13, 4627.44, 4623.94, 4624.52, 521], [4624.52, 4625.62, 4623.48, 4625.21, 594], [4625.21, 4626.95, 4624.02, 4624.11, 471], [4624.11, 4626.61, 4623.11, 4625.42, 578], [4625.42, 4625.42, 4621.7, 4622.75, 439], [4622.75, 4622.94, 4620.88, 4622.14, 400], [4622.14, 4624.97, 4620.15, 4623.39, 596]], ""m1_ema9"": 4624.682335, ""m1_ema21"": 4628.077495, ""m1_ema50"": 4631.456145, ""m1_rsi14"": 33.32, ""m1_atr14"": 3.282857, ""m1_adx14"": 43.66, ""m1_plusdi"": 10.09, ""m1_minusdi"": 21.05, ""m5_ema20"": 4632.232374, ""m5_ema50"": 4628.25313, ""m5_rsi14"": 38.99, ""m5_atr14"": 6.772857, ""m5_adx14"": 26.28, ""m5_plusdi"": 12.15, ""m5_minusdi"": 33.06, ""hour_gmt"": 13, ""open_ea_trades"": 0, ""trades_today"": 0}}",4623.53,91.36,4623.36,91.36,91.36,13,43.66,3.282857,4630.57,4634.58,4630.39,4631.94,665.0,4628.72,4632.35,4628.33,4630.57,623.0,4626.83,4629.72,4626.19,4628.81,649.0,4627.13,4628.27,4624.34,4626.83,659.0,4624.52,4627.44,4623.94,4627.13,521.0,4625.21,4625.62,4623.48,4624.52,594.0,4624.11,4626.95,4624.02,4625.21,471.0,4625.42,4626.61,4623.11,4624.11,578.0,4622.75,4625.42,4621.7,4625.42,439.0,4622.14,4622.94,4620.88,4622.75,400.0,4635.32,4637.49,4634.69,4635.52,534.0,4623.39,4624.97,4620.15,4622.14,596.0,4636.61,4636.83,4635.09,4635.32,429.0,4634.54,4636.78,4634.28,4636.61,440.0,4636.49,4638.58,4634.24,4634.66,528.0,4635.99,4637.37,4635.53,4636.49,419.0,4633.56,4636.83,4632.96,4636.01,542.0,4632.86,4633.78,4629.9,4633.56,737.0,4630.24,4633.61,4629.26,4632.86,877.0,4631.94,4633.48,4630.24,4630.24,854.0,4628.077495,4631.456145,4624.682335,21.05,10.09,33.32,26.28,6.772857,4632.232374,4628.25313,33.06,12.15,38.99,0,17,0
2026-04-30T13:44:59,XAUUSD,features,"{""type"": ""features"", ""symbol"": ""XAUUSD"", ""time"": ""2026-04-30T13:44:59"", ""features"": {""symbol"": ""XAUUSD"", ""bid"": 4625.48, ""ask"": 4625.65, ""spread_points"": 17, ""balance"": 91.36, ""equity"": 91.36, ""free_margin"": 91.36, ""m1_ohlcv"": [[4635.32, 4636.83, 4635.09, 4636.61, 429], [4636.61, 4636.78, 4634.28, 4634.54, 440], [4634.66, 4638.58, 4634.24, 4636.49, 528], [4636.49, 4637.37, 4635.53, 4635.99, 419], [4636.01, 4636.83, 4632.96, 4633.56, 542], [4633.56, 4633.78, 4629.9, 4632.86, 737], [4632.86, 4633.61, 4629.26, 4630.24, 877], [4630.24, 4633.48, 4630.24, 4631.94, 854], [4631.94, 4634.58, 4630.39, 4630.57, 665], [4630.57, 4632.35, 4628.33, 4628.72, 623], [4628.81, 4629.72, 4626.19, 4626.83, 649], [4626.83, 4628.27, 4624.34, 4627.13, 659], [4627.13, 4627.44, 4623.94, 4624.52, 521], [4624.52, 4625.62, 4623.48, 4625.21, 594], [4625.21, 4626.95, 4624.02, 4624.11, 471], [4624.11, 4626.61, 4623.11, 4625.42, 578], [4625.42, 4625.42, 4621.7, 4622.75, 439], [4622.75, 4622.94, 4620.88, 4622.14, 400], [4622.14, 4624.97, 4620.15, 4623.39, 596], [4623.36, 4625.83, 4622.3, 4625.48, 452]], ""m1_ema9"": 4625.181068, ""m1_ema21"": 4628.016565, ""m1_ema50"": 4631.301663, ""m1_rsi14"": 39.99, ""m1_atr14"": 3.222143, ""m1_adx14"": 39.36, ""m1_plusdi"": 11.56, ""m1_minusdi"": 18.24, ""m5_ema20"": 4631.771967, ""m5_ema50"": 4628.224257, ""m5_rsi14"": 41.59, ""m5_atr14"": 6.260714, ""m5_adx14"": 28.94, ""m5_plusdi"": 10.53, ""m5_minusdi"": 28.65, ""hour_gmt"": 13, ""open_ea_trades"": 0, ""trades_today"": 0}}",4625.65,91.36,4625.48,91.36,91.36,13,39.36,3.222143,4628.72,4632.35,4628.33,4630.57,623.0,4626.83,4629.72,4626.19,4628.81,649.0,4627.13,4628.27,4624.34,4626.83,659.0,4624.52,4627.44,4623.94,4627.13,521.0,4625.21,4625.62,4623.48,4624.52,594.0,4624.11,4626.95,4624.02,4625.21,471.0,4625.42,4626.61,4623.11,4624.11,578.0,4622.75,4625.42,4621.7,4625.42,439.0,4622.14,4622.94,4620.88,4622.75,400.0,4623.39,4624.97,4620.15,4622.14,596.0,4636.61,4636.83,4635.09,4635.32,429.0,4625.48,4625.83,4622.3,4623.36,452.0,4634.54,4636.78,4634.28,4636.61,440.0,4636.49,4638.58,4634.24,4634.66,528.0,4635.99,4637.37,4635.53,4636.49,419.0,4633.56,4636.83,4632.96,4636.01,542.0,4632.86,4633.78,4629.9,4633.56,737.0,4630.24,4633.61,4629.26,4632.86,877.0,4631.94,4633.48,4630.24,4630.24,854.0,4630.57,4634.58,4630.39,4631.94,665.0,4628.016565,4631.301663,4625.181068,18.24,11.56,39.99,28.94,6.260714,4631.771967,4628.224257,28.65,10.53,41.59,0,17,0
2026-04-30T13:45:59,XAUUSD,features,"{""type"": ""features"", ""symbol"": ""XAUUSD"", ""time"": ""2026-04-30T13:45:59"", ""features"": {""symbol"": ""XAUUSD"", ""bid"": 4622.97, ""ask"": 4623.14, ""spread_points"": 17, ""balance"": 91.36, ""equity"": 91.36, ""free_margin"": 91.36, ""m1_ohlcv"": [[4636.61, 4636.78, 4634.28, 4634.54, 440], [4634.66, 4638.58, 4634.24, 4636.49, 528], [4636.49, 4637.37, 4635.53, 4635.99, 419], [4636.01, 4636.83, 4632.96, 4633.56, 542], [4633.56, 4633.78, 4629.9, 4632.86, 737], [4632.86, 4633.61, 4629.26, 4630.24, 877], [4630.24, 4633.48, 4630.24, 4631.94, 854], [4631.94, 4634.58, 4630.39, 4630.57, 665], [4630.57, 4632.35, 4628.33, 4628.72, 623], [4628.81, 4629.72, 4626.19, 4626.83, 649], [4626.83, 4628.27, 4624.34, 4627.13, 659], [4627.13, 4627.44, 4623.94, 4624.52, 521], [4624.52, 4625.62, 4623.48, 4625.21, 594], [4625.21, 4626.95, 4624.02, 4624.11, 471], [4624.11, 4626.61, 4623.11, 4625.42, 578], [4625.42, 4625.42, 4621.7, 4622.75, 439], [4622.75, 4622.94, 4620.88, 4622.14, 400], [4622.14, 4624.97, 4620.15, 4623.39, 596], [4623.36, 4625.83, 4622.3, 4625.48, 452], [4625.48, 4625.48, 4621.73, 4622.97, 542]], ""m1_ema9"": 4624.337254, ""m1_ema21"": 4627.350349, ""m1_ema50"": 4630.88036, ""m1_rsi14"": 35.44, ""m1_atr14"": 3.258571, ""m1_adx14"": 38.33, ""m1_plusdi"": 10.02, ""m1_minusdi"": 17.57, ""m5_ema20"": 4631.532919, ""m5_ema50"": 4628.125826, ""m5_rsi14"": 39.15, ""m5_atr14"": 6.528571, ""m5_adx14"": 28.94, ""m5_plusdi"": 10.53, ""m5_minusdi"": 28.65, ""hour_gmt"": 13, ""open_ea_trades"": 0, ""trades_today"": 0}}",4623.14,91.36,4622.97,91.36,91.36,13,38.33,3.258571,4626.83,4629.72,4626.19,4628.81,649.0,4627.13,4628.27,4624.34,4626.83,659.0,4624.52,4627.44,4623.94,4627.13,521.0,4625.21,4625.62,4623.48,4624.52,594.0,4624.11,4626.95,4624.02,4625.21,471.0,4625.42,4626.61,4623.11,4624.11,578.0,4622.75,4625.42,4621.7,4625.42,439.0,4622.14,4622.94,4620.88,4622.75,400.0,4623.39,4624.97,4620.15,4622.14,596.0,4625.48,4625.83,4622.3,4623.36,452.0,4634.54,4636.78,4634.28,4636.61,440.0,4622.97,4625.48,4621.73,4625.48,542.0,4636.49,4638.58,4634.24,4634.66,528.0,4635.99,4637.37,4635.53,4636.49,419.0,4633.56,4636.83,4632.96,4636.01,542.0,4632.86,4633.78,4629.9,4633.56,737.0,4630.24,4633.61,4629.26,4632.86,877.0,4631.94,4633.48,4630.24,4630.24,854.0,4630.57,4634.58,4630.39,4631.94,665.0,4628.72,4632.35,4628.33,4630.57,623.0,4627.350349,4630.88036,4624.337254,17.57,10.02,35.44,28.94,6.528571,4631.532919,4628.125826,28.65,10.53,39.15,0,17,0
2026-04-30T13:46:59,XAUUSD,features,"{""type"": ""features"", ""symbol"": ""XAUUSD"", ""time"": ""2026-04-30T13:46:59"", ""features"": {""symbol"": ""XAUUSD"", ""bid"": 4616.78, ""ask"": 4616.95, ""spread_points"": 17, ""balance"": 91.36, ""equity"": 91.36, ""free_margin"": 91.36, ""m1_ohlcv"": [[4634.66, 4638.58, 4634.24, 4636.49, 528], [4636.49, 4637.37, 4635.53, 4635.99, 419], [4636.01, 4636.83, 4632.96, 4633.56, 542], [4633.56, 4633.78, 4629.9, 4632.86, 737], [4632.86, 4633.61, 4629.26, 4630.24, 877], [4630.24, 4633.48, 4630.24, 4631.94, 854], [4631.94, 4634.58, 4630.39, 4630.57, 665], [4630.57, 4632.35, 4628.33, 4628.72, 623], [4628.81, 4629.72, 4626.19, 4626.83, 649], [4626.83, 4628.27, 4624.34, 4627.13, 659], [4627.13, 4627.44, 4623.94, 4624.52, 521], [4624.52, 4625.62, 4623.48, 4625.21, 594], [4625.21, 4626.95, 4624.02, 4624.11, 471], [4624.11, 4626.61, 4623.11, 4625.42, 578], [4625.42, 4625.42, 4621.7, 4622.75, 439], [4622.75, 4622.94, 4620.88, 4622.14, 400], [4622.14, 4624.97, 4620.15, 4623.39, 596], [4623.36, 4625.83, 4622.3, 4625.48, 452], [4625.48, 4625.48, 4621.73, 4622.97, 542], [4622.97, 4623.31, 4616.35, 4616.78, 566]], ""m1_ema9"": 4621.835403, ""m1_ema21"": 4625.877838, ""m1_ema50"": 4630.094179, ""m1_rsi14"": 27.21, ""m1_atr14"": 3.456429, ""m1_adx14"": 41.78, ""m1_plusdi"": 8.68, ""m1_minusdi"": 24.16, ""m5_ema20"": 4630.943395, ""m5_ema50"": 4627.883081, ""m5_rsi14"": 34.2, ""m5_atr14"": 6.912857, ""m5_adx14"": 29.83, ""m5_plusdi"": 10.53, ""m5_minusdi"": 34.2, ""hour_gmt"": 13, ""open_ea_trades"": 0, ""trades_today"": 0}}",4616.95,91.36,4616.78,91.36,91.36,13,41.78,3.456429,4627.13,4628.27,4624.34,4626.83,659.0,4624.52,4627.44,4623.94,4627.13,521.0,4625.21,4625.62,4623.48,4624.52,594.0,4624.11,4626.95,4624.02,4625.21,471.0,4625.42,4626.61,4623.11,4624.11,578.0,4622.75,4625.42,4621.7,4625.42,439.0,4622.14,4622.94,4620.88,4622.75,400.0,4623.39,4624.97,4620.15,4622.14,596.0,4625.48,4625.83,4622.3,4623.36,452.0,4622.97,4625.48,4621.73,4625.48,542.0,4636.49,4638.58,4634.24,4634.66,528.0,4616.78,4623.31,4616.35,4622.97,566.0,4635.99,4637.37,4635.53,4636.49,419.0,4633.56,4636.83,4632.96,4636.01,542.0,4632.86,4633.78,4629.9,4633.56,737.0,4630.24,4633.61,4629.26,4632.86,877.0,4631.94,4633.48,4630.24,4630.24,854.0,4630.57,4634.58,4630.39,4631.94,665.0,4628.72,4632.35,4628.33,4630.57,623.0,4626.83,4629.72,4626.19,4628.81,649.0,4625.877838,4630.094179,4621.835403,24.16,8.68,27.21,29.83,6.912857,4630.943395,4627.883081,34.2,10.53,34.2,0,17,0
2026-04-30T13:47:59,XAUUSD,features,"{""type"": ""features"", ""symbol"": ""XAUUSD"", ""time"": ""2026-04-30T13:47:59"", ""features"": {""symbol"": ""XAUUSD"", ""bid"": 4617.67, ""ask"": 4617.71, ""spread_points"": 4, ""balance"": 91.36, ""equity"": 91.36, ""free_margin"": 91.36, ""m1_ohlcv"": [[4636.49, 4637.37, 4635.53, 4635.99, 419], [4636.01, 4636.83, 4632.96, 4633.56, 542], [4633.56, 4633.78, 4629.9, 4632.86, 737], [4632.86, 4633.61, 4629.26, 4630.24, 877], [4630.24, 4633.48, 4630.24, 4631.94, 854], [4631.94, 4634.58, 4630.39, 4630.57, 665], [4630.57, 4632.35, 4628.33, 4628.72, 623], [4628.81, 4629.72, 4626.19, 4626.83, 649], [4626.83, 4628.27, 4624.34, 4627.13, 659], [4627.13, 4627.44, 4623.94, 4624.52, 521], [4624.52, 4625.62, 4623.48, 4625.21, 594], [4625.21, 4626.95, 4624.02, 4624.11, 471], [4624.11, 4626.61, 4623.11, 4625.42, 578], [4625.42, 4625.42, 4621.7, 4622.75, 439], [4622.75, 4622.94, 4620.88, 4622.14, 400], [4622.14, 4624.97, 4620.15, 4623.39, 596], [4623.36, 4625.83, 4622.3, 4625.48, 452], [4625.48, 4625.48, 4621.73, 4622.97, 542], [4622.97, 4623.31, 4616.35, 4616.78, 566], [4616.78, 4617.84, 4613.55, 4617.67, 829]], ""m1_ema9"": 4621.144723, ""m1_ema21"": 4625.205224, ""m1_ema50"": 4629.64049, ""m1_rsi14"": 29.74, ""m1_atr14"": 3.475714, ""m1_adx14"": 45.25, ""m1_plusdi"": 7.52, ""m1_minusdi"": 28.48, ""m5_ema20"": 4631.028157, ""m5_ema50"": 4627.917983, ""m5_rsi14"": 34.83, ""m5_atr14"": 7.112857, ""m5_adx14"": 30.08, ""m5_plusdi"": 10.53, ""m5_minusdi"": 36.02, ""hour_gmt"": 13, ""open_ea_trades"": 0, ""trades_today"": 0}}",4617.71,91.36,4617.67,91.36,91.36,13,45.25,3.475714,4624.52,4627.44,4623.94,4627.13,521.0,4625.21,4625.62,4623.48,4624.52,594.0,4624.11,4626.95,4624.02,4625.21,471.0,4625.42,4626.61,4623.11,4624.11,578.0,4622.75,4625.42,4621.7,4625.42,439.0,4622.14,4622.94,4620.88,4622.75,400.0,4623.39,4624.97,4620.15,4622.14,596.0,4625.48,4625.83,4622.3,4623.36,452.0,4622.97,4625.48,4621.73,4625.48,542.0,4616.78,4623.31,4616.35,4622.97,566.0,4635.99,4637.37,4635.53,4636.49,419.0,4617.67,4617.84,4613.55,4616.78,829.0,4633.56,4636.83,4632.96,4636.01,542.0,4632.86,4633.78,4629.9,4633.56,737.0,4630.24,4633.61,4629.26,4632.86,877.0,4631.94,4633.48,4630.24,4630.24,854.0,4630.57,4634.58,4630.39,4631.94,665.0,4628.72,4632.35,4628.33,4630.57,623.0,4626.83,4629.72,4626.19,4628.81,649.0,4627.13,4628.27,4624.34,4626.83,659.0,4625.205224,4629.64049,4621.144723,28.48,7.52,29.74,30.08,7.112857,4631.028157,4627.917983,36.02,10.53,34.83,0,4,0
2026-04-30T13:48:59,XAUUSD,features,"{""type"": ""features"", ""symbol"": ""XAUUSD"", ""time"": ""2026-04-30T13:48:59"", ""features"": {""symbol"": ""XAUUSD"", ""bid"": 4616.59, ""ask"": 4616.78, ""spread_points"": 19, ""balance"": 91.36, ""equity"": 91.36, ""free_margin"": 91.36, ""m1_ohlcv"": [[4636.01, 4636.83, 4632.96, 4633.56, 542], [4633.56, 4633.78, 4629.9, 4632.86, 737], [4632.86, 4633.61, 4629.26, 4630.24, 877], [4630.24, 4633.48, 4630.24, 4631.94, 854], [4631.94, 4634.58, 4630.39, 4630.57, 665], [4630.57, 4632.35, 4628.33, 4628.72, 623], [4628.81, 4629.72, 4626.19, 4626.83, 649], [4626.83, 4628.27, 4624.34, 4627.13, 659], [4627.13, 4627.44, 4623.94, 4624.52, 521], [4624.52, 4625.62, 4623.48, 4625.21, 594], [4625.21, 4626.95, 4624.02, 4624.11, 471], [4624.11, 4626.61, 4623.11, 4625.42, 578], [4625.42, 4625.42, 4621.7, 4622.75, 439], [4622.75, 4622.94, 4620.88, 4622.14, 400], [4622.14, 4624.97, 4620.15, 4623.39, 596], [4623.36, 4625.83, 4622.3, 4625.48, 452], [4625.48, 4625.48, 4621.73, 4622.97, 542], [4622.97, 4623.31, 4616.35, 4616.78, 566], [4616.78, 4617.84, 4613.55, 4617.67, 829], [4617.67, 4619.27, 4615.59, 4616.59, 791]], ""m1_ema9"": 4620.060978, ""m1_ema21"": 4624.332766, ""m1_ema50"": 4629.088014, ""m1_rsi14"": 28.45, ""m1_atr14"": 3.486429, ""m1_adx14"": 42.03, ""m1_plusdi"": 11.01, ""m1_minusdi"": 24.68, ""m5_ema20"": 4630.9253, ""m5_ema50"": 4627.87563, ""m5_rsi14"": 34.07, ""m5_atr14"": 7.112857, ""m5_adx14"": 30.08, ""m5_plusdi"": 10.53, ""m5_minusdi"": 36.02, ""hour_gmt"": 13, ""open_ea_trades"": 0, ""trades_today"": 0}}",4616.78,91.36,4616.59,91.36,91.36,13,42.03,3.486429,4625.21,4625.62,4623.48,4624.52,594.0,4624.11,4626.95,4624.02,4625.21,471.0,4625.42,4626.61,4623.11,4624.11,578.0,4622.75,4625.42,4621.7,4625.42,439.0,4622.14,4622.94,4620.88,4622.75,400.0,4623.39,4624.97,4620.15,4622.14,596.0,4625.48,4625.83,4622.3,4623.36,452.0,4622.97,4625.48,4621.73,4625.48,542.0,4616.78,4623.31,4616.35,4622.97,566.0,4617.67,4617.84,4613.55,4616.78,829.0,4633.56,4636.83,4632.96,4636.01,542.0,4616.59,4619.27,4615.59,4617.67,791.0,4632.86,4633.78,4629.9,4633.56,737.0,4630.24,4633.61,4629.26,4632.86,877.0,4631.94,4633.48,4630.24,4630.24,854.0,4630.57,4634.58,4630.39,4631.94,665.0,4628.72,4632.35,4628.33,4630.57,623.0,4626.83,4629.72,4626.19,4628.81,649.0,4627.13,4628.27,4624.34,4626.83,659.0,4624.52,4627.44,4623.94,4627.13,521.0,4624.332766,4629.088014,4620.060978,24.68,11.01,28.45,30.08,7.112857,4630.9253,4627.87563,36.02,10.53,34.07,0,19,0
2026-04-30T13:49:59,XAUUSD,features,"{""type"": ""features"", ""symbol"": ""XAUUSD"", ""time"": ""2026-04-30T13:49:59"", ""features"": {""symbol"": ""XAUUSD"", ""bid"": 4618.38, ""ask"": 4618.55, ""spread_points"": 17, ""balance"": 91.36, ""equity"": 91.36, ""free_margin"": 91.36, ""m1_ohlcv"": [[4633.56, 4633.78, 4629.9, 4632.86, 737], [4632.86, 4633.61, 4629.26, 4630.24, 877], [4630.24, 4633.48, 4630.24, 4631.94, 854], [4631.94, 4634.58, 4630.39, 4630.57, 665], [4630.57, 4632.35, 4628.33, 4628.72, 623], [4628.81, 4629.72, 4626.19, 4626.83, 649], [4626.83, 4628.27, 4624.34, 4627.13, 659], [4627.13, 4627.44, 4623.94, 4624.52, 521], [4624.52, 4625.62, 4623.48, 4625.21, 594], [4625.21, 4626.95, 4624.02, 4624.11, 471], [4624.11, 4626.61, 4623.11, 4625.42, 578], [4625.42, 4625.42, 4621.7, 4622.75, 439], [4622.75, 4622.94, 4620.88, 4622.14, 400], [4622.14, 4624.97, 4620.15, 4623.39, 596], [4623.36, 4625.83, 4622.3, 4625.48, 452], [4625.48, 4625.48, 4621.73, 4622.97, 542], [4622.97, 4623.31, 4616.35, 4616.78, 566], [4616.78, 4617.84, 4613.55, 4617.67, 829], [4617.67, 4619.27, 4615.59, 4616.59, 791], [4616.59, 4619.49, 4614.08, 4618.38, 671]], ""m1_ema9"": 4620.011183, ""m1_ema21"": 4623.939539, ""m1_ema50"": 4628.735535, ""m1_rsi14"": 33.59, ""m1_atr14"": 3.592143, ""m1_adx14"": 42.98, ""m1_plusdi"": 9.54, ""m1_minusdi"": 24.61, ""m5_ema20"": 4629.88475, ""m5_ema50"": 4627.570695, ""m5_rsi14"": 35.35, ""m5_atr14"": 6.668571, ""m5_adx14"": 33.37, ""m5_plusdi"": 9.13, ""m5_minusdi"": 31.22, ""hour_gmt"": 13, ""open_ea_trades"": 0, ""trades_today"": 0}}",4618.55,91.36,4618.38,91.36,91.36,13,42.98,3.592143,4624.11,4626.95,4624.02,4625.21,471.0,4625.42,4626.61,4623.11,4624.11,578.0,4622.75,4625.42,4621.7,4625.42,439.0,4622.14,4622.94,4620.88,4622.75,400.0,4623.39,4624.97,4620.15,4622.14,596.0,4625.48,4625.83,4622.3,4623.36,452.0,4622.97,4625.48,4621.73,4625.48,542.0,4616.78,4623.31,4616.35,4622.97,566.0,4617.67,4617.84,4613.55,4616.78,829.0,4616.59,4619.27,4615.59,4617.67,791.0,4632.86,4633.78,4629.9,4633.56,737.0,4618.38,4619.49,4614.08,4616.59,671.0,4630.24,4633.61,4629.26,4632.86,877.0,4631.94,4633.48,4630.24,4630.24,854.0,4630.57,4634.58,4630.39,4631.94,665.0,4628.72,4632.35,4628.33,4630.57,623.0,4626.83,4629.72,4626.19,4628.81,649.0,4627.13,4628.27,4624.34,4626.83,659.0,4624.52,4627.44,4623.94,4627.13,521.0,4625.21,4625.62,4623.48,4624.52,594.0,4623.939539,4628.735535,4620.011183,24.61,9.54,33.59,33.37,6.668571,4629.88475,4627.570695,31.22,9.13,35.35,0,17,0
2026-04-30T13:50:59,XAUUSD,features,"{""type"": ""features"", ""symbol"": ""XAUUSD"", ""time"": ""2026-04-30T13:50:59"", ""features"": {""symbol"": ""XAUUSD"", ""bid"": 4615.68, ""ask"": 4615.85, ""spread_points"": 17, ""balance"": 91.36, ""equity"": 91.36, ""free_margin"": 91.36, ""m1_ohlcv"": [[4632.86, 4633.61, 4629.26, 4630.24, 877], [4630.24, 4633.48, 4630.24, 4631.94, 854], [4631.94, 4634.58, 4630.39, 4630.57, 665], [4630.57, 4632.35, 4628.33, 4628.72, 623], [4628.81, 4629.72, 4626.19, 4626.83, 649], [4626.83, 4628.27, 4624.34, 4627.13, 659], [4627.13, 4627.44, 4623.94, 4624.52, 521], [4624.52, 4625.62, 4623.48, 4625.21, 594], [4625.21, 4626.95, 4624.02, 4624.11, 471], [4624.11, 4626.61, 4623.11, 4625.42, 578], [4625.42, 4625.42, 4621.7, 4622.75, 439], [4622.75, 4622.94, 4620.88, 4622.14, 400], [4622.14, 4624.97, 4620.15, 4623.39, 596], [4623.36, 4625.83, 4622.3, 4625.48, 452], [4625.48, 4625.48, 4621.73, 4622.97, 542], [4622.97, 4623.31, 4616.35, 4616.78, 566], [4616.78, 4617.84, 4613.55, 4617.67, 829], [4617.67, 4619.27, 4615.59, 4616.59, 791], [4616.59, 4619.49, 4614.08, 4618.38, 671], [4618.38, 4619.89, 4615.15, 4615.68, 641]], ""m1_ema9"": 4618.712946, ""m1_ema21"": 4622.965532, ""m1_ema50"": 4628.121823, ""m1_rsi14"": 30.08, ""m1_atr14"": 3.680714, ""m1_adx14"": 41.99, ""m1_plusdi"": 9.25, ""m1_minusdi"": 21.33, ""m5_ema20"": 4629.627607, ""m5_ema50"": 4627.464813, ""m5_rsi14"": 33.31, ""m5_atr14"": 7.007143, ""m5_adx14"": 33.37, ""m5_plusdi"": 9.13, ""m5_minusdi"": 31.22, ""hour_gmt"": 13, ""open_ea_trades"": 0, ""trades_today"": 0}}",4615.85,91.36,4615.68,91.36,91.36,13,41.99,3.680714,4625.42,4626.61,4623.11,4624.11,578.0,4622.75,4625.42,4621.7,4625.42,439.0,4622.14,4622.94,4620.88,4622.75,400.0,4623.39,4624.97,4620.15,4622.14,596.0,4625.48,4625.83,4622.3,4623.36,452.0,4622.97,4625.48,4621.73,4625.48,542.0,4616.78,4623.31,4616.35,4622.97,566.0,4617.67,4617.84,4613.55,4616.78,829.0,4616.59,4619.27,4615.59,4617.67,791.0,4618.38,4619.49,4614.08,4616.59,671.0,4630.24,4633.61,4629.26,4632.86,877.0,4615.68,4619.89,4615.15,4618.38,641.0,4631.94,4633.48,4630.24,4630.24,854.0,4630.57,4634.58,4630.39,4631.94,665.0,4628.72,4632.35,4628.33,4630.57,623.0,4626.83,4629.72,4626.19,4628.81,649.0,4627.13,4628.27,4624.34,4626.83,659.0,4624.52,4627.44,4623.94,4627.13,521.0,4625.21,4625.62,4623.48,4624.52,594.0,4624.11,4626.95,4624.02,4625.21,471.0,4622.965532,4628.121823,4618.712946,21.33,9.25,30.08,33.37,7.007143,4629.627607,4627.464813,31.22,9.13,33.31,0,17,0
2026-04-30T13:51:59,XAUUSD,features,"{""type"": ""features"", ""symbol"": ""XAUUSD"", ""time"": ""2026-04-30T13:51:59"", ""features"": {""symbol"": ""XAUUSD"", ""bid"": 4613.3, ""ask"": 4613.47, ""spread_points"": 17, ""balance"": 91.36, ""equity"": 91.36, ""free_margin"": 91.36, ""m1_ohlcv"": [[4630.24, 4633.48, 4630.24, 4631.94, 854], [4631.94, 4634.58, 4630.39, 4630.57, 665], [4630.57, 4632.35, 4628.33, 4628.72, 623], [4628.81, 4629.72, 4626.19, 4626.83, 649], [4626.83, 4628.27, 4624.34, 4627.13, 659], [4627.13, 4627.44, 4623.94, 4624.52, 521], [4624.52, 4625.62, 4623.48, 4625.21, 594], [4625.21, 4626.95, 4624.02, 4624.11, 471], [4624.11, 4626.61, 4623.11, 4625.42, 578], [4625.42, 4625.42, 4621.7, 4622.75, 439], [4622.75, 4622.94, 4620.88, 4622.14, 400], [4622.14, 4624.97, 4620.15, 4623.39, 596], [4623.36, 4625.83, 4622.3, 4625.48, 452], [4625.48, 4625.48, 4621.73, 4622.97, 542], [4622.97, 4623.31, 4616.35, 4616.78, 566], [4616.78, 4617.84, 4613.55, 4617.67, 829], [4617.67, 4619.27, 4615.59, 4616.59, 791], [4616.59, 4619.49, 4614.08, 4618.38, 671], [4618.38, 4619.89, 4615.15, 4615.68, 641], [4615.68, 4617.36, 4613.22, 4613.3, 571]], ""m1_ema9"": 4617.249557, ""m1_ema21"": 4621.890153, ""m1_ema50"": 4627.450902, ""m1_rsi14"": 27.36, ""m1_atr14"": 3.823571, ""m1_adx14"": 44.2, ""m1_plusdi"": 8.01, ""m1_minusdi"": 23.88, ""m5_ema20"": 4629.40094, ""m5_ema50"": 4627.37148, ""m5_rsi14"": 31.69, ""m5_atr14"": 7.145, ""m5_adx14"": 33.46, ""m5_plusdi"": 9.13, ""m5_minusdi"": 31.88, ""hour_gmt"": 13, ""open_ea_trades"": 0, ""trades_today"": 0}}",4613.47,91.36,4613.3,91.36,91.36,13,44.2,3.823571,4622.75,4625.42,4621.7,4625.42,439.0,4622.14,4622.94,4620.88,4622.75,400.0,4623.39,4624.97,4620.15,4622.14,596.0,4625.48,4625.83,4622.3,4623.36,452.0,4622.97,4625.48,4621.73,4625.48,542.0,4616.78,4623.31,4616.35,4622.97,566.0,4617.67,4617.84,4613.55,4616.78,829.0,4616.59,4619.27,4615.59,4617.67,791.0,4618.38,4619.49,4614.08,4616.59,671.0,4615.68,4619.89,4615.15,4618.38,641.0,4631.94,4633.48,4630.24,4630.24,854.0,4613.3,4617.36,4613.22,4615.68,571.0,4630.57,4634.58,4630.39,4631.94,665.0,4628.72,4632.35,4628.33,4630.57,623.0,4626.83,4629.72,4626.19,4628.81,649.0,4627.13,4628.27,4624.34,4626.83,659.0,4624.52,4627.44,4623.94,4627.13,521.0,4625.21,4625.62,4623.48,4624.52,594.0,4624.11,4626.95,4624.02,4625.21,471.0,4625.42,4626.61,4623.11,4624.11,578.0,4621.890153,4627.450902,4617.249557,23.88,8.01,27.36,33.46,7.145,4629.40094,4627.37148,31.88,9.13,31.69,0,17,0
2026-04-30T13:53:00,XAUUSD,features,"{""type"": ""features"", ""symbol"": ""XAUUSD"", ""time"": ""2026-04-30T13:53:00"", ""features"": {""symbol"": ""XAUUSD"", ""bid"": 4612.08, ""ask"": 4612.25, ""spread_points"": 17, ""balance"": 91.36, ""equity"": 91.36, ""free_margin"": 91.36, ""m1_ohlcv"": [[4631.94, 4634.58, 4630.39, 4630.57, 665], [4630.57, 4632.35, 4628.33, 4628.72, 623], [4628.81, 4629.72, 4626.19, 4626.83, 649], [4626.83, 4628.27, 4624.34, 4627.13, 659], [4627.13, 4627.44, 4623.94, 4624.52, 521], [4624.52, 4625.62, 4623.48, 4625.21, 594], [4625.21, 4626.95, 4624.02, 4624.11, 471], [4624.11, 4626.61, 4623.11, 4625.42, 578], [4625.42, 4625.42, 4621.7, 4622.75, 439], [4622.75, 4622.94, 4620.88, 4622.14, 400], [4622.14, 4624.97, 4620.15, 4623.39, 596], [4623.36, 4625.83, 4622.3, 4625.48, 452], [4625.48, 4625.48, 4621.73, 4622.97, 542], [4622.97, 4623.31, 4616.35, 4616.78, 566], [4616.78, 4617.84, 4613.55, 4617.67, 829], [4617.67, 4619.27, 4615.59, 4616.59, 791], [4616.59, 4619.49, 4614.08, 4618.38, 671], [4618.38, 4619.89, 4615.15, 4615.68, 641], [4615.68, 4617.36, 4613.22, 4613.3, 571], [4613.3, 4615.16, 4611.69, 4612.07, 602]], ""m1_ema9"": 4616.018845, ""m1_ema21"": 4620.896668, ""m1_ema50"": 4626.801778, ""m1_rsi14"": 26.08, ""m1_atr14"": 3.862857, ""m1_adx14"": 46.89, ""m1_plusdi"": 6.94, ""m1_minusdi"": 25.79, ""m5_ema20"": 4629.28475, ""m5_ema50"": 4627.323637, ""m5_rsi14"": 30.93, ""m5_atr14"": 7.254286, ""m5_adx14"": 33.79, ""m5_plusdi"": 9.13, ""m5_minusdi"": 34.25, ""hour_gmt"": 13, ""open_ea_trades"": 0, ""trades_today"": 0}}",4612.25,91.36,4612.08,91.36,91.36,13,46.89,3.862857,4622.14,4622.94,4620.88,4622.75,400.0,4623.39,4624.97,4620.15,4622.14,596.0,4625.48,4625.83,4622.3,4623.36,452.0,4622.97,4625.48,4621.73,4625.48,542.0,4616.78,4623.31,4616.35,4622.97,566.0,4617.67,4617.84,4613.55,4616.78,829.0,4616.59,4619.27,4615.59,4617.67,791.0,4618.38,4619.49,4614.08,4616.59,671.0,4615.68,4619.89,4615.15,4618.38,641.0,4613.3,4617.36,4613.22,4615.68,571.0,4630.57,4634.58,4630.39,4631.94,665.0,4612.07,4615.16,4611.69,4613.3,602.0,4628.72,4632.35,4628.33,4630.57,623.0,4626.83,4629.72,4626.19,4628.81,649.0,4627.13,4628.27,4624.34,4626.83,659.0,4624.52,4627.44,4623.94,4627.13,521.0,4625.21,4625.62,4623.48,4624.52,594.0,4624.11,4626.95,4624.02,4625.21,471.0,4625.42,4626.61,4623.11,4624.11,578.0,4622.75,4625.42,4621.7,4625.42,439.0,4620.896668,4626.801778,4616.018845,25.79,6.94,26.08,33.79,7.254286,4629.28475,4627.323637,34.25,9.13,30.93,0,17,0
2026-04-30T13:53:59,XAUUSD,features,"{""type"": ""features"", ""symbol"": ""XAUUSD"", ""time"": ""2026-04-30T13:53:59"", ""features"": {""symbol"": ""XAUUSD"", ""bid"": 4612.32, ""ask"": 4612.67, ""spread_points"": 35, ""balance"": 91.36, ""equity"": 91.36, ""free_margin"": 91.36, ""m1_ohlcv"": [[4630.57, 4632.35, 4628.33, 4628.72, 623], [4628.81, 4629.72, 4626.19, 4626.83, 649], [4626.83, 4628.27, 4624.34, 4627.13, 659], [4627.13, 4627.44, 4623.94, 4624.52, 521], [4624.52, 4625.62, 4623.48, 4625.21, 594], [4625.21, 4626.95, 4624.02, 4624.11, 471], [4624.11, 4626.61, 4623.11, 4625.42, 578], [4625.42, 4625.42, 4621.7, 4622.75, 439], [4622.75, 4622.94, 4620.88, 4622.14, 400], [4622.14, 4624.97, 4620.15, 4623.39, 596], [4623.36, 4625.83, 4622.3, 4625.48, 452], [4625.48, 4625.48, 4621.73, 4622.97, 542], [4622.97, 4623.31, 4616.35, 4616.78, 566], [4616.78, 4617.84, 4613.55, 4617.67, 829], [4617.67, 4619.27, 4615.59, 4616.59, 791], [4616.59, 4619.49, 4614.08, 4618.38, 671], [4618.38, 4619.89, 4615.15, 4615.68, 641], [4615.68, 4617.36, 4613.22, 4613.3, 571], [4613.3, 4615.16, 4611.69, 4612.07, 602], [4612.08, 4614.41, 4612.08, 4612.34, 612]], ""m1_ema9"": 4615.320676, ""m1_ema21"": 4620.138458, ""m1_ema50"": 4626.243661, ""m1_rsi14"": 26.86, ""m1_atr14"": 3.780714, ""m1_adx14"": 48.31, ""m1_plusdi"": 6.02, ""m1_minusdi"": 22.35, ""m5_ema20"": 4629.307607, ""m5_ema50"": 4627.333048, ""m5_rsi14"": 31.07, ""m5_atr14"": 7.254286, ""m5_adx14"": 33.79, ""m5_plusdi"": 9.13, ""m5_minusdi"": 34.25, ""hour_gmt"": 13, ""open_ea_trades"": 0, ""trades_today"": 0}}",4612.67,91.36,4612.32,91.36,91.36,13,48.31,3.780714,4623.39,4624.97,4620.15,4622.14,596.0,4625.48,4625.83,4622.3,4623.36,452.0,4622.97,4625.48,4621.73,4625.48,542.0,4616.78,4623.31,4616.35,4622.97,566.0,4617.67,4617.84,4613.55,4616.78,829.0,4616.59,4619.27,4615.59,4617.67,791.0,4618.38,4619.49,4614.08,4616.59,671.0,4615.68,4619.89,4615.15,4618.38,641.0,4613.3,4617.36,4613.22,4615.68,571.0,4612.07,4615.16,4611.69,4613.3,602.0,4628.72,4632.35,4628.33,4630.57,623.0,4612.34,4614.41,4612.08,4612.08,612.0,4626.83,4629.72,4626.19,4628.81,649.0,4627.13,4628.27,4624.34,4626.83,659.0,4624.52,4627.44,4623.94,4627.13,521.0,4625.21,4625.62,4623.48,4624.52,594.0,4624.11,4626.95,4624.02,4625.21,471.0,4625.42,4626.61,4623.11,4624.11,578.0,4622.75,4625.42,4621.7,4625.42,439.0,4622.14,4622.94,4620.88,4622.75,400.0,4620.138458,4626.243661,4615.320676,22.35,6.02,26.86,33.79,7.254286,4629.307607,4627.333048,34.25,9.13,31.07,0,35,0
2026-04-30T13:54:59,XAUUSD,features,"{""type"": ""features"", ""symbol"": ""XAUUSD"", ""time"": ""2026-04-30T13:54:59"", ""features"": {""symbol"": ""XAUUSD"", ""bid"": 4613.88, ""ask"": 4614.05, ""spread_points"": 17, ""balance"": 91.36, ""equity"": 91.36, ""free_margin"": 91.36, ""m1_ohlcv"": [[4628.81, 4629.72, 4626.19, 4626.83, 649], [4626.83, 4628.27, 4624.34, 4627.13, 659], [4627.13, 4627.44, 4623.94, 4624.52, 521], [4624.52, 4625.62, 4623.48, 4625.21, 594], [4625.21, 4626.95, 4624.02, 4624.11, 471], [4624.11, 4626.61, 4623.11, 4625.42, 578], [4625.42, 4625.42, 4621.7, 4622.75, 439], [4622.75, 4622.94, 4620.88, 4622.14, 400], [4622.14, 4624.97, 4620.15, 4623.39, 596], [4623.36, 4625.83, 4622.3, 4625.48, 452], [4625.48, 4625.48, 4621.73, 4622.97, 542], [4622.97, 4623.31, 4616.35, 4616.78, 566], [4616.78, 4617.84, 4613.55, 4617.67, 829], [4617.67, 4619.27, 4615.59, 4616.59, 791], [4616.59, 4619.49, 4614.08, 4618.38, 671], [4618.38, 4619.89, 4615.15, 4615.68, 641], [4615.68, 4617.36, 4613.22, 4613.3, 571], [4613.3, 4615.16, 4611.69, 4612.07, 602], [4612.08, 4614.41, 4612.08, 4612.34, 612], [4612.32, 4614.02, 4611.59, 4613.88, 607]], ""m1_ema9"": 4615.282141, ""m1_ema21"": 4619.698433, ""m1_ema50"": 4625.817589, ""m1_rsi14"": 31.58, ""m1_atr14"": 3.687143, ""m1_adx14"": 50.46, ""m1_plusdi"": 5.22, ""m1_minusdi"": 21.7, ""m5_ema20"": 4627.972733, ""m5_ema50"": 4626.864255, ""m5_rsi14"": 32.07, ""m5_atr14"": 6.763571, ""m5_adx14"": 37.03, ""m5_plusdi"": 7.91, ""m5_minusdi"": 29.79, ""hour_gmt"": 13, ""open_ea_trades"": 0, ""trades_today"": 0}}",4614.05,91.36,4613.88,91.36,91.36,13,50.46,3.687143,4625.48,4625.83,4622.3,4623.36,452.0,4622.97,4625.48,4621.73,4625.48,542.0,4616.78,4623.31,4616.35,4622.97,566.0,4617.67,4617.84,4613.55,4616.78,829.0,4616.59,4619.27,4615.59,4617.67,791.0,4618.38,4619.49,4614.08,4616.59,671.0,4615.68,4619.89,4615.15,4618.38,641.0,4613.3,4617.36,4613.22,4615.68,571.0,4612.07,4615.16,4611.69,4613.3,602.0,4612.34,4614.41,4612.08,4612.08,612.0,4626.83,4629.72,4626.19,4628.81,649.0,4613.88,4614.02,4611.59,4612.32,607.0,4627.13,4628.27,4624.34,4626.83,659.0,4624.52,4627.44,4623.94,4627.13,521.0,4625.21,4625.62,4623.48,4624.52,594.0,4624.11,4626.95,4624.02,4625.21,471.0,4625.42,4626.61,4623.11,4624.11,578.0,4622.75,4625.42,4621.7,4625.42,439.0,4622.14,4622.94,4620.88,4622.75,400.0,4623.39,4624.97,4620.15,4622.14,596.0,4619.698433,4625.817589,4615.282141,21.7,5.22,31.58,37.03,6.763571,4627.972733,4626.864255,29.79,7.91,32.07,0,17,0
2026-04-30T13:55:59,XAUUSD,features,"{""type"": ""features"", ""symbol"": ""XAUUSD"", ""time"": ""2026-04-30T13:55:59"", ""features"": {""symbol"": ""XAUUSD"", ""bid"": 4612.02, ""ask"": 4612.17, ""spread_points"": 15, ""balance"": 91.36, ""equity"": 91.36, ""free_margin"": 91.36, ""m1_ohlcv"": [[4626.83, 4628.27, 4624.34, 4627.13, 659], [4627.13, 4627.44, 4623.94, 4624.52, 521], [4624.52, 4625.62, 4623.48, 4625.21, 594], [4625.21, 4626.95, 4624.02, 4624.11, 471], [4624.11, 4626.61, 4623.11, 4625.42, 578], [4625.42, 4625.42, 4621.7, 4622.75, 439], [4622.75, 4622.94, 4620.88, 4622.14, 400], [4622.14, 4624.97, 4620.15, 4623.39, 596], [4623.36, 4625.83, 4622.3, 4625.48, 452], [4625.48, 4625.48, 4621.73, 4622.97, 542], [4622.97, 4623.31, 4616.35, 4616.78, 566], [4616.78, 4617.84, 4613.55, 4617.67, 829], [4617.67, 4619.27, 4615.59, 4616.59, 791], [4616.59, 4619.49, 4614.08, 4618.38, 671], [4618.38, 4619.89, 4615.15, 4615.68, 641], [4615.68, 4617.36, 4613.22, 4613.3, 571], [4613.3, 4615.16, 4611.69, 4612.07, 602], [4612.08, 4614.41, 4612.08, 4612.34, 612], [4612.32, 4614.02, 4611.59, 4613.88, 607], [4613.88, 4614.44, 4611.65, 4612.02, 521]], ""m1_ema9"": 4614.332113, ""m1_ema21"": 4618.846675, ""m1_ema50"": 4625.206426, ""m1_rsi14"": 29.14, ""m1_atr14"": 3.739286, ""m1_adx14"": 49.11, ""m1_plusdi"": 6.26, ""m1_minusdi"": 18.81, ""m5_ema20"": 4627.79559, ""m5_ema50"": 4626.791314, ""m5_rsi14"": 30.8, ""m5_atr14"": 6.962857, ""m5_adx14"": 37.03, ""m5_plusdi"": 7.91, ""m5_minusdi"": 29.79, ""hour_gmt"": 13, ""open_ea_trades"": 0, ""trades_today"": 0}}",4612.17,91.36,4612.02,91.36,91.36,13,49.11,3.739286,4622.97,4625.48,4621.73,4625.48,542.0,4616.78,4623.31,4616.35,4622.97,566.0,4617.67,4617.84,4613.55,4616.78,829.0,4616.59,4619.27,4615.59,4617.67,791.0,4618.38,4619.49,4614.08,4616.59,671.0,4615.68,4619.89,4615.15,4618.38,641.0,4613.3,4617.36,4613.22,4615.68,571.0,4612.07,4615.16,4611.69,4613.3,602.0,4612.34,4614.41,4612.08,4612.08,612.0,4613.88,4614.02,4611.59,4612.32,607.0,4627.13,4628.27,4624.34,4626.83,659.0,4612.02,4614.44,4611.65,4613.88,521.0,4624.52,4627.44,4623.94,4627.13,521.0,4625.21,4625.62,4623.48,4624.52,594.0,4624.11,4626.95,4624.02,4625.21,471.0,4625.42,4626.61,4623.11,4624.11,578.0,4622.75,4625.42,4621.7,4625.42,439.0,4622.14,4622.94,4620.88,4622.75,400.0,4623.39,4624.97,4620.15,4622.14,596.0,4625.48,4625.83,4622.3,4623.36,452.0,4618.846675,4625.206426,4614.332113,18.81,6.26,29.14,37.03,6.962857,4627.79559,4626.791314,29.79,7.91,30.8,0,15,0
2026-04-30T13:56:59,XAUUSD,features,"{""type"": ""features"", ""symbol"": ""XAUUSD"", ""time"": ""2026-04-30T13:56:59"", ""features"": {""symbol"": ""XAUUSD"", ""bid"": 4612.47, ""ask"": 4612.59, ""spread_points"": 12, ""balance"": 91.36, ""equity"": 91.36, ""free_margin"": 91.36, ""m1_ohlcv"": [[4627.13, 4627.44, 4623.94, 4624.52, 521], [4624.52, 4625.62, 4623.48, 4625.21, 594], [4625.21, 4626.95, 4624.02, 4624.11, 471], [4624.11, 4626.61, 4623.11, 4625.42, 578], [4625.42, 4625.42, 4621.7, 4622.75, 439], [4622.75, 4622.94, 4620.88, 4622.14, 400], [4622.14, 4624.97, 4620.15, 4623.39, 596], [4623.36, 4625.83, 4622.3, 4625.48, 452], [4625.48, 4625.48, 4621.73, 4622.97, 542], [4622.97, 4623.31, 4616.35, 4616.78, 566], [4616.78, 4617.84, 4613.55, 4617.67, 829], [4617.67, 4619.27, 4615.59, 4616.59, 791], [4616.59, 4619.49, 4614.08, 4618.38, 671], [4618.38, 4619.89, 4615.15, 4615.68, 641], [4615.68, 4617.36, 4613.22, 4613.3, 571], [4613.3, 4615.16, 4611.69, 4612.07, 602], [4612.08, 4614.41, 4612.08, 4612.34, 612], [4612.32, 4614.02, 4611.59, 4613.88, 607], [4613.88, 4614.44, 4611.65, 4612.02, 521], [4612.02, 4613.26, 4611.26, 4612.47, 440]], ""m1_ema9"": 4614.03169, ""m1_ema21"": 4618.304167, ""m1_ema50"": 4624.723914, ""m1_rsi14"": 30.54, ""m1_atr14"": 3.537857, ""m1_adx14"": 50.41, ""m1_plusdi"": 5.43, ""m1_minusdi"": 18.55, ""m5_ema20"": 4627.838447, ""m5_ema50"": 4626.808961, ""m5_rsi14"": 31.1, ""m5_atr14"": 6.990714, ""m5_adx14"": 37.23, ""m5_plusdi"": 7.91, ""m5_minusdi"": 31.17, ""hour_gmt"": 13, ""open_ea_trades"": 0, ""trades_today"": 0}}",4612.59,91.36,4612.47,91.36,91.36,13,50.41,3.537857,4616.78,4623.31,4616.35,4622.97,566.0,4617.67,4617.84,4613.55,4616.78,829.0,4616.59,4619.27,4615.59,4617.67,791.0,4618.38,4619.49,4614.08,4616.59,671.0,4615.68,4619.89,4615.15,4618.38,641.0,4613.3,4617.36,4613.22,4615.68,571.0,4612.07,4615.16,4611.69,4613.3,602.0,4612.34,4614.41,4612.08,4612.08,612.0,4613.88,4614.02,4611.59,4612.32,607.0,4612.02,4614.44,4611.65,4613.88,521.0,4624.52,4627.44,4623.94,4627.13,521.0,4612.47,4613.26,4611.26,4612.02,440.0,4625.21,4625.62,4623.48,4624.52,594.0,4624.11,4626.95,4624.02,4625.21,471.0,4625.42,4626.61,4623.11,4624.11,578.0,4622.75,4625.42,4621.7,4625.42,439.0,4622.14,4622.94,4620.88,4622.75,400.0,4623.39,4624.97,4620.15,4622.14,596.0,4625.48,4625.83,4622.3,4623.36,452.0,4622.97,4625.48,4621.73,4625.48,542.0,4618.304167,4624.723914,4614.03169,18.55,5.43,30.54,37.23,6.990714,4627.838447,4626.808961,31.17,7.91,31.1,0,12,0
2026-04-30T13:57:59,XAUUSD,features,"{""type"": ""features"", ""symbol"": ""XAUUSD"", ""time"": ""2026-04-30T13:57:59"", ""features"": {""symbol"": ""XAUUSD"", ""bid"": 4611.61, ""ask"": 4611.73, ""spread_points"": 12, ""balance"": 91.36, ""equity"": 91.36, ""free_margin"": 91.36, ""m1_ohlcv"": [[4624.52, 4625.62, 4623.48, 4625.21, 594], [4625.21, 4626.95, 4624.02, 4624.11, 471], [4624.11, 4626.61, 4623.11, 4625.42, 578], [4625.42, 4625.42, 4621.7, 4622.75, 439], [4622.75, 4622.94, 4620.88, 4622.14, 400], [4622.14, 4624.97, 4620.15, 4623.39, 596], [4623.36, 4625.83, 4622.3, 4625.48, 452], [4625.48, 4625.48, 4621.73, 4622.97, 542], [4622.97, 4623.31, 4616.35, 4616.78, 566], [4616.78, 4617.84, 4613.55, 4617.67, 829], [4617.67, 4619.27, 4615.59, 4616.59, 791], [4616.59, 4619.49, 4614.08, 4618.38, 671], [4618.38, 4619.89, 4615.15, 4615.68, 641], [4615.68, 4617.36, 4613.22, 4613.3, 571], [4613.3, 4615.16, 4611.69, 4612.07, 602], [4612.08, 4614.41, 4612.08, 4612.34, 612], [4612.32, 4614.02, 4611.59, 4613.88, 607], [4613.88, 4614.44, 4611.65, 4612.02, 521], [4612.02, 4613.26, 4611.26, 4612.47, 440], [4612.47, 4613.06, 4610.76, 4611.43, 589]], ""m1_ema9"": 4613.380952, ""m1_ema21"": 4617.609656, ""m1_ema50"": 4624.170458, ""m1_rsi14"": 29.72, ""m1_atr14"": 3.462857, ""m1_adx14"": 52.2, ""m1_plusdi"": 4.7, ""m1_minusdi"": 18.59, ""m5_ema20"": 4627.756543, ""m5_ema50"": 4626.775236, ""m5_rsi14"": 30.53, ""m5_atr14"": 7.026429, ""m5_adx14"": 37.45, ""m5_plusdi"": 7.91, ""m5_minusdi"": 32.79, ""hour_gmt"": 13, ""open_ea_trades"": 0, ""trades_today"": 0}}",4611.73,91.36,4611.61,91.36,91.36,13,52.2,3.462857,4617.67,4617.84,4613.55,4616.78,829.0,4616.59,4619.27,4615.59,4617.67,791.0,4618.38,4619.49,4614.08,4616.59,671.0,4615.68,4619.89,4615.15,4618.38,641.0,4613.3,4617.36,4613.22,4615.68,571.0,4612.07,4615.16,4611.69,4613.3,602.0,4612.34,4614.41,4612.08,4612.08,612.0,4613.88,4614.02,4611.59,4612.32,607.0,4612.02,4614.44,4611.65,4613.88,521.0,4612.47,4613.26,4611.26,4612.02,440.0,4625.21,4625.62,4623.48,4624.52,594.0,4611.43,4613.06,4610.76,4612.47,589.0,4624.11,4626.95,4624.02,4625.21,471.0,4625.42,4626.61,4623.11,4624.11,578.0,4622.75,4625.42,4621.7,4625.42,439.0,4622.14,4622.94,4620.88,4622.75,400.0,4623.39,4624.97,4620.15,4622.14,596.0,4625.48,4625.83,4622.3,4623.36,452.0,4622.97,4625.48,4621.73,4625.48,542.0,4616.78,4623.31,4616.35,4622.97,566.0,4617.609656,4624.170458,4613.380952,18.59,4.7,29.72,37.45,7.026429,4627.756543,4626.775236,32.79,7.91,30.53,0,12,0
2026-04-30T13:58:59,XAUUSD,features,"{""type"": ""features"", ""symbol"": ""XAUUSD"", ""time"": ""2026-04-30T13:58:59"", ""features"": {""symbol"": ""XAUUSD"", ""bid"": 4613.02, ""ask"": 4613.19, ""spread_points"": 17, ""balance"": 91.36, ""equity"": 91.36, ""free_margin"": 91.36, ""m1_ohlcv"": [[4625.21, 4626.95, 4624.02, 4624.11, 471], [4624.11, 4626.61, 4623.11, 4625.42, 578], [4625.42, 4625.42, 4621.7, 4622.75, 439], [4622.75, 4622.94, 4620.88, 4622.14, 400], [4622.14, 4624.97, 4620.15, 4623.39, 596], [4623.36, 4625.83, 4622.3, 4625.48, 452], [4625.48, 4625.48, 4621.73, 4622.97, 542], [4622.97, 4623.31, 4616.35, 4616.78, 566], [4616.78, 4617.84, 4613.55, 4617.67, 829], [4617.67, 4619.27, 4615.59, 4616.59, 791], [4616.59, 4619.49, 4614.08, 4618.38, 671], [4618.38, 4619.89, 4615.15, 4615.68, 641], [4615.68, 4617.36, 4613.22, 4613.3, 571], [4613.3, 4615.16, 4611.69, 4612.07, 602], [4612.08, 4614.41, 4612.08, 4612.34, 612], [4612.32, 4614.02, 4611.59, 4613.88, 607], [4613.88, 4614.44, 4611.65, 4612.02, 521], [4612.02, 4613.26, 4611.26, 4612.47, 440], [4612.47, 4613.06, 4610.76, 4611.43, 589], [4611.61, 4613.74, 4610.83, 4613.09, 462]], ""m1_ema9"": 4613.545562, ""m1_ema21"": 4617.314729, ""m1_ema50"": 4623.788948, ""m1_rsi14"": 34.27, ""m1_atr14"": 3.395, ""m1_adx14"": 48.5, ""m1_plusdi"": 6.78, ""m1_minusdi"": 16.11, ""m5_ema20"": 4627.890828, ""m5_ema50"": 4626.83053, ""m5_rsi14"": 31.47, ""m5_atr14"": 7.026429, ""m5_adx14"": 37.45, ""m5_plusdi"": 7.91, ""m5_minusdi"": 32.79, ""hour_gmt"": 13, ""open_ea_trades"": 0, ""trades_today"": 0}}",4613.19,91.36,4613.02,91.36,91.36,13,48.5,3.395,4616.59,4619.27,4615.59,4617.67,791.0,4618.38,4619.49,4614.08,4616.59,671.0,4615.68,4619.89,4615.15,4618.38,641.0,4613.3,4617.36,4613.22,4615.68,571.0,4612.07,4615.16,4611.69,4613.3,602.0,4612.34,4614.41,4612.08,4612.08,612.0,4613.88,4614.02,4611.59,4612.32,607.0,4612.02,4614.44,4611.65,4613.88,521.0,4612.47,4613.26,4611.26,4612.02,440.0,4611.43,4613.06,4610.76,4612.47,589.0,4624.11,4626.95,4624.02,4625.21,471.0,4613.09,4613.74,4610.83,4611.61,462.0,4625.42,4626.61,4623.11,4624.11,578.0,4622.75,4625.42,4621.7,4625.42,439.0,4622.14,4622.94,4620.88,4622.75,400.0,4623.39,4624.97,4620.15,4622.14,596.0,4625.48,4625.83,4622.3,4623.36,452.0,4622.97,4625.48,4621.73,4625.48,542.0,4616.78,4623.31,4616.35,4622.97,566.0,4617.67,4617.84,4613.55,4616.78,829.0,4617.314729,4623.788948,4613.545562,16.11,6.78,34.27,37.45,7.026429,4627.890828,4626.83053,32.79,7.91,31.47,0,17,0
2026-04-30T13:59:59,XAUUSD,features,"{""type"": ""features"", ""symbol"": ""XAUUSD"", ""time"": ""2026-04-30T13:59:59"", ""features"": {""symbol"": ""XAUUSD"", ""bid"": 4610.69, ""ask"": 4610.86, ""spread_points"": 17, ""balance"": 91.36, ""equity"": 91.36, ""free_margin"": 91.36, ""m1_ohlcv"": [[4624.11, 4626.61, 4623.11, 4625.42, 578], [4625.42, 4625.42, 4621.7, 4622.75, 439], [4622.75, 4622.94, 4620.88, 4622.14, 400], [4622.14, 4624.97, 4620.15, 4623.39, 596], [4623.36, 4625.83, 4622.3, 4625.48, 452], [4625.48, 4625.48, 4621.73, 4622.97, 542], [4622.97, 4623.31, 4616.35, 4616.78, 566], [4616.78, 4617.84, 4613.55, 4617.67, 829], [4617.67, 4619.27, 4615.59, 4616.59, 791], [4616.59, 4619.49, 4614.08, 4618.38, 671], [4618.38, 4619.89, 4615.15, 4615.68, 641], [4615.68, 4617.36, 4613.22, 4613.3, 571], [4613.3, 4615.16, 4611.69, 4612.07, 602], [4612.08, 4614.41, 4612.08, 4612.34, 612], [4612.32, 4614.02, 4611.59, 4613.88, 607], [4613.88, 4614.44, 4611.65, 4612.02, 521], [4612.02, 4613.26, 4611.26, 4612.47, 440], [4612.47, 4613.06, 4610.76, 4611.43, 589], [4611.61, 4613.74, 4610.83, 4613.09, 462], [4613.02, 4614.31, 4610.62, 4610.94, 444]], ""m1_ema9"": 4612.641649, ""m1_ema21"": 4616.54058, ""m1_ema50"": 4623.196894, ""m1_rsi14"": 30.79, ""m1_atr14"": 3.174286, ""m1_adx14"": 44.58, ""m1_plusdi"": 7.66, ""m1_minusdi"": 13.96, ""m5_ema20"": 4626.073425, ""m5_ema50"": 4626.119198, ""m5_rsi14"": 29.94, ""m5_atr14"": 6.362143, ""m5_adx14"": 40.69, ""m5_plusdi"": 6.86, ""m5_minusdi"": 28.75, ""hour_gmt"": 13, ""open_ea_trades"": 0, ""trades_today"": 0}}",4610.86,91.36,4610.69,91.36,91.36,13,44.58,3.174286,4618.38,4619.49,4614.08,4616.59,671.0,4615.68,4619.89,4615.15,4618.38,641.0,4613.3,4617.36,4613.22,4615.68,571.0,4612.07,4615.16,4611.69,4613.3,602.0,4612.34,4614.41,4612.08,4612.08,612.0,4613.88,4614.02,4611.59,4612.32,607.0,4612.02,4614.44,4611.65,4613.88,521.0,4612.47,4613.26,4611.26,4612.02,440.0,4611.43,4613.06,4610.76,4612.47,589.0,4613.09,4613.74,4610.83,4611.61,462.0,4625.42,4626.61,4623.11,4624.11,578.0,4610.94,4614.31,4610.62,4613.02,444.0,4622.75,4625.42,4621.7,4625.42,439.0,4622.14,4622.94,4620.88,4622.75,400.0,4623.39,4624.97,4620.15,4622.14,596.0,4625.48,4625.83,4622.3,4623.36,452.0,4622.97,4625.48,4621.73,4625.48,542.0,4616.78,4623.31,4616.35,4622.97,566.0,4617.67,4617.84,4613.55,4616.78,829.0,4616.59,4619.27,4615.59,4617.67,791.0,4616.54058,4623.196894,4612.641649,13.96,7.66,30.79,40.69,6.362143,4626.073425,4626.119198,28.75,6.86,29.94,0,17,0
2026-04-30T14:00:59,XAUUSD,features,"{""type"": ""features"", ""symbol"": ""XAUUSD"", ""time"": ""2026-04-30T14:00:59"", ""features"": {""symbol"": ""XAUUSD"", ""bid"": 4614.5, ""ask"": 4614.67, ""spread_points"": 17, ""balance"": 91.36, ""equity"": 91.36, ""free_margin"": 91.36, ""m1_ohlcv"": [[4625.42, 4625.42, 4621.7, 4622.75, 439], [4622.75, 4622.94, 4620.88, 4622.14, 400], [4622.14, 4624.97, 4620.15, 4623.39, 596], [4623.36, 4625.83, 4622.3, 4625.48, 452], [4625.48, 4625.48, 4621.73, 4622.97, 542], [4622.97, 4623.31, 4616.35, 4616.78, 566], [4616.78, 4617.84, 4613.55, 4617.67, 829], [4617.67, 4619.27, 4615.59, 4616.59, 791], [4616.59, 4619.49, 4614.08, 4618.38, 671], [4618.38, 4619.89, 4615.15, 4615.68, 641], [4615.68, 4617.36, 4613.22, 4613.3, 571], [4613.3, 4615.16, 4611.69, 4612.07, 602], [4612.08, 4614.41, 4612.08, 4612.34, 612], [4612.32, 4614.02, 4611.59, 4613.88, 607], [4613.88, 4614.44, 4611.65, 4612.02, 521], [4612.02, 4613.26, 4611.26, 4612.47, 440], [4612.47, 4613.06, 4610.76, 4611.43, 589], [4611.61, 4613.74, 4610.83, 4613.09, 462], [4613.02, 4614.31, 4610.62, 4610.94, 444], [4610.69, 4614.88, 4609.41, 4614.5, 698]], ""m1_ema9"": 4613.62292, ""m1_ema21"": 4616.669949, ""m1_ema50"": 4622.999392, ""m1_rsi14"": 41.04, ""m1_atr14"": 3.240714, ""m1_adx14"": 44.64, ""m1_plusdi"": 6.64, ""m1_minusdi"": 14.66, ""m5_ema20"": 4626.436282, ""m5_ema50"": 4626.26861, ""m5_rsi14"": 35.28, ""m5_atr14"": 6.735, ""m5_adx14"": 41.09, ""m5_plusdi"": 6.86, ""m5_minusdi"": 31.7, ""hour_gmt"": 14, ""open_ea_trades"": 0, ""trades_today"": 0}}",4614.67,91.36,4614.5,91.36,91.36,14,44.64,3.240714,4615.68,4619.89,4615.15,4618.38,641.0,4613.3,4617.36,4613.22,4615.68,571.0,4612.07,4615.16,4611.69,4613.3,602.0,4612.34,4614.41,4612.08,4612.08,612.0,4613.88,4614.02,4611.59,4612.32,607.0,4612.02,4614.44,4611.65,4613.88,521.0,4612.47,4613.26,4611.26,4612.02,440.0,4611.43,4613.06,4610.76,4612.47,589.0,4613.09,4613.74,4610.83,4611.61,462.0,4610.94,4614.31,4610.62,4613.02,444.0,4622.75,4625.42,4621.7,4625.42,439.0,4614.5,4614.88,4609.41,4610.69,698.0,4622.14,4622.94,4620.88,4622.75,400.0,4623.39,4624.97,4620.15,4622.14,596.0,4625.48,4625.83,4622.3,4623.36,452.0,4622.97,4625.48,4621.73,4625.48,542.0,4616.78,4623.31,4616.35,4622.97,566.0,4617.67,4617.84,4613.55,4616.78,829.0,4616.59,4619.27,4615.59,4617.67,791.0,4618.38,4619.49,4614.08,4616.59,671.0,4616.669949,4622.999392,4613.62292,14.66,6.64,41.04,41.09,6.735,4626.436282,4626.26861,31.7,6.86,35.28,0,17,0
2026-04-30T14:01:59,XAUUSD,features,"{""type"": ""features"", ""symbol"": ""XAUUSD"", ""time"": ""2026-04-30T14:01:59"", ""features"": {""symbol"": ""XAUUSD"", ""bid"": 4617.04, ""ask"": 4617.21, ""spread_points"": 17, ""balance"": 91.36, ""equity"": 91.36, ""free_margin"": 91.36, ""m1_ohlcv"": [[4622.75, 4622.94, 4620.88, 4622.14, 400], [4622.14, 4624.97, 4620.15, 4623.39, 596], [4623.36, 4625.83, 4622.3, 4625.48, 452], [4625.48, 4625.48, 4621.73, 4622.97, 542], [4622.97, 4623.31, 4616.35, 4616.78, 566], [4616.78, 4617.84, 4613.55, 4617.67, 829], [4617.67, 4619.27, 4615.59, 4616.59, 791], [4616.59, 4619.49, 4614.08, 4618.38, 671], [4618.38, 4619.89, 4615.15, 4615.68, 641], [4615.68, 4617.36, 4613.22, 4613.3, 571], [4613.3, 4615.16, 4611.69, 4612.07, 602], [4612.08, 4614.41, 4612.08, 4612.34, 612], [4612.32, 4614.02, 4611.59, 4613.88, 607], [4613.88, 4614.44, 4611.65, 4612.02, 521], [4612.02, 4613.26, 4611.26, 4612.47, 440], [4612.47, 4613.06, 4610.76, 4611.43, 589], [4611.61, 4613.74, 4610.83, 4613.09, 462], [4613.02, 4614.31, 4610.62, 4610.94, 444], [4610.69, 4614.88, 4609.41, 4614.5, 698], [4614.5, 4617.42, 4614.16, 4617.04, 607]], ""m1_ema9"": 4614.712736, ""m1_ema21"": 4616.913507, ""m1_ema50"": 4622.861392, ""m1_rsi14"": 46.89, ""m1_atr14"": 3.210714, ""m1_adx14"": 36.2, ""m1_plusdi"": 14.75, ""m1_minusdi"": 12.7, ""m5_ema20"": 4626.678187, ""m5_ema50"": 4626.368217, ""m5_rsi14"": 38.53, ""m5_atr14"": 6.916429, ""m5_adx14"": 38.06, ""m5_plusdi"": 11.82, ""m5_minusdi"": 28.75, ""hour_gmt"": 14, ""open_ea_trades"": 0, ""trades_today"": 0}}",4617.21,91.36,4617.04,91.36,91.36,14,36.2,3.210714,4613.3,4617.36,4613.22,4615.68,571.0,4612.07,4615.16,4611.69,4613.3,602.0,4612.34,4614.41,4612.08,4612.08,612.0,4613.88,4614.02,4611.59,4612.32,607.0,4612.02,4614.44,4611.65,4613.88,521.0,4612.47,4613.26,4611.26,4612.02,440.0,4611.43,4613.06,4610.76,4612.47,589.0,4613.09,4613.74,4610.83,4611.61,462.0,4610.94,4614.31,4610.62,4613.02,444.0,4614.5,4614.88,4609.41,4610.69,698.0,4622.14,4622.94,4620.88,4622.75,400.0,4617.04,4617.42,4614.16,4614.5,607.0,4623.39,4624.97,4620.15,4622.14,596.0,4625.48,4625.83,4622.3,4623.36,452.0,4622.97,4625.48,4621.73,4625.48,542.0,4616.78,4623.31,4616.35,4622.97,566.0,4617.67,4617.84,4613.55,4616.78,829.0,4616.59,4619.27,4615.59,4617.67,791.0,4618.38,4619.49,4614.08,4616.59,671.0,4615.68,4619.89,4615.15,4618.38,641.0,4616.913507,4622.861392,4614.712736,12.7,14.75,46.89,38.06,6.916429,4626.678187,4626.368217,28.75,11.82,38.53,0,17,0
2026-04-30T14:02:59,XAUUSD,features,"{""type"": ""features"", ""symbol"": ""XAUUSD"", ""time"": ""2026-04-30T14:02:59"", ""features"": {""symbol"": ""XAUUSD"", ""bid"": 4620.61, ""ask"": 4620.75, ""spread_points"": 14, ""balance"": 91.36, ""equity"": 91.36, ""free_margin"": 91.36, ""m1_ohlcv"": [[4622.14, 4624.97, 4620.15, 4623.39, 596], [4623.36, 4625.83, 4622.3, 4625.48, 452], [4625.48, 4625.48, 4621.73, 4622.97, 542], [4622.97, 4623.31, 4616.35, 4616.78, 566], [4616.78, 4617.84, 4613.55, 4617.67, 829], [4617.67, 4619.27, 4615.59, 4616.59, 791], [4616.59, 4619.49, 4614.08, 4618.38, 671], [4618.38, 4619.89, 4615.15, 4615.68, 641], [4615.68, 4617.36, 4613.22, 4613.3, 571], [4613.3, 4615.16, 4611.69, 4612.07, 602], [4612.08, 4614.41, 4612.08, 4612.34, 612], [4612.32, 4614.02, 4611.59, 4613.88, 607], [4613.88, 4614.44, 4611.65, 4612.02, 521], [4612.02, 4613.26, 4611.26, 4612.47, 440], [4612.47, 4613.06, 4610.76, 4611.43, 589], [4611.61, 4613.74, 4610.83, 4613.09, 462], [4613.02, 4614.31, 4610.62, 4610.94, 444], [4610.69, 4614.88, 4609.41, 4614.5, 698], [4614.5, 4617.42, 4614.16, 4617.04, 607], [4617.04, 4622.13, 4616.93, 4620.53, 619]], ""m1_ema9"": 4616.450589, ""m1_ema21"": 4617.537982, ""m1_ema50"": 4622.904597, ""m1_rsi14"": 53.85, ""m1_atr14"": 3.201429, ""m1_adx14"": 39.4, ""m1_plusdi"": 23.25, ""m1_minusdi"": 11.01, ""m5_ema20"": 4627.018187, ""m5_ema50"": 4626.508217, ""m5_rsi14"": 42.58, ""m5_atr14"": 7.252857, ""m5_adx14"": 36.72, ""m5_plusdi"": 14.92, ""m5_minusdi"": 28.75, ""hour_gmt"": 14, ""open_ea_trades"": 0, ""trades_today"": 0}}",4620.75,91.36,4620.61,91.36,91.36,14,39.4,3.201429,4612.07,4615.16,4611.69,4613.3,602.0,4612.34,4614.41,4612.08,4612.08,612.0,4613.88,4614.02,4611.59,4612.32,607.0,4612.02,4614.44,4611.65,4613.88,521.0,4612.47,4613.26,4611.26,4612.02,440.0,4611.43,4613.06,4610.76,4612.47,589.0,4613.09,4613.74,4610.83,4611.61,462.0,4610.94,4614.31,4610.62,4613.02,444.0,4614.5,4614.88,4609.41,4610.69,698.0,4617.04,4617.42,4614.16,4614.5,607.0,4623.39,4624.97,4620.15,4622.14,596.0,4620.53,4622.13,4616.93,4617.04,619.0,4625.48,4625.83,4622.3,4623.36,452.0,4622.97,4625.48,4621.73,4625.48,542.0,4616.78,4623.31,4616.35,4622.97,566.0,4617.67,4617.84,4613.55,4616.78,829.0,4616.59,4619.27,4615.59,4617.67,791.0,4618.38,4619.49,4614.08,4616.59,671.0,4615.68,4619.89,4615.15,4618.38,641.0,4613.3,4617.36,4613.22,4615.68,571.0,4617.537982,4622.904597,4616.450589,11.01,23.25,53.85,36.72,7.252857,4627.018187,4626.508217,28.75,14.92,42.58,0,14,0
2026-04-30T14:03:59,XAUUSD,features,"{""type"": ""features"", ""symbol"": ""XAUUSD"", ""time"": ""2026-04-30T14:03:59"", ""features"": {""symbol"": ""XAUUSD"", ""bid"": 4623.81, ""ask"": 4623.85, ""spread_points"": 4, ""balance"": 91.36, ""equity"": 91.36, ""free_margin"": 91.36, ""m1_ohlcv"": [[4623.36, 4625.83, 4622.3, 4625.48, 452], [4625.48, 4625.48, 4621.73, 4622.97, 542], [4622.97, 4623.31, 4616.35, 4616.78, 566], [4616.78, 4617.84, 4613.55, 4617.67, 829], [4617.67, 4619.27, 4615.59, 4616.59, 791], [4616.59, 4619.49, 4614.08, 4618.38, 671], [4618.38, 4619.89, 4615.15, 4615.68, 641], [4615.68, 4617.36, 4613.22, 4613.3, 571], [4613.3, 4615.16, 4611.69, 4612.07, 602], [4612.08, 4614.41, 4612.08, 4612.34, 612], [4612.32, 4614.02, 4611.59, 4613.88, 607], [4613.88, 4614.44, 4611.65, 4612.02, 521], [4612.02, 4613.26, 4611.26, 4612.47, 440], [4612.47, 4613.06, 4610.76, 4611.43, 589], [4611.61, 4613.74, 4610.83, 4613.09, 462], [4613.02, 4614.31, 4610.62, 4610.94, 444], [4610.69, 4614.88, 4609.41, 4614.5, 698], [4614.5, 4617.42, 4614.16, 4617.04, 607], [4617.04, 4622.13, 4616.93, 4620.53, 619], [4620.61, 4625.01, 4619.85, 4624.04, 595]], ""m1_ema9"": 4618.471271, ""m1_ema21"": 4618.391636, ""m1_ema50"": 4623.069338, ""m1_rsi14"": 58.84, ""m1_atr14"": 3.242143, ""m1_adx14"": 41.77, ""m1_plusdi"": 26.6, ""m1_minusdi"": 9.54, ""m5_ema20"": 4627.322949, ""m5_ema50"": 4626.633708, ""m5_rsi14"": 45.78, ""m5_atr14"": 7.458571, ""m5_adx14"": 36.34, ""m5_plusdi"": 15.89, ""m5_minusdi"": 28.75, ""hour_gmt"": 14, ""open_ea_trades"": 0, ""trades_today"": 0}}",4623.85,91.36,4623.81,91.36,91.36,14,41.77,3.242143,4612.34,4614.41,4612.08,4612.08,612.0,4613.88,4614.02,4611.59,4612.32,607.0,4612.02,4614.44,4611.65,4613.88,521.0,4612.47,4613.26,4611.26,4612.02,440.0,4611.43,4613.06,4610.76,4612.47,589.0,4613.09,4613.74,4610.83,4611.61,462.0,4610.94,4614.31,4610.62,4613.02,444.0,4614.5,4614.88,4609.41,4610.69,698.0,4617.04,4617.42,4614.16,4614.5,607.0,4620.53,4622.13,4616.93,4617.04,619.0,4625.48,4625.83,4622.3,4623.36,452.0,4624.04,4625.01,4619.85,4620.61,595.0,4622.97,4625.48,4621.73,4625.48,542.0,4616.78,4623.31,4616.35,4622.97,566.0,4617.67,4617.84,4613.55,4616.78,829.0,4616.59,4619.27,4615.59,4617.67,791.0,4618.38,4619.49,4614.08,4616.59,671.0,4615.68,4619.89,4615.15,4618.38,641.0,4613.3,4617.36,4613.22,4615.68,571.0,4612.07,4615.16,4611.69,4613.3,602.0,4618.391636,4623.069338,4618.471271,9.54,26.6,58.84,36.34,7.458571,4627.322949,4626.633708,28.75,15.89,45.78,0,4,0
2026-04-30T14:04:59,XAUUSD,features,"{""type"": ""features"", ""symbol"": ""XAUUSD"", ""time"": ""2026-04-30T14:04:59"", ""features"": {""symbol"": ""XAUUSD"", ""bid"": 4620.38, ""ask"": 4620.55, ""spread_points"": 17, ""balance"": 91.36, ""equity"": 91.36, ""free_margin"": 91.36, ""m1_ohlcv"": [[4625.48, 4625.48, 4621.73, 4622.97, 542], [4622.97, 4623.31, 4616.35, 4616.78, 566], [4616.78, 4617.84, 4613.55, 4617.67, 829], [4617.67, 4619.27, 4615.59, 4616.59, 791], [4616.59, 4619.49, 4614.08, 4618.38, 671], [4618.38, 4619.89, 4615.15, 4615.68, 641], [4615.68, 4617.36, 4613.22, 4613.3, 571], [4613.3, 4615.16, 4611.69, 4612.07, 602], [4612.08, 4614.41, 4612.08, 4612.34, 612], [4612.32, 4614.02, 4611.59, 4613.88, 607], [4613.88, 4614.44, 4611.65, 4612.02, 521], [4612.02, 4613.26, 4611.26, 4612.47, 440], [4612.47, 4613.06, 4610.76, 4611.43, 589], [4611.61, 4613.74, 4610.83, 4613.09, 462], [4613.02, 4614.31, 4610.62, 4610.94, 444], [4610.69, 4614.88, 4609.41, 4614.5, 698], [4614.5, 4617.42, 4614.16, 4617.04, 607], [4617.04, 4622.13, 4616.93, 4620.53, 619], [4620.61, 4625.01, 4619.85, 4624.04, 595], [4623.89, 4624.62, 4619.75, 4620.39, 611]], ""m1_ema9"": 4618.305817, ""m1_ema21"": 4618.289752, ""m1_ema50"": 4622.835016, ""m1_rsi14"": 52.2, ""m1_atr14"": 3.278571, ""m1_adx14"": 42.22, ""m1_plusdi"": 23.06, ""m1_minusdi"": 8.51, ""m5_ema20"": 4626.367022, ""m5_ema50"": 4626.259606, ""m5_rsi14"": 42.33, ""m5_atr14"": 6.943571, ""m5_adx14"": 35.33, ""m5_plusdi"": 13.77, ""m5_minusdi"": 24.92, ""hour_gmt"": 14, ""open_ea_trades"": 0, ""trades_today"": 0}}",4620.55,91.36,4620.38,91.36,91.36,14,42.22,3.278571,4613.88,4614.02,4611.59,4612.32,607.0,4612.02,4614.44,4611.65,4613.88,521.0,4612.47,4613.26,4611.26,4612.02,440.0,4611.43,4613.06,4610.76,4612.47,589.0,4613.09,4613.74,4610.83,4611.61,462.0,4610.94,4614.31,4610.62,4613.02,444.0,4614.5,4614.88,4609.41,4610.69,698.0,4617.04,4617.42,4614.16,4614.5,607.0,4620.53,4622.13,4616.93,4617.04,619.0,4624.04,4625.01,4619.85,4620.61,595.0,4622.97,4625.48,4621.73,4625.48,542.0,4620.39,4624.62,4619.75,4623.89,611.0,4616.78,4623.31,4616.35,4622.97,566.0,4617.67,4617.84,4613.55,4616.78,829.0,4616.59,4619.27,4615.59,4617.67,791.0,4618.38,4619.49,4614.08,4616.59,671.0,4615.68,4619.89,4615.15,4618.38,641.0,4613.3,4617.36,4613.22,4615.68,571.0,4612.07,4615.16,4611.69,4613.3,602.0,4612.34,4614.41,4612.08,4612.08,612.0,4618.289752,4622.835016,4618.305817,8.51,23.06,52.2,35.33,6.943571,4626.367022,4626.259606,24.92,13.77,42.33,0,17,0
2026-04-30T14:05:59,XAUUSD,features,"{""type"": ""features"", ""symbol"": ""XAUUSD"", ""time"": ""2026-04-30T14:05:59"", ""features"": {""symbol"": ""XAUUSD"", ""bid"": 4622.17, ""ask"": 4622.34, ""spread_points"": 17, ""balance"": 91.36, ""equity"": 91.36, ""free_margin"": 91.36, ""m1_ohlcv"": [[4622.97, 4623.31, 4616.35, 4616.78, 566], [4616.78, 4617.84, 4613.55, 4617.67, 829], [4617.67, 4619.27, 4615.59, 4616.59, 791], [4616.59, 4619.49, 4614.08, 4618.38, 671], [4618.38, 4619.89, 4615.15, 4615.68, 641], [4615.68, 4617.36, 4613.22, 4613.3, 571], [4613.3, 4615.16, 4611.69, 4612.07, 602], [4612.08, 4614.41, 4612.08, 4612.34, 612], [4612.32, 4614.02, 4611.59, 4613.88, 607], [4613.88, 4614.44, 4611.65, 4612.02, 521], [4612.02, 4613.26, 4611.26, 4612.47, 440], [4612.47, 4613.06, 4610.76, 4611.43, 589], [4611.61, 4613.74, 4610.83, 4613.09, 462], [4613.02, 4614.31, 4610.62, 4610.94, 444], [4610.69, 4614.88, 4609.41, 4614.5, 698], [4614.5, 4617.42, 4614.16, 4617.04, 607], [4617.04, 4622.13, 4616.93, 4620.53, 619], [4620.61, 4625.01, 4619.85, 4624.04, 595], [4623.89, 4624.62, 4619.75, 4620.39, 611], [4620.38, 4623.2, 4620.18, 4622.17, 669]], ""m1_ema9"": 4619.365053, ""m1_ema21"": 4618.790436, ""m1_ema50"": 4622.87638, ""m1_rsi14"": 55.05, ""m1_atr14"": 3.245714, ""m1_adx14"": 42.73, ""m1_plusdi"": 19.98, ""m1_minusdi"": 7.37, ""m5_ema20"": 4626.537498, ""m5_ema50"": 4626.329802, ""m5_rsi14"": 44.32, ""m5_atr14"": 7.158571, ""m5_adx14"": 35.33, ""m5_plusdi"": 13.77, ""m5_minusdi"": 24.92, ""hour_gmt"": 14, ""open_ea_trades"": 0, ""trades_today"": 0}}",4622.34,91.36,4622.17,91.36,91.36,14,42.73,3.245714,4612.02,4614.44,4611.65,4613.88,521.0,4612.47,4613.26,4611.26,4612.02,440.0,4611.43,4613.06,4610.76,4612.47,589.0,4613.09,4613.74,4610.83,4611.61,462.0,4610.94,4614.31,4610.62,4613.02,444.0,4614.5,4614.88,4609.41,4610.69,698.0,4617.04,4617.42,4614.16,4614.5,607.0,4620.53,4622.13,4616.93,4617.04,619.0,4624.04,4625.01,4619.85,4620.61,595.0,4620.39,4624.62,4619.75,4623.89,611.0,4616.78,4623.31,4616.35,4622.97,566.0,4622.17,4623.2,4620.18,4620.38,669.0,4617.67,4617.84,4613.55,4616.78,829.0,4616.59,4619.27,4615.59,4617.67,791.0,4618.38,4619.49,4614.08,4616.59,671.0,4615.68,4619.89,4615.15,4618.38,641.0,4613.3,4617.36,4613.22,4615.68,571.0,4612.07,4615.16,4611.69,4613.3,602.0,4612.34,4614.41,4612.08,4612.08,612.0,4613.88,4614.02,4611.59,4612.32,607.0,4618.790436,4622.87638,4619.365053,7.37,19.98,55.05,35.33,7.158571,4626.537498,4626.329802,24.92,13.77,44.32,0,17,0
2026-04-30T14:06:59,XAUUSD,features,"{""type"": ""features"", ""symbol"": ""XAUUSD"", ""time"": ""2026-04-30T14:06:59"", ""features"": {""symbol"": ""XAUUSD"", ""bid"": 4621.57, ""ask"": 4621.74, ""spread_points"": 17, ""balance"": 91.36, ""equity"": 91.36, ""free_margin"": 91.36, ""m1_ohlcv"": [[4616.78, 4617.84, 4613.55, 4617.67, 829], [4617.67, 4619.27, 4615.59, 4616.59, 791], [4616.59, 4619.49, 4614.08, 4618.38, 671], [4618.38, 4619.89, 4615.15, 4615.68, 641], [4615.68, 4617.36, 4613.22, 4613.3, 571], [4613.3, 4615.16, 4611.69, 4612.07, 602], [4612.08, 4614.41, 4612.08, 4612.34, 612], [4612.32, 4614.02, 4611.59, 4613.88, 607], [4613.88, 4614.44, 4611.65, 4612.02, 521], [4612.02, 4613.26, 4611.26, 4612.47, 440], [4612.47, 4613.06, 4610.76, 4611.43, 589], [4611.61, 4613.74, 4610.83, 4613.09, 462], [4613.02, 4614.31, 4610.62, 4610.94, 444], [4610.69, 4614.88, 4609.41, 4614.5, 698], [4614.5, 4617.42, 4614.16, 4617.04, 607], [4617.04, 4622.13, 4616.93, 4620.53, 619], [4620.61, 4625.01, 4619.85, 4624.04, 595], [4623.89, 4624.62, 4619.75, 4620.39, 611], [4620.38, 4623.2, 4620.18, 4622.17, 669], [4622.17, 4625.68, 4621.3, 4621.57, 773]], ""m1_ema9"": 4619.710043, ""m1_ema21"": 4618.993536, ""m1_ema50"": 4622.802543, ""m1_rsi14"": 53.89, ""m1_atr14"": 3.391429, ""m1_adx14"": 46.08, ""m1_plusdi"": 23.86, ""m1_minusdi"": 6.39, ""m5_ema20"": 4626.480355, ""m5_ema50"": 4626.306273, ""m5_rsi14"": 43.67, ""m5_atr14"": 7.335714, ""m5_adx14"": 34.64, ""m5_plusdi"": 15.4, ""m5_minusdi"": 24.92, ""hour_gmt"": 14, ""open_ea_trades"": 0, ""trades_today"": 0}}",4621.74,91.36,4621.57,91.36,91.36,14,46.08,3.391429,4612.47,4613.26,4611.26,4612.02,440.0,4611.43,4613.06,4610.76,4612.47,589.0,4613.09,4613.74,4610.83,4611.61,462.0,4610.94,4614.31,4610.62,4613.02,444.0,4614.5,4614.88,4609.41,4610.69,698.0,4617.04,4617.42,4614.16,4614.5,607.0,4620.53,4622.13,4616.93,4617.04,619.0,4624.04,4625.01,4619.85,4620.61,595.0,4620.39,4624.62,4619.75,4623.89,611.0,4622.17,4623.2,4620.18,4620.38,669.0,4617.67,4617.84,4613.55,4616.78,829.0,4621.57,4625.68,4621.3,4622.17,773.0,4616.59,4619.27,4615.59,4617.67,791.0,4618.38,4619.49,4614.08,4616.59,671.0,4615.68,4619.89,4615.15,4618.38,641.0,4613.3,4617.36,4613.22,4615.68,571.0,4612.07,4615.16,4611.69,4613.3,602.0,4612.34,4614.41,4612.08,4612.08,612.0,4613.88,4614.02,4611.59,4612.32,607.0,4612.02,4614.44,4611.65,4613.88,521.0,4618.993536,4622.802543,4619.710043,6.39,23.86,53.89,34.64,7.335714,4626.480355,4626.306273,24.92,15.4,43.67,0,17,0
2026-04-30T14:07:59,XAUUSD,features,"{""type"": ""features"", ""symbol"": ""XAUUSD"", ""time"": ""2026-04-30T14:07:59"", ""features"": {""symbol"": ""XAUUSD"", ""bid"": 4623.14, ""ask"": 4623.18, ""spread_points"": 4, ""balance"": 91.36, ""equity"": 91.36, ""free_margin"": 91.36, ""m1_ohlcv"": [[4617.67, 4619.27, 4615.59, 4616.59, 791], [4616.59, 4619.49, 4614.08, 4618.38, 671], [4618.38, 4619.89, 4615.15, 4615.68, 641], [4615.68, 4617.36, 4613.22, 4613.3, 571], [4613.3, 4615.16, 4611.69, 4612.07, 602], [4612.08, 4614.41, 4612.08, 4612.34, 612], [4612.32, 4614.02, 4611.59, 4613.88, 607], [4613.88, 4614.44, 4611.65, 4612.02, 521], [4612.02, 4613.26, 4611.26, 4612.47, 440], [4612.47, 4613.06, 4610.76, 4611.43, 589], [4611.61, 4613.74, 4610.83, 4613.09, 462], [4613.02, 4614.31, 4610.62, 4610.94, 444], [4610.69, 4614.88, 4609.41, 4614.5, 698], [4614.5, 4617.42, 4614.16, 4617.04, 607], [4617.04, 4622.13, 4616.93, 4620.53, 619], [4620.61, 4625.01, 4619.85, 4624.04, 595], [4623.89, 4624.62, 4619.75, 4620.39, 611], [4620.38, 4623.2, 4620.18, 4622.17, 669], [4622.17, 4625.68, 4621.3, 4621.57, 773], [4621.57, 4623.9, 4620.66, 4622.95, 674]], ""m1_ema9"": 4620.616834, ""m1_ema21"": 4619.484537, ""m1_ema50"": 4622.867772, ""m1_rsi14"": 56.5, ""m1_atr14"": 3.462857, ""m1_adx14"": 44.5, ""m1_plusdi"": 20.68, ""m1_minusdi"": 7.82, ""m5_ema20"": 4626.629879, ""m5_ema50"": 4626.367841, ""m5_rsi14"": 45.34, ""m5_atr14"": 7.335714, ""m5_adx14"": 34.64, ""m5_plusdi"": 15.4, ""m5_minusdi"": 24.92, ""hour_gmt"": 14, ""open_ea_trades"": 0, ""trades_today"": 0}}",4623.18,91.36,4623.14,91.36,91.36,14,44.5,3.462857,4611.43,4613.06,4610.76,4612.47,589.0,4613.09,4613.74,4610.83,4611.61,462.0,4610.94,4614.31,4610.62,4613.02,444.0,4614.5,4614.88,4609.41,4610.69,698.0,4617.04,4617.42,4614.16,4614.5,607.0,4620.53,4622.13,4616.93,4617.04,619.0,4624.04,4625.01,4619.85,4620.61,595.0,4620.39,4624.62,4619.75,4623.89,611.0,4622.17,4623.2,4620.18,4620.38,669.0,4621.57,4625.68,4621.3,4622.17,773.0,4616.59,4619.27,4615.59,4617.67,791.0,4622.95,4623.9,4620.66,4621.57,674.0,4618.38,4619.49,4614.08,4616.59,671.0,4615.68,4619.89,4615.15,4618.38,641.0,4613.3,4617.36,4613.22,4615.68,571.0,4612.07,4615.16,4611.69,4613.3,602.0,4612.34,4614.41,4612.08,4612.08,612.0,4613.88,4614.02,4611.59,4612.32,607.0,4612.02,4614.44,4611.65,4613.88,521.0,4612.47,4613.26,4611.26,4612.02,440.0,4619.484537,4622.867772,4620.616834,7.82,20.68,56.5,34.64,7.335714,4626.629879,4626.367841,24.92,15.4,45.34,0,4,0
2026-04-30T14:08:59,XAUUSD,features,"{""type"": ""features"", ""symbol"": ""XAUUSD"", ""time"": ""2026-04-30T14:08:59"", ""features"": {""symbol"": ""XAUUSD"", ""bid"": 4617.79, ""ask"": 4617.96, ""spread_points"": 17, ""balance"": 91.36, ""equity"": 91.36, ""free_margin"": 91.36, ""m1_ohlcv"": [[4616.59, 4619.49, 4614.08, 4618.38, 671], [4618.38, 4619.89, 4615.15, 4615.68, 641], [4615.68, 4617.36, 4613.22, 4613.3, 571], [4613.3, 4615.16, 4611.69, 4612.07, 602], [4612.08, 4614.41, 4612.08, 4612.34, 612], [4612.32, 4614.02, 4611.59, 4613.88, 607], [4613.88, 4614.44, 4611.65, 4612.02, 521], [4612.02, 4613.26, 4611.26, 4612.47, 440], [4612.47, 4613.06, 4610.76, 4611.43, 589], [4611.61, 4613.74, 4610.83, 4613.09, 462], [4613.02, 4614.31, 4610.62, 4610.94, 444], [4610.69, 4614.88, 4609.41, 4614.5, 698], [4614.5, 4617.42, 4614.16, 4617.04, 607], [4617.04, 4622.13, 4616.93, 4620.53, 619], [4620.61, 4625.01, 4619.85, 4624.04, 595], [4623.89, 4624.62, 4619.75, 4620.39, 611], [4620.38, 4623.2, 4620.18, 4622.17, 669], [4622.17, 4625.68, 4621.3, 4621.57, 773], [4621.57, 4623.9, 4620.66, 4622.95, 674], [4623.14, 4623.62, 4617.79, 4617.79, 534]], ""m1_ema9"": 4619.195467, ""m1_ema21"": 4618.88834, ""m1_ema50"": 4622.467067, ""m1_rsi14"": 46.82, ""m1_atr14"": 3.666429, ""m1_adx14"": 37.82, ""m1_plusdi"": 17.92, ""m1_minusdi"": 12.47, ""m5_ema20"": 4626.120355, ""m5_ema50"": 4626.158037, ""m5_rsi14"": 40.25, ""m5_atr14"": 7.506429, ""m5_adx14"": 34.84, ""m5_plusdi"": 14.9, ""m5_minusdi"": 24.92, ""hour_gmt"": 14, ""open_ea_trades"": 0, ""trades_today"": 0}}",4617.96,91.36,4617.79,91.36,91.36,14,37.82,3.666429,4613.09,4613.74,4610.83,4611.61,462.0,4610.94,4614.31,4610.62,4613.02,444.0,4614.5,4614.88,4609.41,4610.69,698.0,4617.04,4617.42,4614.16,4614.5,607.0,4620.53,4622.13,4616.93,4617.04,619.0,4624.04,4625.01,4619.85,4620.61,595.0,4620.39,4624.62,4619.75,4623.89,611.0,4622.17,4623.2,4620.18,4620.38,669.0,4621.57,4625.68,4621.3,4622.17,773.0,4622.95,4623.9,4620.66,4621.57,674.0,4618.38,4619.49,4614.08,4616.59,671.0,4617.79,4623.62,4617.79,4623.14,534.0,4615.68,4619.89,4615.15,4618.38,641.0,4613.3,4617.36,4613.22,4615.68,571.0,4612.07,4615.16,4611.69,4613.3,602.0,4612.34,4614.41,4612.08,4612.08,612.0,4613.88,4614.02,4611.59,4612.32,607.0,4612.02,4614.44,4611.65,4613.88,521.0,4612.47,4613.26,4611.26,4612.02,440.0,4611.43,4613.06,4610.76,4612.47,589.0,4618.88834,4622.467067,4619.195467,12.47,17.92,46.82,34.84,7.506429,4626.120355,4626.158037,24.92,14.9,40.25,0,17,0
2026-04-30T14:09:59,XAUUSD,features,"{""type"": ""features"", ""symbol"": ""XAUUSD"", ""time"": ""2026-04-30T14:09:59"", ""features"": {""symbol"": ""XAUUSD"", ""bid"": 4620.97, ""ask"": 4621.14, ""spread_points"": 17, ""balance"": 91.36, ""equity"": 91.36, ""free_margin"": 91.36, ""m1_ohlcv"": [[4618.38, 4619.89, 4615.15, 4615.68, 641], [4615.68, 4617.36, 4613.22, 4613.3, 571], [4613.3, 4615.16, 4611.69, 4612.07, 602], [4612.08, 4614.41, 4612.08, 4612.34, 612], [4612.32, 4614.02, 4611.59, 4613.88, 607], [4613.88, 4614.44, 4611.65, 4612.02, 521], [4612.02, 4613.26, 4611.26, 4612.47, 440], [4612.47, 4613.06, 4610.76, 4611.43, 589], [4611.61, 4613.74, 4610.83, 4613.09, 462], [4613.02, 4614.31, 4610.62, 4610.94, 444], [4610.69, 4614.88, 4609.41, 4614.5, 698], [4614.5, 4617.42, 4614.16, 4617.04, 607], [4617.04, 4622.13, 4616.93, 4620.53, 619], [4620.61, 4625.01, 4619.85, 4624.04, 595], [4623.89, 4624.62, 4619.75, 4620.39, 611], [4620.38, 4623.2, 4620.18, 4622.17, 669], [4622.17, 4625.68, 4621.3, 4621.57, 773], [4621.57, 4623.9, 4620.66, 4622.95, 674], [4623.14, 4623.62, 4617.79, 4617.79, 534], [4617.79, 4621.25, 4617.23, 4620.93, 572]], ""m1_ema9"": 4620.052774, ""m1_ema21"": 4619.337086, ""m1_ema50"": 4622.526667, ""m1_rsi14"": 52.12, ""m1_atr14"": 3.813571, ""m1_adx14"": 33.48, ""m1_plusdi"": 15.53, ""m1_minusdi"": 12.41, ""m5_ema20"": 4625.900412, ""m5_ema50"": 4626.072893, ""m5_rsi14"": 43.01, ""m5_atr14"": 7.130714, ""m5_adx14"": 33.61, ""m5_plusdi"": 12.85, ""m5_minusdi"": 21.59, ""hour_gmt"": 14, ""open_ea_trades"": 0, ""trades_today"": 0}}",4621.14,91.36,4620.97,91.36,91.36,14,33.48,3.813571,4610.94,4614.31,4610.62,4613.02,444.0,4614.5,4614.88,4609.41,4610.69,698.0,4617.04,4617.42,4614.16,4614.5,607.0,4620.53,4622.13,4616.93,4617.04,619.0,4624.04,4625.01,4619.85,4620.61,595.0,4620.39,4624.62,4619.75,4623.89,611.0,4622.17,4623.2,4620.18,4620.38,669.0,4621.57,4625.68,4621.3,4622.17,773.0,4622.95,4623.9,4620.66,4621.57,674.0,4617.79,4623.62,4617.79,4623.14,534.0,4615.68,4619.89,4615.15,4618.38,641.0,4620.93,4621.25,4617.23,4617.79,572.0,4613.3,4617.36,4613.22,4615.68,571.0,4612.07,4615.16,4611.69,4613.3,602.0,4612.34,4614.41,4612.08,4612.08,612.0,4613.88,4614.02,4611.59,4612.32,607.0,4612.02,4614.44,4611.65,4613.88,521.0,4612.47,4613.26,4611.26,4612.02,440.0,4611.43,4613.06,4610.76,4612.47,589.0,4613.09,4613.74,4610.83,4611.61,462.0,4619.337086,4622.526667,4620.052774,12.41,15.53,52.12,33.61,7.130714,4625.900412,4626.072893,21.59,12.85,43.01,0,17,0
2026-04-30T14:10:59,XAUUSD,features,"{""type"": ""features"", ""symbol"": ""XAUUSD"", ""time"": ""2026-04-30T14:10:59"", ""features"": {""symbol"": ""XAUUSD"", ""bid"": 4617.36, ""ask"": 4617.53, ""spread_points"": 17, ""balance"": 91.36, ""equity"": 91.36, ""free_margin"": 91.36, ""m1_ohlcv"": [[4615.68, 4617.36, 4613.22, 4613.3, 571], [4613.3, 4615.16, 4611.69, 4612.07, 602], [4612.08, 4614.41, 4612.08, 4612.34, 612], [4612.32, 4614.02, 4611.59, 4613.88, 607], [4613.88, 4614.44, 4611.65, 4612.02, 521], [4612.02, 4613.26, 4611.26, 4612.47, 440], [4612.47, 4613.06, 4610.76, 4611.43, 589], [4611.61, 4613.74, 4610.83, 4613.09, 462], [4613.02, 4614.31, 4610.62, 4610.94, 444], [4610.69, 4614.88, 4609.41, 4614.5, 698], [4614.5, 4617.42, 4614.16, 4617.04, 607], [4617.04, 4622.13, 4616.93, 4620.53, 619], [4620.61, 4625.01, 4619.85, 4624.04, 595], [4623.89, 4624.62, 4619.75, 4620.39, 611], [4620.38, 4623.2, 4620.18, 4622.17, 669], [4622.17, 4625.68, 4621.3, 4621.57, 773], [4621.57, 4623.9, 4620.66, 4622.95, 674], [4623.14, 4623.62, 4617.79, 4617.79, 534], [4617.79, 4621.25, 4617.23, 4620.93, 572], [4620.97, 4621.07, 4616.13, 4617.36, 589]], ""m1_ema9"": 4618.936619, ""m1_ema21"": 4618.859003, ""m1_ema50"": 4622.188036, ""m1_rsi14"": 46.46, ""m1_atr14"": 3.999286, ""m1_adx14"": 27.84, ""m1_plusdi"": 13.46, ""m1_minusdi"": 13.33, ""m5_ema20"": 4625.556602, ""m5_ema50"": 4625.931325, ""m5_rsi14"": 39.93, ""m5_atr14"": 7.480714, ""m5_adx14"": 34.4, ""m5_plusdi"": 12.85, ""m5_minusdi"": 24.56, ""hour_gmt"": 14, ""open_ea_trades"": 0, ""trades_today"": 0}}",4617.53,91.36,4617.36,91.36,91.36,14,27.84,3.999286,4614.5,4614.88,4609.41,4610.69,698.0,4617.04,4617.42,4614.16,4614.5,607.0,4620.53,4622.13,4616.93,4617.04,619.0,4624.04,4625.01,4619.85,4620.61,595.0,4620.39,4624.62,4619.75,4623.89,611.0,4622.17,4623.2,4620.18,4620.38,669.0,4621.57,4625.68,4621.3,4622.17,773.0,4622.95,4623.9,4620.66,4621.57,674.0,4617.79,4623.62,4617.79,4623.14,534.0,4620.93,4621.25,4617.23,4617.79,572.0,4613.3,4617.36,4613.22,4615.68,571.0,4617.36,4621.07,4616.13,4620.97,589.0,4612.07,4615.16,4611.69,4613.3,602.0,4612.34,4614.41,4612.08,4612.08,612.0,4613.88,4614.02,4611.59,4612.32,607.0,4612.02,4614.44,4611.65,4613.88,521.0,4612.47,4613.26,4611.26,4612.02,440.0,4611.43,4613.06,4610.76,4612.47,589.0,4613.09,4613.74,4610.83,4611.61,462.0,4610.94,4614.31,4610.62,4613.02,444.0,4618.859003,4622.188036,4618.936619,13.33,13.46,46.46,34.4,7.480714,4625.556602,4625.931325,24.56,12.85,39.93,0,17,0
2026-04-30T14:11:59,XAUUSD,features,"{""type"": ""features"", ""symbol"": ""XAUUSD"", ""time"": ""2026-04-30T14:11:59"", ""features"": {""symbol"": ""XAUUSD"", ""bid"": 4617.53, ""ask"": 4617.7, ""spread_points"": 17, ""balance"": 91.36, ""equity"": 91.36, ""free_margin"": 91.36, ""m1_ohlcv"": [[4613.3, 4615.16, 4611.69, 4612.07, 602], [4612.08, 4614.41, 4612.08, 4612.34, 612], [4612.32, 4614.02, 4611.59, 4613.88, 607], [4613.88, 4614.44, 4611.65, 4612.02, 521], [4612.02, 4613.26, 4611.26, 4612.47, 440], [4612.47, 4613.06, 4610.76, 4611.43, 589], [4611.61, 4613.74, 4610.83, 4613.09, 462], [4613.02, 4614.31, 4610.62, 4610.94, 444], [4610.69, 4614.88, 4609.41, 4614.5, 698], [4614.5, 4617.42, 4614.16, 4617.04, 607], [4617.04, 4622.13, 4616.93, 4620.53, 619], [4620.61, 4625.01, 4619.85, 4624.04, 595], [4623.89, 4624.62, 4619.75, 4620.39, 611], [4620.38, 4623.2, 4620.18, 4622.17, 669], [4622.17, 4625.68, 4621.3, 4621.57, 773], [4621.57, 4623.9, 4620.66, 4622.95, 674], [4623.14, 4623.62, 4617.79, 4617.79, 534], [4617.79, 4621.25, 4617.23, 4620.93, 572], [4620.97, 4621.07, 4616.13, 4617.36, 589], [4617.36, 4618.58, 4616.34, 4617.53, 505]], ""m1_ema9"": 4618.682495, ""m1_ema21"": 4618.752235, ""m1_ema50"": 4622.011773, ""m1_rsi14"": 46.75, ""m1_atr14"": 3.951429, ""m1_adx14"": 24.2, ""m1_plusdi"": 11.67, ""m1_minusdi"": 11.55, ""m5_ema20"": 4625.572793, ""m5_ema50"": 4625.937991, ""m5_rsi14"": 40.06, ""m5_atr14"": 7.480714, ""m5_adx14"": 34.4, ""m5_plusdi"": 12.85, ""m5_minusdi"": 24.56, ""hour_gmt"": 14, ""open_ea_trades"": 0, ""trades_today"": 0}}",4617.7,91.36,4617.53,91.36,91.36,14,24.2,3.951429,4617.04,4617.42,4614.16,4614.5,607.0,4620.53,4622.13,4616.93,4617.04,619.0,4624.04,4625.01,4619.85,4620.61,595.0,4620.39,4624.62,4619.75,4623.89,611.0,4622.17,4623.2,4620.18,4620.38,669.0,4621.57,4625.68,4621.3,4622.17,773.0,4622.95,4623.9,4620.66,4621.57,674.0,4617.79,4623.62,4617.79,4623.14,534.0,4620.93,4621.25,4617.23,4617.79,572.0,4617.36,4621.07,4616.13,4620.97,589.0,4612.07,4615.16,4611.69,4613.3,602.0,4617.53,4618.58,4616.34,4617.36,505.0,4612.34,4614.41,4612.08,4612.08,612.0,4613.88,4614.02,4611.59,4612.32,607.0,4612.02,4614.44,4611.65,4613.88,521.0,4612.47,4613.26,4611.26,4612.02,440.0,4611.43,4613.06,4610.76,4612.47,589.0,4613.09,4613.74,4610.83,4611.61,462.0,4610.94,4614.31,4610.62,4613.02,444.0,4614.5,4614.88,4609.41,4610.69,698.0,4618.752235,4622.011773,4618.682495,11.55,11.67,46.75,34.4,7.480714,4625.572793,4625.937991,24.56,12.85,40.06,0,17,0
2026-04-30T14:13:00,XAUUSD,features,"{""type"": ""features"", ""symbol"": ""XAUUSD"", ""time"": ""2026-04-30T14:13:00"", ""features"": {""symbol"": ""XAUUSD"", ""bid"": 4618.27, ""ask"": 4618.31, ""spread_points"": 4, ""balance"": 91.36, ""equity"": 91.36, ""free_margin"": 91.36, ""m1_ohlcv"": [[4612.08, 4614.41, 4612.08, 4612.34, 612], [4612.32, 4614.02, 4611.59, 4613.88, 607], [4613.88, 4614.44, 4611.65, 4612.02, 521], [4612.02, 4613.26, 4611.26, 4612.47, 440], [4612.47, 4613.06, 4610.76, 4611.43, 589], [4611.61, 4613.74, 4610.83, 4613.09, 462], [4613.02, 4614.31, 4610.62, 4610.94, 444], [4610.69, 4614.88, 4609.41, 4614.5, 698], [4614.5, 4617.42, 4614.16, 4617.04, 607], [4617.04, 4622.13, 4616.93, 4620.53, 619], [4620.61, 4625.01, 4619.85, 4624.04, 595], [4623.89, 4624.62, 4619.75, 4620.39, 611], [4620.38, 4623.2, 4620.18, 4622.17, 669], [4622.17, 4625.68, 4621.3, 4621.57, 773], [4621.57, 4623.9, 4620.66, 4622.95, 674], [4623.14, 4623.62, 4617.79, 4617.79, 534], [4617.79, 4621.25, 4617.23, 4620.93, 572], [4620.97, 4621.07, 4616.13, 4617.36, 589], [4617.36, 4618.58, 4616.34, 4617.53, 505], [4617.53, 4620.61, 4617.25, 4618.07, 578]], ""m1_ema9"": 4618.686396, ""m1_ema21"": 4618.753023, ""m1_ema50"": 4621.885383, ""m1_rsi14"": 48.11, ""m1_atr14"": 3.942143, ""m1_adx14"": 27.41, ""m1_plusdi"": 17.09, ""m1_minusdi"": 10.01, ""m5_ema20"": 4625.643269, ""m5_ema50"": 4625.967011, ""m5_rsi14"": 40.66, ""m5_atr14"": 7.480714, ""m5_adx14"": 34.4, ""m5_plusdi"": 12.85, ""m5_minusdi"": 24.56, ""hour_gmt"": 14, ""open_ea_trades"": 0, ""trades_today"": 0}}",4618.31,91.36,4618.27,91.36,91.36,14,27.41,3.942143,4620.53,4622.13,4616.93,4617.04,619.0,4624.04,4625.01,4619.85,4620.61,595.0,4620.39,4624.62,4619.75,4623.89,611.0,4622.17,4623.2,4620.18,4620.38,669.0,4621.57,4625.68,4621.3,4622.17,773.0,4622.95,4623.9,4620.66,4621.57,674.0,4617.79,4623.62,4617.79,4623.14,534.0,4620.93,4621.25,4617.23,4617.79,572.0,4617.36,4621.07,4616.13,4620.97,589.0,4617.53,4618.58,4616.34,4617.36,505.0,4612.34,4614.41,4612.08,4612.08,612.0,4618.07,4620.61,4617.25,4617.53,578.0,4613.88,4614.02,4611.59,4612.32,607.0,4612.02,4614.44,4611.65,4613.88,521.0,4612.47,4613.26,4611.26,4612.02,440.0,4611.43,4613.06,4610.76,4612.47,589.0,4613.09,4613.74,4610.83,4611.61,462.0,4610.94,4614.31,4610.62,4613.02,444.0,4614.5,4614.88,4609.41,4610.69,698.0,4617.04,4617.42,4614.16,4614.5,607.0,4618.753023,4621.885383,4618.686396,10.01,17.09,48.11,34.4,7.480714,4625.643269,4625.967011,24.56,12.85,40.66,0,4,0
2026-04-30T14:13:59,XAUUSD,features,"{""type"": ""features"", ""symbol"": ""XAUUSD"", ""time"": ""2026-04-30T14:13:59"", ""features"": {""symbol"": ""XAUUSD"", ""bid"": 4619.83, ""ask"": 4619.89, ""spread_points"": 6, ""balance"": 91.36, ""equity"": 91.36, ""free_margin"": 91.36, ""m1_ohlcv"": [[4612.32, 4614.02, 4611.59, 4613.88, 607], [4613.88, 4614.44, 4611.65, 4612.02, 521], [4612.02, 4613.26, 4611.26, 4612.47, 440], [4612.47, 4613.06, 4610.76, 4611.43, 589], [4611.61, 4613.74, 4610.83, 4613.09, 462], [4613.02, 4614.31, 4610.62, 4610.94, 444], [4610.69, 4614.88, 4609.41, 4614.5, 698], [4614.5, 4617.42, 4614.16, 4617.04, 607], [4617.04, 4622.13, 4616.93, 4620.53, 619], [4620.61, 4625.01, 4619.85, 4624.04, 595], [4623.89, 4624.62, 4619.75, 4620.39, 611], [4620.38, 4623.2, 4620.18, 4622.17, 669], [4622.17, 4625.68, 4621.3, 4621.57, 773], [4621.57, 4623.9, 4620.66, 4622.95, 674], [4623.14, 4623.62, 4617.79, 4617.79, 534], [4617.79, 4621.25, 4617.23, 4620.93, 572], [4620.97, 4621.07, 4616.13, 4617.36, 589], [4617.36, 4618.58, 4616.34, 4617.53, 505], [4617.53, 4620.61, 4617.25, 4618.07, 578], [4618.27, 4622.53, 4617.45, 4619.66, 624]], ""m1_ema9"": 4619.137517, ""m1_ema21"": 4618.965806, ""m1_ema50"": 4621.857152, ""m1_rsi14"": 50.93, ""m1_atr14"": 3.912143, ""m1_adx14"": 30.12, ""m1_plusdi"": 19.18, ""m1_minusdi"": 8.68, ""m5_ema20"": 4625.791841, ""m5_ema50"": 4626.028187, ""m5_rsi14"": 41.98, ""m5_atr14"": 7.585, ""m5_adx14"": 34.23, ""m5_plusdi"": 12.85, ""m5_minusdi"": 23.89, ""hour_gmt"": 14, ""open_ea_trades"": 0, ""trades_today"": 0}}",4619.89,91.36,4619.83,91.36,91.36,14,30.12,3.912143,4624.04,4625.01,4619.85,4620.61,595.0,4620.39,4624.62,4619.75,4623.89,611.0,4622.17,4623.2,4620.18,4620.38,669.0,4621.57,4625.68,4621.3,4622.17,773.0,4622.95,4623.9,4620.66,4621.57,674.0,4617.79,4623.62,4617.79,4623.14,534.0,4620.93,4621.25,4617.23,4617.79,572.0,4617.36,4621.07,4616.13,4620.97,589.0,4617.53,4618.58,4616.34,4617.36,505.0,4618.07,4620.61,4617.25,4617.53,578.0,4613.88,4614.02,4611.59,4612.32,607.0,4619.66,4622.53,4617.45,4618.27,624.0,4612.02,4614.44,4611.65,4613.88,521.0,4612.47,4613.26,4611.26,4612.02,440.0,4611.43,4613.06,4610.76,4612.47,589.0,4613.09,4613.74,4610.83,4611.61,462.0,4610.94,4614.31,4610.62,4613.02,444.0,4614.5,4614.88,4609.41,4610.69,698.0,4617.04,4617.42,4614.16,4614.5,607.0,4620.53,4622.13,4616.93,4617.04,619.0,4618.965806,4621.857152,4619.137517,8.68,19.18,50.93,34.23,7.585,4625.791841,4626.028187,23.89,12.85,41.98,0,6,0
2026-04-30T14:14:59,XAUUSD,features,"{""type"": ""features"", ""symbol"": ""XAUUSD"", ""time"": ""2026-04-30T14:14:59"", ""features"": {""symbol"": ""XAUUSD"", ""bid"": 4620.42, ""ask"": 4620.59, ""spread_points"": 17, ""balance"": 91.36, ""equity"": 91.36, ""free_margin"": 91.36, ""m1_ohlcv"": [[4613.88, 4614.44, 4611.65, 4612.02, 521], [4612.02, 4613.26, 4611.26, 4612.47, 440], [4612.47, 4613.06, 4610.76, 4611.43, 589], [4611.61, 4613.74, 4610.83, 4613.09, 462], [4613.02, 4614.31, 4610.62, 4610.94, 444], [4610.69, 4614.88, 4609.41, 4614.5, 698], [4614.5, 4617.42, 4614.16, 4617.04, 607], [4617.04, 4622.13, 4616.93, 4620.53, 619], [4620.61, 4625.01, 4619.85, 4624.04, 595], [4623.89, 4624.62, 4619.75, 4620.39, 611], [4620.38, 4623.2, 4620.18, 4622.17, 669], [4622.17, 4625.68, 4621.3, 4621.57, 773], [4621.57, 4623.9, 4620.66, 4622.95, 674], [4623.14, 4623.62, 4617.79, 4617.79, 534], [4617.79, 4621.25, 4617.23, 4620.93, 572], [4620.97, 4621.07, 4616.13, 4617.36, 589], [4617.36, 4618.58, 4616.34, 4617.53, 505], [4617.53, 4620.61, 4617.25, 4618.07, 578], [4618.27, 4622.53, 4617.45, 4619.66, 624], [4619.83, 4621.52, 4619.35, 4620.45, 456]], ""m1_ema9"": 4619.493214, ""m1_ema21"": 4619.149245, ""m1_ema50"": 4621.824153, ""m1_rsi14"": 51.97, ""m1_atr14"": 3.824286, ""m1_adx14"": 31.13, ""m1_plusdi"": 16.62, ""m1_minusdi"": 7.52, ""m5_ema20"": 4625.333661, ""m5_ema50"": 4625.831619, ""m5_rsi14"": 42.49, ""m5_atr14"": 7.151429, ""m5_adx14"": 33.67, ""m5_plusdi"": 11.14, ""m5_minusdi"": 20.7, ""hour_gmt"": 14, ""open_ea_trades"": 0, ""trades_today"": 0}}",4620.59,91.36,4620.42,91.36,91.36,14,31.13,3.824286,4620.39,4624.62,4619.75,4623.89,611.0,4622.17,4623.2,4620.18,4620.38,669.0,4621.57,4625.68,4621.3,4622.17,773.0,4622.95,4623.9,4620.66,4621.57,674.0,4617.79,4623.62,4617.79,4623.14,534.0,4620.93,4621.25,4617.23,4617.79,572.0,4617.36,4621.07,4616.13,4620.97,589.0,4617.53,4618.58,4616.34,4617.36,505.0,4618.07,4620.61,4617.25,4617.53,578.0,4619.66,4622.53,4617.45,4618.27,624.0,4612.02,4614.44,4611.65,4613.88,521.0,4620.45,4621.52,4619.35,4619.83,456.0,4612.47,4613.26,4611.26,4612.02,440.0,4611.43,4613.06,4610.76,4612.47,589.0,4613.09,4613.74,4610.83,4611.61,462.0,4610.94,4614.31,4610.62,4613.02,444.0,4614.5,4614.88,4609.41,4610.69,698.0,4617.04,4617.42,4614.16,4614.5,607.0,4620.53,4622.13,4616.93,4617.04,619.0,4624.04,4625.01,4619.85,4620.61,595.0,4619.149245,4621.824153,4619.493214,7.52,16.62,51.97,33.67,7.151429,4625.333661,4625.831619,20.7,11.14,42.49,0,17,0
2026-04-30T14:15:59,XAUUSD,features,"{""type"": ""features"", ""symbol"": ""XAUUSD"", ""time"": ""2026-04-30T14:15:59"", ""features"": {""symbol"": ""XAUUSD"", ""bid"": 4622.01, ""ask"": 4622.18, ""spread_points"": 17, ""balance"": 91.36, ""equity"": 91.36, ""free_margin"": 91.36, ""m1_ohlcv"": [[4612.02, 4613.26, 4611.26, 4612.47, 440], [4612.47, 4613.06, 4610.76, 4611.43, 589], [4611.61, 4613.74, 4610.83, 4613.09, 462], [4613.02, 4614.31, 4610.62, 4610.94, 444], [4610.69, 4614.88, 4609.41, 4614.5, 698], [4614.5, 4617.42, 4614.16, 4617.04, 607], [4617.04, 4622.13, 4616.93, 4620.53, 619], [4620.61, 4625.01, 4619.85, 4624.04, 595], [4623.89, 4624.62, 4619.75, 4620.39, 611], [4620.38, 4623.2, 4620.18, 4622.17, 669], [4622.17, 4625.68, 4621.3, 4621.57, 773], [4621.57, 4623.9, 4620.66, 4622.95, 674], [4623.14, 4623.62, 4617.79, 4617.79, 534], [4617.79, 4621.25, 4617.23, 4620.93, 572], [4620.97, 4621.07, 4616.13, 4617.36, 589], [4617.36, 4618.58, 4616.34, 4617.53, 505], [4617.53, 4620.61, 4617.25, 4618.07, 578], [4618.27, 4622.53, 4617.45, 4619.66, 624], [4619.83, 4621.52, 4619.35, 4620.45, 456], [4620.45, 4622.84, 4619.03, 4622.08, 567]], ""m1_ema9"": 4620.262171, ""m1_ema21"": 4619.546504, ""m1_ema50"": 4621.893986, ""m1_rsi14"": 54.75, ""m1_atr14"": 3.727857, ""m1_adx14"": 34.5, ""m1_plusdi"": 18.41, ""m1_minusdi"": 6.52, ""m5_ema20"": 4625.485089, ""m5_ema50"": 4625.893972, ""m5_rsi14"": 44.49, ""m5_atr14"": 7.421429, ""m5_adx14"": 33.1, ""m5_plusdi"": 12.22, ""m5_minusdi"": 20.7, ""hour_gmt"": 14, ""open_ea_trades"": 0, ""trades_today"": 0}}",4622.18,91.36,4622.01,91.36,91.36,14,34.5,3.727857,4622.17,4623.2,4620.18,4620.38,669.0,4621.57,4625.68,4621.3,4622.17,773.0,4622.95,4623.9,4620.66,4621.57,674.0,4617.79,4623.62,4617.79,4623.14,534.0,4620.93,4621.25,4617.23,4617.79,572.0,4617.36,4621.07,4616.13,4620.97,589.0,4617.53,4618.58,4616.34,4617.36,505.0,4618.07,4620.61,4617.25,4617.53,578.0,4619.66,4622.53,4617.45,4618.27,624.0,4620.45,4621.52,4619.35,4619.83,456.0,4612.47,4613.26,4611.26,4612.02,440.0,4622.08,4622.84,4619.03,4620.45,567.0,4611.43,4613.06,4610.76,4612.47,589.0,4613.09,4613.74,4610.83,4611.61,462.0,4610.94,4614.31,4610.62,4613.02,444.0,4614.5,4614.88,4609.41,4610.69,698.0,4617.04,4617.42,4614.16,4614.5,607.0,4620.53,4622.13,4616.93,4617.04,619.0,4624.04,4625.01,4619.85,4620.61,595.0,4620.39,4624.62,4619.75,4623.89,611.0,4619.546504,4621.893986,4620.262171,6.52,18.41,54.75,33.1,7.421429,4625.485089,4625.893972,20.7,12.22,44.49,0,17,0
2026-04-30T14:16:59,XAUUSD,features,"{""type"": ""features"", ""symbol"": ""XAUUSD"", ""time"": ""2026-04-30T14:16:59"", ""features"": {""symbol"": ""XAUUSD"", ""bid"": 4617.25, ""ask"": 4617.42, ""spread_points"": 17, ""balance"": 91.36, ""equity"": 91.36, ""free_margin"": 91.36, ""m1_ohlcv"": [[4612.47, 4613.06, 4610.76, 4611.43, 589], [4611.61, 4613.74, 4610.83, 4613.09, 462], [4613.02, 4614.31, 4610.62, 4610.94, 444], [4610.69, 4614.88, 4609.41, 4614.5, 698], [4614.5, 4617.42, 4614.16, 4617.04, 607], [4617.04, 4622.13, 4616.93, 4620.53, 619], [4620.61, 4625.01, 4619.85, 4624.04, 595], [4623.89, 4624.62, 4619.75, 4620.39, 611], [4620.38, 4623.2, 4620.18, 4622.17, 669], [4622.17, 4625.68, 4621.3, 4621.57, 773], [4621.57, 4623.9, 4620.66, 4622.95, 674], [4623.14, 4623.62, 4617.79, 4617.79, 534], [4617.79, 4621.25, 4617.23, 4620.93, 572], [4620.97, 4621.07, 4616.13, 4617.36, 589], [4617.36, 4618.58, 4616.34, 4617.53, 505], [4617.53, 4620.61, 4617.25, 4618.07, 578], [4618.27, 4622.53, 4617.45, 4619.66, 624], [4619.83, 4621.52, 4619.35, 4620.45, 456], [4620.45, 4622.84, 4619.03, 4622.08, 567], [4622.08, 4622.08, 4616.23, 4617.25, 555]], ""m1_ema9"": 4618.886137, ""m1_ema21"": 4618.938888, ""m1_ema50"": 4621.53017, ""m1_rsi14"": 46.0, ""m1_atr14"": 3.776429, ""m1_adx14"": 28.77, ""m1_plusdi"": 15.96, ""m1_minusdi"": 11.18, ""m5_ema20"": 4625.026042, ""m5_ema50"": 4625.704952, ""m5_rsi14"": 39.6, ""m5_atr14"": 7.621429, ""m5_adx14"": 33.34, ""m5_plusdi"": 11.76, ""m5_minusdi"": 20.7, ""hour_gmt"": 14, ""open_ea_trades"": 0, ""trades_today"": 0}}",4617.42,91.36,4617.25,91.36,91.36,14,28.77,3.776429,4621.57,4625.68,4621.3,4622.17,773.0,4622.95,4623.9,4620.66,4621.57,674.0,4617.79,4623.62,4617.79,4623.14,534.0,4620.93,4621.25,4617.23,4617.79,572.0,4617.36,4621.07,4616.13,4620.97,589.0,4617.53,4618.58,4616.34,4617.36,505.0,4618.07,4620.61,4617.25,4617.53,578.0,4619.66,4622.53,4617.45,4618.27,624.0,4620.45,4621.52,4619.35,4619.83,456.0,4622.08,4622.84,4619.03,4620.45,567.0,4611.43,4613.06,4610.76,4612.47,589.0,4617.25,4622.08,4616.23,4622.08,555.0,4613.09,4613.74,4610.83,4611.61,462.0,4610.94,4614.31,4610.62,4613.02,444.0,4614.5,4614.88,4609.41,4610.69,698.0,4617.04,4617.42,4614.16,4614.5,607.0,4620.53,4622.13,4616.93,4617.04,619.0,4624.04,4625.01,4619.85,4620.61,595.0,4620.39,4624.62,4619.75,4623.89,611.0,4622.17,4623.2,4620.18,4620.38,669.0,4618.938888,4621.53017,4618.886137,11.18,15.96,46.0,33.34,7.621429,4625.026042,4625.704952,20.7,11.76,39.6,0,17,0
2026-04-30T14:17:59,XAUUSD,features,"{""type"": ""features"", ""symbol"": ""XAUUSD"", ""time"": ""2026-04-30T14:17:59"", ""features"": {""symbol"": ""XAUUSD"", ""bid"": 4618.39, ""ask"": 4618.56, ""spread_points"": 17, ""balance"": 91.36, ""equity"": 91.36, ""free_margin"": 91.36, ""m1_ohlcv"": [[4611.61, 4613.74, 4610.83, 4613.09, 462], [4613.02, 4614.31, 4610.62, 4610.94, 444], [4610.69, 4614.88, 4609.41, 4614.5, 698], [4614.5, 4617.42, 4614.16, 4617.04, 607], [4617.04, 4622.13, 4616.93, 4620.53, 619], [4620.61, 4625.01, 4619.85, 4624.04, 595], [4623.89, 4624.62, 4619.75, 4620.39, 611], [4620.38, 4623.2, 4620.18, 4622.17, 669], [4622.17, 4625.68, 4621.3, 4621.57, 773], [4621.57, 4623.9, 4620.66, 4622.95, 674], [4623.14, 4623.62, 4617.79, 4617.79, 534], [4617.79, 4621.25, 4617.23, 4620.93, 572], [4620.97, 4621.07, 4616.13, 4617.36, 589], [4617.36, 4618.58, 4616.34, 4617.53, 505], [4617.53, 4620.61, 4617.25, 4618.07, 578], [4618.27, 4622.53, 4617.45, 4619.66, 624], [4619.83, 4621.52, 4619.35, 4620.45, 456], [4620.45, 4622.84, 4619.03, 4622.08, 567], [4622.08, 4622.08, 4616.23, 4617.25, 555], [4617.25, 4619.77, 4616.76, 4618.39, 566]], ""m1_ema9"": 4618.978909, ""m1_ema21"": 4618.988163, ""m1_ema50"": 4621.452239, ""m1_rsi14"": 48.21, ""m1_atr14"": 3.639286, ""m1_adx14"": 27.28, ""m1_plusdi"": 13.83, ""m1_minusdi"": 9.69, ""m5_ema20"": 4625.140327, ""m5_ema50"": 4625.752011, ""m5_rsi14"": 40.63, ""m5_atr14"": 7.621429, ""m5_adx14"": 33.34, ""m5_plusdi"": 11.76, ""m5_minusdi"": 20.7, ""hour_gmt"": 14, ""open_ea_trades"": 0, ""trades_today"": 0}}",4618.56,91.36,4618.39,91.36,91.36,14,27.28,3.639286,4622.95,4623.9,4620.66,4621.57,674.0,4617.79,4623.62,4617.79,4623.14,534.0,4620.93,4621.25,4617.23,4617.79,572.0,4617.36,4621.07,4616.13,4620.97,589.0,4617.53,4618.58,4616.34,4617.36,505.0,4618.07,4620.61,4617.25,4617.53,578.0,4619.66,4622.53,4617.45,4618.27,624.0,4620.45,4621.52,4619.35,4619.83,456.0,4622.08,4622.84,4619.03,4620.45,567.0,4617.25,4622.08,4616.23,4622.08,555.0,4613.09,4613.74,4610.83,4611.61,462.0,4618.39,4619.77,4616.76,4617.25,566.0,4610.94,4614.31,4610.62,4613.02,444.0,4614.5,4614.88,4609.41,4610.69,698.0,4617.04,4617.42,4614.16,4614.5,607.0,4620.53,4622.13,4616.93,4617.04,619.0,4624.04,4625.01,4619.85,4620.61,595.0,4620.39,4624.62,4619.75,4623.89,611.0,4622.17,4623.2,4620.18,4620.38,669.0,4621.57,4625.68,4621.3,4622.17,773.0,4618.988163,4621.452239,4618.978909,9.69,13.83,48.21,33.34,7.621429,4625.140327,4625.752011,20.7,11.76,40.63,0,17,0
2026-04-30T14:18:59,XAUUSD,features,"{""type"": ""features"", ""symbol"": ""XAUUSD"", ""time"": ""2026-04-30T14:18:59"", ""features"": {""symbol"": ""XAUUSD"", ""bid"": 4623.61, ""ask"": 4623.78, ""spread_points"": 17, ""balance"": 91.36, ""equity"": 91.36, ""free_margin"": 91.36, ""m1_ohlcv"": [[4613.02, 4614.31, 4610.62, 4610.94, 444], [4610.69, 4614.88, 4609.41, 4614.5, 698], [4614.5, 4617.42, 4614.16, 4617.04, 607], [4617.04, 4622.13, 4616.93, 4620.53, 619], [4620.61, 4625.01, 4619.85, 4624.04, 595], [4623.89, 4624.62, 4619.75, 4620.39, 611], [4620.38, 4623.2, 4620.18, 4622.17, 669], [4622.17, 4625.68, 4621.3, 4621.57, 773], [4621.57, 4623.9, 4620.66, 4622.95, 674], [4623.14, 4623.62, 4617.79, 4617.79, 534], [4617.79, 4621.25, 4617.23, 4620.93, 572], [4620.97, 4621.07, 4616.13, 4617.36, 589], [4617.36, 4618.58, 4616.34, 4617.53, 505], [4617.53, 4620.61, 4617.25, 4618.07, 578], [4618.27, 4622.53, 4617.45, 4619.66, 624], [4619.83, 4621.52, 4619.35, 4620.45, 456], [4620.45, 4622.84, 4619.03, 4622.08, 567], [4622.08, 4622.08, 4616.23, 4617.25, 555], [4617.25, 4619.77, 4616.76, 4618.39, 566], [4618.39, 4623.77, 4618.25, 4623.44, 545]], ""m1_ema9"": 4620.713127, ""m1_ema21"": 4619.825685, ""m1_ema50"": 4621.72713, ""m1_rsi14"": 56.61, ""m1_atr14"": 3.83, ""m1_adx14"": 31.96, ""m1_plusdi"": 20.36, ""m1_minusdi"": 8.4, ""m5_ema20"": 4625.63747, ""m5_ema50"": 4625.956717, ""m5_rsi14"": 46.36, ""m5_atr14"": 7.687857, ""m5_adx14"": 32.55, ""m5_plusdi"": 13.33, ""m5_minusdi"": 20.7, ""hour_gmt"": 14, ""open_ea_trades"": 0, ""trades_today"": 0}}",4623.78,91.36,4623.61,91.36,91.36,14,31.96,3.83,4617.79,4623.62,4617.79,4623.14,534.0,4620.93,4621.25,4617.23,4617.79,572.0,4617.36,4621.07,4616.13,4620.97,589.0,4617.53,4618.58,4616.34,4617.36,505.0,4618.07,4620.61,4617.25,4617.53,578.0,4619.66,4622.53,4617.45,4618.27,624.0,4620.45,4621.52,4619.35,4619.83,456.0,4622.08,4622.84,4619.03,4620.45,567.0,4617.25,4622.08,4616.23,4622.08,555.0,4618.39,4619.77,4616.76,4617.25,566.0,4610.94,4614.31,4610.62,4613.02,444.0,4623.44,4623.77,4618.25,4618.39,545.0,4614.5,4614.88,4609.41,4610.69,698.0,4617.04,4617.42,4614.16,4614.5,607.0,4620.53,4622.13,4616.93,4617.04,619.0,4624.04,4625.01,4619.85,4620.61,595.0,4620.39,4624.62,4619.75,4623.89,611.0,4622.17,4623.2,4620.18,4620.38,669.0,4621.57,4625.68,4621.3,4622.17,773.0,4622.95,4623.9,4620.66,4621.57,674.0,4619.825685,4621.72713,4620.713127,8.4,20.36,56.61,32.55,7.687857,4625.63747,4625.956717,20.7,13.33,46.36,0,17,0
2026-04-30T14:19:59,XAUUSD,features,"{""type"": ""features"", ""symbol"": ""XAUUSD"", ""time"": ""2026-04-30T14:19:59"", ""features"": {""symbol"": ""XAUUSD"", ""bid"": 4622.34, ""ask"": 4622.38, ""spread_points"": 4, ""balance"": 91.36, ""equity"": 91.36, ""free_margin"": 91.36, ""m1_ohlcv"": [[4610.69, 4614.88, 4609.41, 4614.5, 698], [4614.5, 4617.42, 4614.16, 4617.04, 607], [4617.04, 4622.13, 4616.93, 4620.53, 619], [4620.61, 4625.01, 4619.85, 4624.04, 595], [4623.89, 4624.62, 4619.75, 4620.39, 611], [4620.38, 4623.2, 4620.18, 4622.17, 669], [4622.17, 4625.68, 4621.3, 4621.57, 773], [4621.57, 4623.9, 4620.66, 4622.95, 674], [4623.14, 4623.62, 4617.79, 4617.79, 534], [4617.79, 4621.25, 4617.23, 4620.93, 572], [4620.97, 4621.07, 4616.13, 4617.36, 589], [4617.36, 4618.58, 4616.34, 4617.53, 505], [4617.53, 4620.61, 4617.25, 4618.07, 578], [4618.27, 4622.53, 4617.45, 4619.66, 624], [4619.83, 4621.52, 4619.35, 4620.45, 456], [4620.45, 4622.84, 4619.03, 4622.08, 567], [4622.08, 4622.08, 4616.23, 4617.25, 555], [4617.25, 4619.77, 4616.76, 4618.39, 566], [4618.39, 4623.77, 4618.25, 4623.44, 545], [4623.61, 4624.73, 4621.42, 4622.39, 536]], ""m1_ema9"": 4620.843302, ""m1_ema21"": 4619.953433, ""m1_ema50"": 4621.705197, ""m1_rsi14"": 54.35, ""m1_atr14"": 3.745, ""m1_adx14"": 34.97, ""m1_plusdi"": 21.0, ""m1_minusdi"": 7.28, ""m5_ema20"": 4625.218301, ""m5_ema50"": 4625.768918, ""m5_rsi14"": 44.89, ""m5_atr14"": 7.372143, ""m5_adx14"": 30.02, ""m5_plusdi"": 12.64, ""m5_minusdi"": 17.94, ""hour_gmt"": 14, ""open_ea_trades"": 0, ""trades_today"": 0}}",4622.38,91.36,4622.34,91.36,91.36,14,34.97,3.745,4620.93,4621.25,4617.23,4617.79,572.0,4617.36,4621.07,4616.13,4620.97,589.0,4617.53,4618.58,4616.34,4617.36,505.0,4618.07,4620.61,4617.25,4617.53,578.0,4619.66,4622.53,4617.45,4618.27,624.0,4620.45,4621.52,4619.35,4619.83,456.0,4622.08,4622.84,4619.03,4620.45,567.0,4617.25,4622.08,4616.23,4622.08,555.0,4618.39,4619.77,4616.76,4617.25,566.0,4623.44,4623.77,4618.25,4618.39,545.0,4614.5,4614.88,4609.41,4610.69,698.0,4622.39,4624.73,4621.42,4623.61,536.0,4617.04,4617.42,4614.16,4614.5,607.0,4620.53,4622.13,4616.93,4617.04,619.0,4624.04,4625.01,4619.85,4620.61,595.0,4620.39,4624.62,4619.75,4623.89,611.0,4622.17,4623.2,4620.18,4620.38,669.0,4621.57,4625.68,4621.3,4622.17,773.0,4622.95,4623.9,4620.66,4621.57,674.0,4617.79,4623.62,4617.79,4623.14,534.0,4619.953433,4621.705197,4620.843302,7.28,21.0,54.35,30.02,7.372143,4625.218301,4625.768918,17.94,12.64,44.89,0,4,0
2026-04-30T14:20:59,XAUUSD,features,"{""type"": ""features"", ""symbol"": ""XAUUSD"", ""time"": ""2026-04-30T14:20:59"", ""features"": {""symbol"": ""XAUUSD"", ""bid"": 4621.31, ""ask"": 4621.35, ""spread_points"": 4, ""balance"": 91.36, ""equity"": 91.36, ""free_margin"": 91.36, ""m1_ohlcv"": [[4614.5, 4617.42, 4614.16, 4617.04, 607], [4617.04, 4622.13, 4616.93, 4620.53, 619], [4620.61, 4625.01, 4619.85, 4624.04, 595], [4623.89, 4624.62, 4619.75, 4620.39, 611], [4620.38, 4623.2, 4620.18, 4622.17, 669], [4622.17, 4625.68, 4621.3, 4621.57, 773], [4621.57, 4623.9, 4620.66, 4622.95, 674], [4623.14, 4623.62, 4617.79, 4617.79, 534], [4617.79, 4621.25, 4617.23, 4620.93, 572], [4620.97, 4621.07, 4616.13, 4617.36, 589], [4617.36, 4618.58, 4616.34, 4617.53, 505], [4617.53, 4620.61, 4617.25, 4618.07, 578], [4618.27, 4622.53, 4617.45, 4619.66, 624], [4619.83, 4621.52, 4619.35, 4620.45, 456], [4620.45, 4622.84, 4619.03, 4622.08, 567], [4622.08, 4622.08, 4616.23, 4617.25, 555], [4617.25, 4619.77, 4616.76, 4618.39, 566], [4618.39, 4623.77, 4618.25, 4623.44, 545], [4623.61, 4624.73, 4621.42, 4622.39, 536], [4622.34, 4623.21, 4620.93, 4621.27, 498]], ""m1_ema9"": 4620.765442, ""m1_ema21"": 4619.988327, ""m1_ema50"": 4621.649384, ""m1_rsi14"": 52.46, ""m1_atr14"": 3.675714, ""m1_adx14"": 33.37, ""m1_plusdi"": 18.2, ""m1_minusdi"": 8.79, ""m5_ema20"": 4625.120206, ""m5_ema50"": 4625.728526, ""m5_rsi14"": 43.84, ""m5_atr14"": 7.531429, ""m5_adx14"": 30.02, ""m5_plusdi"": 12.64, ""m5_minusdi"": 17.94, ""hour_gmt"": 14, ""open_ea_trades"": 0, ""trades_today"": 0}}",4621.35,91.36,4621.31,91.36,91.36,14,33.37,3.675714,4617.36,4621.07,4616.13,4620.97,589.0,4617.53,4618.58,4616.34,4617.36,505.0,4618.07,4620.61,4617.25,4617.53,578.0,4619.66,4622.53,4617.45,4618.27,624.0,4620.45,4621.52,4619.35,4619.83,456.0,4622.08,4622.84,4619.03,4620.45,567.0,4617.25,4622.08,4616.23,4622.08,555.0,4618.39,4619.77,4616.76,4617.25,566.0,4623.44,4623.77,4618.25,4618.39,545.0,4622.39,4624.73,4621.42,4623.61,536.0,4617.04,4617.42,4614.16,4614.5,607.0,4621.27,4623.21,4620.93,4622.34,498.0,4620.53,4622.13,4616.93,4617.04,619.0,4624.04,4625.01,4619.85,4620.61,595.0,4620.39,4624.62,4619.75,4623.89,611.0,4622.17,4623.2,4620.18,4620.38,669.0,4621.57,4625.68,4621.3,4622.17,773.0,4622.95,4623.9,4620.66,4621.57,674.0,4617.79,4623.62,4617.79,4623.14,534.0,4620.93,4621.25,4617.23,4617.79,572.0,4619.988327,4621.649384,4620.765442,8.79,18.2,52.46,30.02,7.531429,4625.120206,4625.728526,17.94,12.64,43.84,0,4,0
2026-04-30T14:21:59,XAUUSD,features,"{""type"": ""features"", ""symbol"": ""XAUUSD"", ""time"": ""2026-04-30T14:21:59"", ""features"": {""symbol"": ""XAUUSD"", ""bid"": 4620.6, ""ask"": 4620.77, ""spread_points"": 17, ""balance"": 91.36, ""equity"": 91.36, ""free_margin"": 91.36, ""m1_ohlcv"": [[4617.04, 4622.13, 4616.93, 4620.53, 619], [4620.61, 4625.01, 4619.85, 4624.04, 595], [4623.89, 4624.62, 4619.75, 4620.39, 611], [4620.38, 4623.2, 4620.18, 4622.17, 669], [4622.17, 4625.68, 4621.3, 4621.57, 773], [4621.57, 4623.9, 4620.66, 4622.95, 674], [4623.14, 4623.62, 4617.79, 4617.79, 534], [4617.79, 4621.25, 4617.23, 4620.93, 572], [4620.97, 4621.07, 4616.13, 4617.36, 589], [4617.36, 4618.58, 4616.34, 4617.53, 505], [4617.53, 4620.61, 4617.25, 4618.07, 578], [4618.27, 4622.53, 4617.45, 4619.66, 624], [4619.83, 4621.52, 4619.35, 4620.45, 456], [4620.45, 4622.84, 4619.03, 4622.08, 567], [4622.08, 4622.08, 4616.23, 4617.25, 555], [4617.25, 4619.77, 4616.76, 4618.39, 566], [4618.39, 4623.77, 4618.25, 4623.44, 545], [4623.61, 4624.73, 4621.42, 4622.39, 536], [4622.34, 4623.21, 4620.93, 4621.27, 498], [4621.31, 4622.69, 4620.0, 4620.6, 523]], ""m1_ema9"": 4620.618753, ""m1_ema21"": 4619.985256, ""m1_ema50"": 4621.581481, ""m1_rsi14"": 51.15, ""m1_atr14"": 3.448571, ""m1_adx14"": 28.67, ""m1_plusdi"": 15.77, ""m1_minusdi"": 11.61, ""m5_ema20"": 4625.052586, ""m5_ema50"": 4625.700683, ""m5_rsi14"": 43.14, ""m5_atr14"": 7.597857, ""m5_adx14"": 30.02, ""m5_plusdi"": 12.64, ""m5_minusdi"": 17.94, ""hour_gmt"": 14, ""open_ea_trades"": 0, ""trades_today"": 0}}",4620.77,91.36,4620.6,91.36,91.36,14,28.67,3.448571,4617.53,4618.58,4616.34,4617.36,505.0,4618.07,4620.61,4617.25,4617.53,578.0,4619.66,4622.53,4617.45,4618.27,624.0,4620.45,4621.52,4619.35,4619.83,456.0,4622.08,4622.84,4619.03,4620.45,567.0,4617.25,4622.08,4616.23,4622.08,555.0,4618.39,4619.77,4616.76,4617.25,566.0,4623.44,4623.77,4618.25,4618.39,545.0,4622.39,4624.73,4621.42,4623.61,536.0,4621.27,4623.21,4620.93,4622.34,498.0,4620.53,4622.13,4616.93,4617.04,619.0,4620.6,4622.69,4620.0,4621.31,523.0,4624.04,4625.01,4619.85,4620.61,595.0,4620.39,4624.62,4619.75,4623.89,611.0,4622.17,4623.2,4620.18,4620.38,669.0,4621.57,4625.68,4621.3,4622.17,773.0,4622.95,4623.9,4620.66,4621.57,674.0,4617.79,4623.62,4617.79,4623.14,534.0,4620.93,4621.25,4617.23,4617.79,572.0,4617.36,4621.07,4616.13,4620.97,589.0,4619.985256,4621.581481,4620.618753,11.61,15.77,51.15,30.02,7.597857,4625.052586,4625.700683,17.94,12.64,43.14,0,17,0
2026-04-30T14:22:59,XAUUSD,features,"{""type"": ""features"", ""symbol"": ""XAUUSD"", ""time"": ""2026-04-30T14:22:59"", ""features"": {""symbol"": ""XAUUSD"", ""bid"": 4623.66, ""ask"": 4623.83, ""spread_points"": 17, ""balance"": 91.36, ""equity"": 91.36, ""free_margin"": 91.36, ""m1_ohlcv"": [[4620.61, 4625.01, 4619.85, 4624.04, 595], [4623.89, 4624.62, 4619.75, 4620.39, 611], [4620.38, 4623.2, 4620.18, 4622.17, 669], [4622.17, 4625.68, 4621.3, 4621.57, 773], [4621.57, 4623.9, 4620.66, 4622.95, 674], [4623.14, 4623.62, 4617.79, 4617.79, 534], [4617.79, 4621.25, 4617.23, 4620.93, 572], [4620.97, 4621.07, 4616.13, 4617.36, 589], [4617.36, 4618.58, 4616.34, 4617.53, 505], [4617.53, 4620.61, 4617.25, 4618.07, 578], [4618.27, 4622.53, 4617.45, 4619.66, 624], [4619.83, 4621.52, 4619.35, 4620.45, 456], [4620.45, 4622.84, 4619.03, 4622.08, 567], [4622.08, 4622.08, 4616.23, 4617.25, 555], [4617.25, 4619.77, 4616.76, 4618.39, 566], [4618.39, 4623.77, 4618.25, 4623.44, 545], [4623.61, 4624.73, 4621.42, 4622.39, 536], [4622.34, 4623.21, 4620.93, 4621.27, 498], [4621.31, 4622.69, 4620.0, 4620.6, 523], [4620.6, 4625.02, 4619.43, 4623.65, 543]], ""m1_ema9"": 4621.715003, ""m1_ema21"": 4620.57139, ""m1_ema50"": 4621.777909, ""m1_rsi14"": 56.25, ""m1_atr14"": 3.561429, ""m1_adx14"": 30.44, ""m1_plusdi"": 18.48, ""m1_minusdi"": 10.07, ""m5_ema20"": 4625.344015, ""m5_ema50"": 4625.820683, ""m5_rsi14"": 46.53, ""m5_atr14"": 7.767857, ""m5_adx14"": 29.67, ""m5_plusdi"": 13.34, ""m5_minusdi"": 17.94, ""hour_gmt"": 14, ""open_ea_trades"": 0, ""trades_today"": 0}}",4623.83,91.36,4623.66,91.36,91.36,14,30.44,3.561429,4618.07,4620.61,4617.25,4617.53,578.0,4619.66,4622.53,4617.45,4618.27,624.0,4620.45,4621.52,4619.35,4619.83,456.0,4622.08,4622.84,4619.03,4620.45,567.0,4617.25,4622.08,4616.23,4622.08,555.0,4618.39,4619.77,4616.76,4617.25,566.0,4623.44,4623.77,4618.25,4618.39,545.0,4622.39,4624.73,4621.42,4623.61,536.0,4621.27,4623.21,4620.93,4622.34,498.0,4620.6,4622.69,4620.0,4621.31,523.0,4624.04,4625.01,4619.85,4620.61,595.0,4623.65,4625.02,4619.43,4620.6,543.0,4620.39,4624.62,4619.75,4623.89,611.0,4622.17,4623.2,4620.18,4620.38,669.0,4621.57,4625.68,4621.3,4622.17,773.0,4622.95,4623.9,4620.66,4621.57,674.0,4617.79,4623.62,4617.79,4623.14,534.0,4620.93,4621.25,4617.23,4617.79,572.0,4617.36,4621.07,4616.13,4620.97,589.0,4617.53,4618.58,4616.34,4617.36,505.0,4620.57139,4621.777909,4621.715003,10.07,18.48,56.25,29.67,7.767857,4625.344015,4625.820683,17.94,13.34,46.53,0,17,0
2026-04-30T14:23:59,XAUUSD,features,"{""type"": ""features"", ""symbol"": ""XAUUSD"", ""time"": ""2026-04-30T14:23:59"", ""features"": {""symbol"": ""XAUUSD"", ""bid"": 4623.35, ""ask"": 4623.52, ""spread_points"": 17, ""balance"": 91.36, ""equity"": 91.36, ""free_margin"": 91.36, ""m1_ohlcv"": [[4623.89, 4624.62, 4619.75, 4620.39, 611], [4620.38, 4623.2, 4620.18, 4622.17, 669], [4622.17, 4625.68, 4621.3, 4621.57, 773], [4621.57, 4623.9, 4620.66, 4622.95, 674], [4623.14, 4623.62, 4617.79, 4617.79, 534], [4617.79, 4621.25, 4617.23, 4620.93, 572], [4620.97, 4621.07, 4616.13, 4617.36, 589], [4617.36, 4618.58, 4616.34, 4617.53, 505], [4617.53, 4620.61, 4617.25, 4618.07, 578], [4618.27, 4622.53, 4617.45, 4619.66, 624], [4619.83, 4621.52, 4619.35, 4620.45, 456], [4620.45, 4622.84, 4619.03, 4622.08, 567], [4622.08, 4622.08, 4616.23, 4617.25, 555], [4617.25, 4619.77, 4616.76, 4618.39, 566], [4618.39, 4623.77, 4618.25, 4623.44, 545], [4623.61, 4624.73, 4621.42, 4622.39, 536], [4622.34, 4623.21, 4620.93, 4621.27, 498], [4621.31, 4622.69, 4620.0, 4620.6, 523], [4620.6, 4625.02, 4619.43, 4623.65, 543], [4623.66, 4626.02, 4622.72, 4623.35, 611]], ""m1_ema9"": 4621.992402, ""m1_ema21"": 4620.798371, ""m1_ema50"": 4621.827879, ""m1_rsi14"": 55.62, ""m1_atr14"": 3.443571, ""m1_adx14"": 32.48, ""m1_plusdi"": 19.52, ""m1_minusdi"": 8.72, ""m5_ema20"": 4625.314491, ""m5_ema50"": 4625.808526, ""m5_rsi14"": 46.15, ""m5_atr14"": 7.839286, ""m5_adx14"": 28.79, ""m5_plusdi"": 15.25, ""m5_minusdi"": 17.94, ""hour_gmt"": 14, ""open_ea_trades"": 0, ""trades_today"": 0}}",4623.52,91.36,4623.35,91.36,91.36,14,32.48,3.443571,4619.66,4622.53,4617.45,4618.27,624.0,4620.45,4621.52,4619.35,4619.83,456.0,4622.08,4622.84,4619.03,4620.45,567.0,4617.25,4622.08,4616.23,4622.08,555.0,4618.39,4619.77,4616.76,4617.25,566.0,4623.44,4623.77,4618.25,4618.39,545.0,4622.39,4624.73,4621.42,4623.61,536.0,4621.27,4623.21,4620.93,4622.34,498.0,4620.6,4622.69,4620.0,4621.31,523.0,4623.65,4625.02,4619.43,4620.6,543.0,4620.39,4624.62,4619.75,4623.89,611.0,4623.35,4626.02,4622.72,4623.66,611.0,4622.17,4623.2,4620.18,4620.38,669.0,4621.57,4625.68,4621.3,4622.17,773.0,4622.95,4623.9,4620.66,4621.57,674.0,4617.79,4623.62,4617.79,4623.14,534.0,4620.93,4621.25,4617.23,4617.79,572.0,4617.36,4621.07,4616.13,4620.97,589.0,4617.53,4618.58,4616.34,4617.36,505.0,4618.07,4620.61,4617.25,4617.53,578.0,4620.798371,4621.827879,4621.992402,8.72,19.52,55.62,28.79,7.839286,4625.314491,4625.808526,17.94,15.25,46.15,0,17,0
2026-04-30T14:24:59,XAUUSD,features,"{""type"": ""features"", ""symbol"": ""XAUUSD"", ""time"": ""2026-04-30T14:24:59"", ""features"": {""symbol"": ""XAUUSD"", ""bid"": 4624.11, ""ask"": 4624.15, ""spread_points"": 4, ""balance"": 91.36, ""equity"": 91.36, ""free_margin"": 91.36, ""m1_ohlcv"": [[4620.38, 4623.2, 4620.18, 4622.17, 669], [4622.17, 4625.68, 4621.3, 4621.57, 773], [4621.57, 4623.9, 4620.66, 4622.95, 674], [4623.14, 4623.62, 4617.79, 4617.79, 534], [4617.79, 4621.25, 4617.23, 4620.93, 572], [4620.97, 4621.07, 4616.13, 4617.36, 589], [4617.36, 4618.58, 4616.34, 4617.53, 505], [4617.53, 4620.61, 4617.25, 4618.07, 578], [4618.27, 4622.53, 4617.45, 4619.66, 624], [4619.83, 4621.52, 4619.35, 4620.45, 456], [4620.45, 4622.84, 4619.03, 4622.08, 567], [4622.08, 4622.08, 4616.23, 4617.25, 555], [4617.25, 4619.77, 4616.76, 4618.39, 566], [4618.39, 4623.77, 4618.25, 4623.44, 545], [4623.61, 4624.73, 4621.42, 4622.39, 536], [4622.34, 4623.21, 4620.93, 4621.27, 498], [4621.31, 4622.69, 4620.0, 4620.6, 523], [4620.6, 4625.02, 4619.43, 4623.65, 543], [4623.66, 4626.02, 4622.72, 4623.35, 611], [4623.35, 4624.65, 4622.38, 4624.1, 530]], ""m1_ema9"": 4622.535922, ""m1_ema21"": 4621.161412, ""m1_ema50"": 4621.945632, ""m1_rsi14"": 56.91, ""m1_atr14"": 3.446429, ""m1_adx14"": 30.98, ""m1_plusdi"": 16.92, ""m1_minusdi"": 9.29, ""m5_ema20"": 4625.264404, ""m5_ema50"": 4625.770175, ""m5_rsi14"": 47.07, ""m5_atr14"": 7.076429, ""m5_adx14"": 26.03, ""m5_plusdi"": 13.22, ""m5_minusdi"": 15.55, ""hour_gmt"": 14, ""open_ea_trades"": 0, ""trades_today"": 0}}",4624.15,91.36,4624.11,91.36,91.36,14,30.98,3.446429,4620.45,4621.52,4619.35,4619.83,456.0,4622.08,4622.84,4619.03,4620.45,567.0,4617.25,4622.08,4616.23,4622.08,555.0,4618.39,4619.77,4616.76,4617.25,566.0,4623.44,4623.77,4618.25,4618.39,545.0,4622.39,4624.73,4621.42,4623.61,536.0,4621.27,4623.21,4620.93,4622.34,498.0,4620.6,4622.69,4620.0,4621.31,523.0,4623.65,4625.02,4619.43,4620.6,543.0,4623.35,4626.02,4622.72,4623.66,611.0,4622.17,4623.2,4620.18,4620.38,669.0,4624.1,4624.65,4622.38,4623.35,530.0,4621.57,4625.68,4621.3,4622.17,773.0,4622.95,4623.9,4620.66,4621.57,674.0,4617.79,4623.62,4617.79,4623.14,534.0,4620.93,4621.25,4617.23,4617.79,572.0,4617.36,4621.07,4616.13,4620.97,589.0,4617.53,4618.58,4616.34,4617.36,505.0,4618.07,4620.61,4617.25,4617.53,578.0,4619.66,4622.53,4617.45,4618.27,624.0,4621.161412,4621.945632,4622.535922,9.29,16.92,56.91,26.03,7.076429,4625.264404,4625.770175,15.55,13.22,47.07,0,4,0
2026-04-30T14:25:59,XAUUSD,features,"{""type"": ""features"", ""symbol"": ""XAUUSD"", ""time"": ""2026-04-30T14:25:59"", ""features"": {""symbol"": ""XAUUSD"", ""bid"": 4622.07, ""ask"": 4622.24, ""spread_points"": 17, ""balance"": 91.36, ""equity"": 91.36, ""free_margin"": 91.36, ""m1_ohlcv"": [[4622.17, 4625.68, 4621.3, 4621.57, 773], [4621.57, 4623.9, 4620.66, 4622.95, 674], [4623.14, 4623.62, 4617.79, 4617.79, 534], [4617.79, 4621.25, 4617.23, 4620.93, 572], [4620.97, 4621.07, 4616.13, 4617.36, 589], [4617.36, 4618.58, 4616.34, 4617.53, 505], [4617.53, 4620.61, 4617.25, 4618.07, 578], [4618.27, 4622.53, 4617.45, 4619.66, 624], [4619.83, 4621.52, 4619.35, 4620.45, 456], [4620.45, 4622.84, 4619.03, 4622.08, 567], [4622.08, 4622.08, 4616.23, 4617.25, 555], [4617.25, 4619.77, 4616.76, 4618.39, 566], [4618.39, 4623.77, 4618.25, 4623.44, 545], [4623.61, 4624.73, 4621.42, 4622.39, 536], [4622.34, 4623.21, 4620.93, 4621.27, 498], [4621.31, 4622.69, 4620.0, 4620.6, 523], [4620.6, 4625.02, 4619.43, 4623.65, 543], [4623.66, 4626.02, 4622.72, 4623.35, 611], [4623.35, 4624.65, 4622.38, 4624.1, 530], [4624.11, 4624.11, 4621.41, 4622.07, 535]], ""m1_ema9"": 4622.116337, ""m1_ema21"": 4621.075416, ""m1_ema50"": 4621.873647, ""m1_rsi14"": 52.52, ""m1_atr14"": 3.398571, ""m1_adx14"": 25.76, ""m1_plusdi"": 14.66, ""m1_minusdi"": 12.2, ""m5_ema20"": 4625.070118, ""m5_ema50"": 4625.690175, ""m5_rsi14"": 44.86, ""m5_atr14"": 7.268571, ""m5_adx14"": 26.03, ""m5_plusdi"": 13.22, ""m5_minusdi"": 15.55, ""hour_gmt"": 14, ""open_ea_trades"": 0, ""trades_today"": 0}}",4622.24,91.36,4622.07,91.36,91.36,14,25.76,3.398571,4622.08,4622.84,4619.03,4620.45,567.0,4617.25,4622.08,4616.23,4622.08,555.0,4618.39,4619.77,4616.76,4617.25,566.0,4623.44,4623.77,4618.25,4618.39,545.0,4622.39,4624.73,4621.42,4623.61,536.0,4621.27,4623.21,4620.93,4622.34,498.0,4620.6,4622.69,4620.0,4621.31,523.0,4623.65,4625.02,4619.43,4620.6,543.0,4623.35,4626.02,4622.72,4623.66,611.0,4624.1,4624.65,4622.38,4623.35,530.0,4621.57,4625.68,4621.3,4622.17,773.0,4622.07,4624.11,4621.41,4624.11,535.0,4622.95,4623.9,4620.66,4621.57,674.0,4617.79,4623.62,4617.79,4623.14,534.0,4620.93,4621.25,4617.23,4617.79,572.0,4617.36,4621.07,4616.13,4620.97,589.0,4617.53,4618.58,4616.34,4617.36,505.0,4618.07,4620.61,4617.25,4617.53,578.0,4619.66,4622.53,4617.45,4618.27,624.0,4620.45,4621.52,4619.35,4619.83,456.0,4621.075416,4621.873647,4622.116337,12.2,14.66,52.52,26.03,7.268571,4625.070118,4625.690175,15.55,13.22,44.86,0,17,0
2026-04-30T14:27:00,XAUUSD,features,"{""type"": ""features"", ""symbol"": ""XAUUSD"", ""time"": ""2026-04-30T14:27:00"", ""features"": {""symbol"": ""XAUUSD"", ""bid"": 4620.5, ""ask"": 4620.67, ""spread_points"": 17, ""balance"": 91.36, ""equity"": 91.36, ""free_margin"": 91.36, ""m1_ohlcv"": [[4621.57, 4623.9, 4620.66, 4622.95, 674], [4623.14, 4623.62, 4617.79, 4617.79, 534], [4617.79, 4621.25, 4617.23, 4620.93, 572], [4620.97, 4621.07, 4616.13, 4617.36, 589], [4617.36, 4618.58, 4616.34, 4617.53, 505], [4617.53, 4620.61, 4617.25, 4618.07, 578], [4618.27, 4622.53, 4617.45, 4619.66, 624], [4619.83, 4621.52, 4619.35, 4620.45, 456], [4620.45, 4622.84, 4619.03, 4622.08, 567], [4622.08, 4622.08, 4616.23, 4617.25, 555], [4617.25, 4619.77, 4616.76, 4618.39, 566], [4618.39, 4623.77, 4618.25, 4623.44, 545], [4623.61, 4624.73, 4621.42, 4622.39, 536], [4622.34, 4623.21, 4620.93, 4621.27, 498], [4621.31, 4622.69, 4620.0, 4620.6, 523], [4620.6, 4625.02, 4619.43, 4623.65, 543], [4623.66, 4626.02, 4622.72, 4623.35, 611], [4623.35, 4624.65, 4622.38, 4624.1, 530], [4624.11, 4624.11, 4621.41, 4622.07, 535], [4622.07, 4622.48, 4619.39, 4620.5, 496]], ""m1_ema9"": 4621.54187, ""m1_ema21"": 4620.893353, ""m1_ema50"": 4621.760624, ""m1_rsi14"": 49.37, ""m1_atr14"": 3.256429, ""m1_adx14"": 25.65, ""m1_plusdi"": 12.71, ""m1_minusdi"": 18.13, ""m5_ema20"": 4624.920594, ""m5_ema50"": 4625.628607, ""m5_rsi14"": 43.29, ""m5_atr14"": 7.412857, ""m5_adx14"": 26.08, ""m5_plusdi"": 13.22, ""m5_minusdi"": 15.66, ""hour_gmt"": 14, ""open_ea_trades"": 0, ""trades_today"": 0}}",4620.67,91.36,4620.5,91.36,91.36,14,25.65,3.256429,4617.25,4622.08,4616.23,4622.08,555.0,4618.39,4619.77,4616.76,4617.25,566.0,4623.44,4623.77,4618.25,4618.39,545.0,4622.39,4624.73,4621.42,4623.61,536.0,4621.27,4623.21,4620.93,4622.34,498.0,4620.6,4622.69,4620.0,4621.31,523.0,4623.65,4625.02,4619.43,4620.6,543.0,4623.35,4626.02,4622.72,4623.66,611.0,4624.1,4624.65,4622.38,4623.35,530.0,4622.07,4624.11,4621.41,4624.11,535.0,4622.95,4623.9,4620.66,4621.57,674.0,4620.5,4622.48,4619.39,4622.07,496.0,4617.79,4623.62,4617.79,4623.14,534.0,4620.93,4621.25,4617.23,4617.79,572.0,4617.36,4621.07,4616.13,4620.97,589.0,4617.53,4618.58,4616.34,4617.36,505.0,4618.07,4620.61,4617.25,4617.53,578.0,4619.66,4622.53,4617.45,4618.27,624.0,4620.45,4621.52,4619.35,4619.83,456.0,4622.08,4622.84,4619.03,4620.45,567.0,4620.893353,4621.760624,4621.54187,18.13,12.71,49.37,26.08,7.412857,4624.920594,4625.628607,15.66,13.22,43.29,0,17,0
2026-04-30T14:27:59,XAUUSD,features,"{""type"": ""features"", ""symbol"": ""XAUUSD"", ""time"": ""2026-04-30T14:27:59"", ""features"": {""symbol"": ""XAUUSD"", ""bid"": 4621.92, ""ask"": 4622.09, ""spread_points"": 17, ""balance"": 91.36, ""equity"": 91.36, ""free_margin"": 91.36, ""m1_ohlcv"": [[4623.14, 4623.62, 4617.79, 4617.79, 534], [4617.79, 4621.25, 4617.23, 4620.93, 572], [4620.97, 4621.07, 4616.13, 4617.36, 589], [4617.36, 4618.58, 4616.34, 4617.53, 505], [4617.53, 4620.61, 4617.25, 4618.07, 578], [4618.27, 4622.53, 4617.45, 4619.66, 624], [4619.83, 4621.52, 4619.35, 4620.45, 456], [4620.45, 4622.84, 4619.03, 4622.08, 567], [4622.08, 4622.08, 4616.23, 4617.25, 555], [4617.25, 4619.77, 4616.76, 4618.39, 566], [4618.39, 4623.77, 4618.25, 4623.44, 545], [4623.61, 4624.73, 4621.42, 4622.39, 536], [4622.34, 4623.21, 4620.93, 4621.27, 498], [4621.31, 4622.69, 4620.0, 4620.6, 523], [4620.6, 4625.02, 4619.43, 4623.65, 543], [4623.66, 4626.02, 4622.72, 4623.35, 611], [4623.35, 4624.65, 4622.38, 4624.1, 530], [4624.11, 4624.11, 4621.41, 4622.07, 535], [4622.07, 4622.48, 4619.39, 4620.5, 496], [4620.5, 4622.57, 4620.5, 4621.89, 518]], ""m1_ema9"": 4621.839896, ""m1_ema21"": 4621.101561, ""m1_ema50"": 4621.819246, ""m1_rsi14"": 52.17, ""m1_atr14"": 3.251429, ""m1_adx14"": 24.03, ""m1_plusdi"": 11.52, ""m1_minusdi"": 15.71, ""m5_ema20"": 4625.055832, ""m5_ema50"": 4625.684293, ""m5_rsi14"": 44.7, ""m5_atr14"": 7.412857, ""m5_adx14"": 26.08, ""m5_plusdi"": 13.22, ""m5_minusdi"": 15.66, ""hour_gmt"": 14, ""open_ea_trades"": 0, ""trades_today"": 0}}",4622.09,91.36,4621.92,91.36,91.36,14,24.03,3.251429,4618.39,4619.77,4616.76,4617.25,566.0,4623.44,4623.77,4618.25,4618.39,545.0,4622.39,4624.73,4621.42,4623.61,536.0,4621.27,4623.21,4620.93,4622.34,498.0,4620.6,4622.69,4620.0,4621.31,523.0,4623.65,4625.02,4619.43,4620.6,543.0,4623.35,4626.02,4622.72,4623.66,611.0,4624.1,4624.65,4622.38,4623.35,530.0,4622.07,4624.11,4621.41,4624.11,535.0,4620.5,4622.48,4619.39,4622.07,496.0,4617.79,4623.62,4617.79,4623.14,534.0,4621.89,4622.57,4620.5,4620.5,518.0,4620.93,4621.25,4617.23,4617.79,572.0,4617.36,4621.07,4616.13,4620.97,589.0,4617.53,4618.58,4616.34,4617.36,505.0,4618.07,4620.61,4617.25,4617.53,578.0,4619.66,4622.53,4617.45,4618.27,624.0,4620.45,4621.52,4619.35,4619.83,456.0,4622.08,4622.84,4619.03,4620.45,567.0,4617.25,4622.08,4616.23,4622.08,555.0,4621.101561,4621.819246,4621.839896,15.71,11.52,52.17,26.08,7.412857,4625.055832,4625.684293,15.66,13.22,44.7,0,17,0
2026-04-30T14:28:59,XAUUSD,features,"{""type"": ""features"", ""symbol"": ""XAUUSD"", ""time"": ""2026-04-30T14:28:59"", ""features"": {""symbol"": ""XAUUSD"", ""bid"": 4623.1, ""ask"": 4623.27, ""spread_points"": 17, ""balance"": 91.36, ""equity"": 91.36, ""free_margin"": 91.36, ""m1_ohlcv"": [[4617.79, 4621.25, 4617.23, 4620.93, 572], [4620.97, 4621.07, 4616.13, 4617.36, 589], [4617.36, 4618.58, 4616.34, 4617.53, 505], [4617.53, 4620.61, 4617.25, 4618.07, 578], [4618.27, 4622.53, 4617.45, 4619.66, 624], [4619.83, 4621.52, 4619.35, 4620.45, 456], [4620.45, 4622.84, 4619.03, 4622.08, 567], [4622.08, 4622.08, 4616.23, 4617.25, 555], [4617.25, 4619.77, 4616.76, 4618.39, 566], [4618.39, 4623.77, 4618.25, 4623.44, 545], [4623.61, 4624.73, 4621.42, 4622.39, 536], [4622.34, 4623.21, 4620.93, 4621.27, 498], [4621.31, 4622.69, 4620.0, 4620.6, 523], [4620.6, 4625.02, 4619.43, 4623.65, 543], [4623.66, 4626.02, 4622.72, 4623.35, 611], [4623.35, 4624.65, 4622.38, 4624.1, 530], [4624.11, 4624.11, 4621.41, 4622.07, 535], [4622.07, 4622.48, 4619.39, 4620.5, 496], [4620.5, 4622.57, 4620.5, 4621.89, 518], [4621.92, 4624.14, 4621.56, 4623.1, 579]], ""m1_ema9"": 4622.280717, ""m1_ema21"": 4621.380757, ""m1_ema50"": 4621.913932, ""m1_rsi14"": 54.42, ""m1_atr14"": 3.161429, ""m1_adx14"": 21.8, ""m1_plusdi"": 17.01, ""m1_minusdi"": 13.62, ""m5_ema20"": 4625.168213, ""m5_ema50"": 4625.730567, ""m5_rsi14"": 45.95, ""m5_atr14"": 7.415, ""m5_adx14"": 26.08, ""m5_plusdi"": 13.22, ""m5_minusdi"": 15.66, ""hour_gmt"": 14, ""open_ea_trades"": 0, ""trades_today"": 0}}",4623.27,91.36,4623.1,91.36,91.36,14,21.8,3.161429,4623.44,4623.77,4618.25,4618.39,545.0,4622.39,4624.73,4621.42,4623.61,536.0,4621.27,4623.21,4620.93,4622.34,498.0,4620.6,4622.69,4620.0,4621.31,523.0,4623.65,4625.02,4619.43,4620.6,543.0,4623.35,4626.02,4622.72,4623.66,611.0,4624.1,4624.65,4622.38,4623.35,530.0,4622.07,4624.11,4621.41,4624.11,535.0,4620.5,4622.48,4619.39,4622.07,496.0,4621.89,4622.57,4620.5,4620.5,518.0,4620.93,4621.25,4617.23,4617.79,572.0,4623.1,4624.14,4621.56,4621.92,579.0,4617.36,4621.07,4616.13,4620.97,589.0,4617.53,4618.58,4616.34,4617.36,505.0,4618.07,4620.61,4617.25,4617.53,578.0,4619.66,4622.53,4617.45,4618.27,624.0,4620.45,4621.52,4619.35,4619.83,456.0,4622.08,4622.84,4619.03,4620.45,567.0,4617.25,4622.08,4616.23,4622.08,555.0,4618.39,4619.77,4616.76,4617.25,566.0,4621.380757,4621.913932,4622.280717,13.62,17.01,54.42,26.08,7.415,4625.168213,4625.730567,15.66,13.22,45.95,0,17,0
2026-04-30T14:29:59,XAUUSD,features,"{""type"": ""features"", ""symbol"": ""XAUUSD"", ""time"": ""2026-04-30T14:29:59"", ""features"": {""symbol"": ""XAUUSD"", ""bid"": 4623.0, ""ask"": 4623.17, ""spread_points"": 17, ""balance"": 91.36, ""equity"": 91.36, ""free_margin"": 91.36, ""m1_ohlcv"": [[4620.97, 4621.07, 4616.13, 4617.36, 589], [4617.36, 4618.58, 4616.34, 4617.53, 505], [4617.53, 4620.61, 4617.25, 4618.07, 578], [4618.27, 4622.53, 4617.45, 4619.66, 624], [4619.83, 4621.52, 4619.35, 4620.45, 456], [4620.45, 4622.84, 4619.03, 4622.08, 567], [4622.08, 4622.08, 4616.23, 4617.25, 555], [4617.25, 4619.77, 4616.76, 4618.39, 566], [4618.39, 4623.77, 4618.25, 4623.44, 545], [4623.61, 4624.73, 4621.42, 4622.39, 536], [4622.34, 4623.21, 4620.93, 4621.27, 498], [4621.31, 4622.69, 4620.0, 4620.6, 523], [4620.6, 4625.02, 4619.43, 4623.65, 543], [4623.66, 4626.02, 4622.72, 4623.35, 611], [4623.35, 4624.65, 4622.38, 4624.1, 530], [4624.11, 4624.11, 4621.41, 4622.07, 535], [4622.07, 4622.48, 4619.39, 4620.5, 496], [4620.5, 4622.57, 4620.5, 4621.89, 518], [4621.92, 4624.14, 4621.56, 4623.1, 579], [4623.1, 4624.05, 4622.65, 4623.0, 563]], ""m1_ema9"": 4622.408573, ""m1_ema21"": 4621.519697, ""m1_ema50"": 4621.952755, ""m1_rsi14"": 54.19, ""m1_atr14"": 2.843571, ""m1_adx14"": 20.37, ""m1_plusdi"": 14.74, ""m1_minusdi"": 11.8, ""m5_ema20"": 4624.9531, ""m5_ema50"": 4625.619719, ""m5_rsi14"": 45.84, ""m5_atr14"": 7.065, ""m5_adx14"": 23.73, ""m5_plusdi"": 11.46, ""m5_minusdi"": 13.57, ""hour_gmt"": 14, ""open_ea_trades"": 0, ""trades_today"": 0}}",4623.17,91.36,4623.0,91.36,91.36,14,20.37,2.843571,4622.39,4624.73,4621.42,4623.61,536.0,4621.27,4623.21,4620.93,4622.34,498.0,4620.6,4622.69,4620.0,4621.31,523.0,4623.65,4625.02,4619.43,4620.6,543.0,4623.35,4626.02,4622.72,4623.66,611.0,4624.1,4624.65,4622.38,4623.35,530.0,4622.07,4624.11,4621.41,4624.11,535.0,4620.5,4622.48,4619.39,4622.07,496.0,4621.89,4622.57,4620.5,4620.5,518.0,4623.1,4624.14,4621.56,4621.92,579.0,4617.36,4621.07,4616.13,4620.97,589.0,4623.0,4624.05,4622.65,4623.1,563.0,4617.53,4618.58,4616.34,4617.36,505.0,4618.07,4620.61,4617.25,4617.53,578.0,4619.66,4622.53,4617.45,4618.27,624.0,4620.45,4621.52,4619.35,4619.83,456.0,4622.08,4622.84,4619.03,4620.45,567.0,4617.25,4622.08,4616.23,4622.08,555.0,4618.39,4619.77,4616.76,4617.25,566.0,4623.44,4623.77,4618.25,4618.39,545.0,4621.519697,4621.952755,4622.408573,11.8,14.74,54.19,23.73,7.065,4624.9531,4625.619719,13.57,11.46,45.84,0,17,0
2026-04-30T14:30:59,XAUUSD,features,"{""type"": ""features"", ""symbol"": ""XAUUSD"", ""time"": ""2026-04-30T14:30:59"", ""features"": {""symbol"": ""XAUUSD"", ""bid"": 4618.8, ""ask"": 4618.97, ""spread_points"": 17, ""balance"": 91.36, ""equity"": 91.36, ""free_margin"": 91.36, ""m1_ohlcv"": [[4617.36, 4618.58, 4616.34, 4617.53, 505], [4617.53, 4620.61, 4617.25, 4618.07, 578], [4618.27, 4622.53, 4617.45, 4619.66, 624], [4619.83, 4621.52, 4619.35, 4620.45, 456], [4620.45, 4622.84, 4619.03, 4622.08, 567], [4622.08, 4622.08, 4616.23, 4617.25, 555], [4617.25, 4619.77, 4616.76, 4618.39, 566], [4618.39, 4623.77, 4618.25, 4623.44, 545], [4623.61, 4624.73, 4621.42, 4622.39, 536], [4622.34, 4623.21, 4620.93, 4621.27, 498], [4621.31, 4622.69, 4620.0, 4620.6, 523], [4620.6, 4625.02, 4619.43, 4623.65, 543], [4623.66, 4626.02, 4622.72, 4623.35, 611], [4623.35, 4624.65, 4622.38, 4624.1, 530], [4624.11, 4624.11, 4621.41, 4622.07, 535], [4622.07, 4622.48, 4619.39, 4620.5, 496], [4620.5, 4622.57, 4620.5, 4621.89, 518], [4621.92, 4624.14, 4621.56, 4623.1, 579], [4623.1, 4624.05, 4622.65, 4623.0, 563], [4623.0, 4623.0, 4618.69, 4618.8, 584]], ""m1_ema9"": 4621.014859, ""m1_ema21"": 4620.925344, ""m1_ema50"": 4621.670871, ""m1_rsi14"": 45.4, ""m1_atr14"": 2.936429, ""m1_adx14"": 22.35, ""m1_plusdi"": 12.78, ""m1_minusdi"": 20.85, ""m5_ema20"": 4624.5531, ""m5_ema50"": 4625.455013, ""m5_rsi14"": 41.42, ""m5_atr14"": 7.372857, ""m5_adx14"": 24.7, ""m5_plusdi"": 11.46, ""m5_minusdi"": 15.74, ""hour_gmt"": 14, ""open_ea_trades"": 0, ""trades_today"": 0}}",4618.97,91.36,4618.8,91.36,91.36,14,22.35,2.936429,4621.27,4623.21,4620.93,4622.34,498.0,4620.6,4622.69,4620.0,4621.31,523.0,4623.65,4625.02,4619.43,4620.6,543.0,4623.35,4626.02,4622.72,4623.66,611.0,4624.1,4624.65,4622.38,4623.35,530.0,4622.07,4624.11,4621.41,4624.11,535.0,4620.5,4622.48,4619.39,4622.07,496.0,4621.89,4622.57,4620.5,4620.5,518.0,4623.1,4624.14,4621.56,4621.92,579.0,4623.0,4624.05,4622.65,4623.1,563.0,4617.53,4618.58,4616.34,4617.36,505.0,4618.8,4623.0,4618.69,4623.0,584.0,4618.07,4620.61,4617.25,4617.53,578.0,4619.66,4622.53,4617.45,4618.27,624.0,4620.45,4621.52,4619.35,4619.83,456.0,4622.08,4622.84,4619.03,4620.45,567.0,4617.25,4622.08,4616.23,4622.08,555.0,4618.39,4619.77,4616.76,4617.25,566.0,4623.44,4623.77,4618.25,4618.39,545.0,4622.39,4624.73,4621.42,4623.61,536.0,4620.925344,4621.670871,4621.014859,20.85,12.78,45.4,24.7,7.372857,4624.5531,4625.455013,15.74,11.46,41.42,0,17,0
2026-04-30T14:31:59,XAUUSD,features,"{""type"": ""features"", ""symbol"": ""XAUUSD"", ""time"": ""2026-04-30T14:31:59"", ""features"": {""symbol"": ""XAUUSD"", ""bid"": 4619.92, ""ask"": 4620.09, ""spread_points"": 17, ""balance"": 91.36, ""equity"": 91.36, ""free_margin"": 91.36, ""m1_ohlcv"": [[4617.53, 4620.61, 4617.25, 4618.07, 578], [4618.27, 4622.53, 4617.45, 4619.66, 624], [4619.83, 4621.52, 4619.35, 4620.45, 456], [4620.45, 4622.84, 4619.03, 4622.08, 567], [4622.08, 4622.08, 4616.23, 4617.25, 555], [4617.25, 4619.77, 4616.76, 4618.39, 566], [4618.39, 4623.77, 4618.25, 4623.44, 545], [4623.61, 4624.73, 4621.42, 4622.39, 536], [4622.34, 4623.21, 4620.93, 4621.27, 498], [4621.31, 4622.69, 4620.0, 4620.6, 523], [4620.6, 4625.02, 4619.43, 4623.65, 543], [4623.66, 4626.02, 4622.72, 4623.35, 611], [4623.35, 4624.65, 4622.38, 4624.1, 530], [4624.11, 4624.11, 4621.41, 4622.07, 535], [4622.07, 4622.48, 4619.39, 4620.5, 496], [4620.5, 4622.57, 4620.5, 4621.89, 518], [4621.92, 4624.14, 4621.56, 4623.1, 579], [4623.1, 4624.05, 4622.65, 4623.0, 563], [4623.0, 4623.0, 4618.69, 4618.8, 584], [4618.8, 4621.45, 4618.61, 4619.92, 526]], ""m1_ema9"": 4620.975087, ""m1_ema21"": 4620.926511, ""m1_ema50"": 4621.644408, ""m1_rsi14"": 47.83, ""m1_atr14"": 2.745, ""m1_adx14"": 22.78, ""m1_plusdi"": 11.07, ""m1_minusdi"": 18.39, ""m5_ema20"": 4624.659767, ""m5_ema50"": 4625.498934, ""m5_rsi14"": 42.51, ""m5_atr14"": 7.378571, ""m5_adx14"": 24.78, ""m5_plusdi"": 11.46, ""m5_minusdi"": 15.94, ""hour_gmt"": 14, ""open_ea_trades"": 0, ""trades_today"": 0}}",4620.09,91.36,4619.92,91.36,91.36,14,22.78,2.745,4620.6,4622.69,4620.0,4621.31,523.0,4623.65,4625.02,4619.43,4620.6,543.0,4623.35,4626.02,4622.72,4623.66,611.0,4624.1,4624.65,4622.38,4623.35,530.0,4622.07,4624.11,4621.41,4624.11,535.0,4620.5,4622.48,4619.39,4622.07,496.0,4621.89,4622.57,4620.5,4620.5,518.0,4623.1,4624.14,4621.56,4621.92,579.0,4623.0,4624.05,4622.65,4623.1,563.0,4618.8,4623.0,4618.69,4623.0,584.0,4618.07,4620.61,4617.25,4617.53,578.0,4619.92,4621.45,4618.61,4618.8,526.0,4619.66,4622.53,4617.45,4618.27,624.0,4620.45,4621.52,4619.35,4619.83,456.0,4622.08,4622.84,4619.03,4620.45,567.0,4617.25,4622.08,4616.23,4622.08,555.0,4618.39,4619.77,4616.76,4617.25,566.0,4623.44,4623.77,4618.25,4618.39,545.0,4622.39,4624.73,4621.42,4623.61,536.0,4621.27,4623.21,4620.93,4622.34,498.0,4620.926511,4621.644408,4620.975087,18.39,11.07,47.83,24.78,7.378571,4624.659767,4625.498934,15.94,11.46,42.51,0,17,0
2026-04-30T14:32:59,XAUUSD,features,"{""type"": ""features"", ""symbol"": ""XAUUSD"", ""time"": ""2026-04-30T14:32:59"", ""features"": {""symbol"": ""XAUUSD"", ""bid"": 4616.55, ""ask"": 4616.72, ""spread_points"": 17, ""balance"": 91.36, ""equity"": 91.36, ""free_margin"": 91.36, ""m1_ohlcv"": [[4618.27, 4622.53, 4617.45, 4619.66, 624], [4619.83, 4621.52, 4619.35, 4620.45, 456], [4620.45, 4622.84, 4619.03, 4622.08, 567], [4622.08, 4622.08, 4616.23, 4617.25, 555], [4617.25, 4619.77, 4616.76, 4618.39, 566], [4618.39, 4623.77, 4618.25, 4623.44, 545], [4623.61, 4624.73, 4621.42, 4622.39, 536], [4622.34, 4623.21, 4620.93, 4621.27, 498], [4621.31, 4622.69, 4620.0, 4620.6, 523], [4620.6, 4625.02, 4619.43, 4623.65, 543], [4623.66, 4626.02, 4622.72, 4623.35, 611], [4623.35, 4624.65, 4622.38, 4624.1, 530], [4624.11, 4624.11, 4621.41, 4622.07, 535], [4622.07, 4622.48, 4619.39, 4620.5, 496], [4620.5, 4622.57, 4620.5, 4621.89, 518], [4621.92, 4624.14, 4621.56, 4623.1, 579], [4623.1, 4624.05, 4622.65, 4623.0, 563], [4623.0, 4623.0, 4618.69, 4618.8, 584], [4618.8, 4621.45, 4618.61, 4619.92, 526], [4619.92, 4620.55, 4615.6, 4616.55, 513]], ""m1_ema9"": 4619.55087, ""m1_ema21"": 4620.250134, ""m1_ema50"": 4621.317653, ""m1_rsi14"": 41.8, ""m1_atr14"": 2.862143, ""m1_adx14"": 27.09, ""m1_plusdi"": 9.6, ""m1_minusdi"": 22.97, ""m5_ema20"": 4624.338814, ""m5_ema50"": 4625.366777, ""m5_rsi14"": 39.39, ""m5_atr14"": 7.593571, ""m5_adx14"": 26.34, ""m5_plusdi"": 11.46, ""m5_minusdi"": 20.4, ""hour_gmt"": 14, ""open_ea_trades"": 0, ""trades_today"": 0}}",4616.72,91.36,4616.55,91.36,91.36,14,27.09,2.862143,4623.65,4625.02,4619.43,4620.6,543.0,4623.35,4626.02,4622.72,4623.66,611.0,4624.1,4624.65,4622.38,4623.35,530.0,4622.07,4624.11,4621.41,4624.11,535.0,4620.5,4622.48,4619.39,4622.07,496.0,4621.89,4622.57,4620.5,4620.5,518.0,4623.1,4624.14,4621.56,4621.92,579.0,4623.0,4624.05,4622.65,4623.1,563.0,4618.8,4623.0,4618.69,4623.0,584.0,4619.92,4621.45,4618.61,4618.8,526.0,4619.66,4622.53,4617.45,4618.27,624.0,4616.55,4620.55,4615.6,4619.92,513.0,4620.45,4621.52,4619.35,4619.83,456.0,4622.08,4622.84,4619.03,4620.45,567.0,4617.25,4622.08,4616.23,4622.08,555.0,4618.39,4619.77,4616.76,4617.25,566.0,4623.44,4623.77,4618.25,4618.39,545.0,4622.39,4624.73,4621.42,4623.61,536.0,4621.27,4623.21,4620.93,4622.34,498.0,4620.6,4622.69,4620.0,4621.31,523.0,4620.250134,4621.317653,4619.55087,22.97,9.6,41.8,26.34,7.593571,4624.338814,4625.366777,20.4,11.46,39.39,0,17,0
2026-04-30T14:33:59,XAUUSD,features,"{""type"": ""features"", ""symbol"": ""XAUUSD"", ""time"": ""2026-04-30T14:33:59"", ""features"": {""symbol"": ""XAUUSD"", ""bid"": 4615.01, ""ask"": 4615.18, ""spread_points"": 17, ""balance"": 91.36, ""equity"": 91.36, ""free_margin"": 91.36, ""m1_ohlcv"": [[4619.83, 4621.52, 4619.35, 4620.45, 456], [4620.45, 4622.84, 4619.03, 4622.08, 567], [4622.08, 4622.08, 4616.23, 4617.25, 555], [4617.25, 4619.77, 4616.76, 4618.39, 566], [4618.39, 4623.77, 4618.25, 4623.44, 545], [4623.61, 4624.73, 4621.42, 4622.39, 536], [4622.34, 4623.21, 4620.93, 4621.27, 498], [4621.31, 4622.69, 4620.0, 4620.6, 523], [4620.6, 4625.02, 4619.43, 4623.65, 543], [4623.66, 4626.02, 4622.72, 4623.35, 611], [4623.35, 4624.65, 4622.38, 4624.1, 530], [4624.11, 4624.11, 4621.41, 4622.07, 535], [4622.07, 4622.48, 4619.39, 4620.5, 496], [4620.5, 4622.57, 4620.5, 4621.89, 518], [4621.92, 4624.14, 4621.56, 4623.1, 579], [4623.1, 4624.05, 4622.65, 4623.0, 563], [4623.0, 4623.0, 4618.69, 4618.8, 584], [4618.8, 4621.45, 4618.61, 4619.92, 526], [4619.92, 4620.55, 4615.6, 4616.55, 513], [4616.55, 4618.2, 4613.72, 4615.01, 595]], ""m1_ema9"": 4618.396296, ""m1_ema21"": 4619.646486, ""m1_ema50"": 4621.01227, ""m1_rsi14"": 39.36, ""m1_atr14"": 3.019286, ""m1_adx14"": 31.1, ""m1_plusdi"": 8.32, ""m1_minusdi"": 24.75, ""m5_ema20"": 4624.192148, ""m5_ema50"": 4625.306385, ""m5_rsi14"": 38.11, ""m5_atr14"": 7.727857, ""m5_adx14"": 26.73, ""m5_plusdi"": 11.46, ""m5_minusdi"": 21.72, ""hour_gmt"": 14, ""open_ea_trades"": 0, ""trades_today"": 0}}",4615.18,91.36,4615.01,91.36,91.36,14,31.1,3.019286,4623.35,4626.02,4622.72,4623.66,611.0,4624.1,4624.65,4622.38,4623.35,530.0,4622.07,4624.11,4621.41,4624.11,535.0,4620.5,4622.48,4619.39,4622.07,496.0,4621.89,4622.57,4620.5,4620.5,518.0,4623.1,4624.14,4621.56,4621.92,579.0,4623.0,4624.05,4622.65,4623.1,563.0,4618.8,4623.0,4618.69,4623.0,584.0,4619.92,4621.45,4618.61,4618.8,526.0,4616.55,4620.55,4615.6,4619.92,513.0,4620.45,4621.52,4619.35,4619.83,456.0,4615.01,4618.2,4613.72,4616.55,595.0,4622.08,4622.84,4619.03,4620.45,567.0,4617.25,4622.08,4616.23,4622.08,555.0,4618.39,4619.77,4616.76,4617.25,566.0,4623.44,4623.77,4618.25,4618.39,545.0,4622.39,4624.73,4621.42,4623.61,536.0,4621.27,4623.21,4620.93,4622.34,498.0,4620.6,4622.69,4620.0,4621.31,523.0,4623.65,4625.02,4619.43,4620.6,543.0,4619.646486,4621.01227,4618.396296,24.75,8.32,39.36,26.73,7.727857,4624.192148,4625.306385,21.72,11.46,38.11,0,17,0
2026-04-30T14:34:59,XAUUSD,features,"{""type"": ""features"", ""symbol"": ""XAUUSD"", ""time"": ""2026-04-30T14:34:59"", ""features"": {""symbol"": ""XAUUSD"", ""bid"": 4617.17, ""ask"": 4617.32, ""spread_points"": 15, ""balance"": 91.36, ""equity"": 91.36, ""free_margin"": 91.36, ""m1_ohlcv"": [[4620.45, 4622.84, 4619.03, 4622.08, 567], [4622.08, 4622.08, 4616.23, 4617.25, 555], [4617.25, 4619.77, 4616.76, 4618.39, 566], [4618.39, 4623.77, 4618.25, 4623.44, 545], [4623.61, 4624.73, 4621.42, 4622.39, 536], [4622.34, 4623.21, 4620.93, 4621.27, 498], [4621.31, 4622.69, 4620.0, 4620.6, 523], [4620.6, 4625.02, 4619.43, 4623.65, 543], [4623.66, 4626.02, 4622.72, 4623.35, 611], [4623.35, 4624.65, 4622.38, 4624.1, 530], [4624.11, 4624.11, 4621.41, 4622.07, 535], [4622.07, 4622.48, 4619.39, 4620.5, 496], [4620.5, 4622.57, 4620.5, 4621.89, 518], [4621.92, 4624.14, 4621.56, 4623.1, 579], [4623.1, 4624.05, 4622.65, 4623.0, 563], [4623.0, 4623.0, 4618.69, 4618.8, 584], [4618.8, 4621.45, 4618.61, 4619.92, 526], [4619.92, 4620.55, 4615.6, 4616.55, 513], [4616.55, 4618.2, 4613.72, 4615.01, 595], [4615.01, 4617.25, 4613.47, 4617.17, 706]], ""m1_ema9"": 4618.496637, ""m1_ema21"": 4619.599863, ""m1_ema50"": 4620.942977, ""m1_rsi14"": 44.27, ""m1_atr14"": 3.097143, ""m1_adx14"": 33.91, ""m1_plusdi"": 7.21, ""m1_minusdi"": 22.22, ""m5_ema20"": 4623.709494, ""m5_ema50"": 4625.068695, ""m5_rsi14"": 39.93, ""m5_atr14"": 7.344286, ""m5_adx14"": 27.36, ""m5_plusdi"": 9.93, ""m5_minusdi"": 18.94, ""hour_gmt"": 14, ""open_ea_trades"": 0, ""trades_today"": 0}}",4617.32,91.36,4617.17,91.36,91.36,14,33.91,3.097143,4624.1,4624.65,4622.38,4623.35,530.0,4622.07,4624.11,4621.41,4624.11,535.0,4620.5,4622.48,4619.39,4622.07,496.0,4621.89,4622.57,4620.5,4620.5,518.0,4623.1,4624.14,4621.56,4621.92,579.0,4623.0,4624.05,4622.65,4623.1,563.0,4618.8,4623.0,4618.69,4623.0,584.0,4619.92,4621.45,4618.61,4618.8,526.0,4616.55,4620.55,4615.6,4619.92,513.0,4615.01,4618.2,4613.72,4616.55,595.0,4622.08,4622.84,4619.03,4620.45,567.0,4617.17,4617.25,4613.47,4615.01,706.0,4617.25,4622.08,4616.23,4622.08,555.0,4618.39,4619.77,4616.76,4617.25,566.0,4623.44,4623.77,4618.25,4618.39,545.0,4622.39,4624.73,4621.42,4623.61,536.0,4621.27,4623.21,4620.93,4622.34,498.0,4620.6,4622.69,4620.0,4621.31,523.0,4623.65,4625.02,4619.43,4620.6,543.0,4623.35,4626.02,4622.72,4623.66,611.0,4619.599863,4620.942977,4618.496637,22.22,7.21,44.27,27.36,7.344286,4623.709494,4625.068695,18.94,9.93,39.93,0,15,0
2026-04-30T14:35:59,XAUUSD,features,"{""type"": ""features"", ""symbol"": ""XAUUSD"", ""time"": ""2026-04-30T14:35:59"", ""features"": {""symbol"": ""XAUUSD"", ""bid"": 4615.28, ""ask"": 4615.64, ""spread_points"": 36, ""balance"": 91.36, ""equity"": 91.36, ""free_margin"": 91.36, ""m1_ohlcv"": [[4622.08, 4622.08, 4616.23, 4617.25, 555], [4617.25, 4619.77, 4616.76, 4618.39, 566], [4618.39, 4623.77, 4618.25, 4623.44, 545], [4623.61, 4624.73, 4621.42, 4622.39, 536], [4622.34, 4623.21, 4620.93, 4621.27, 498], [4621.31, 4622.69, 4620.0, 4620.6, 523], [4620.6, 4625.02, 4619.43, 4623.65, 543], [4623.66, 4626.02, 4622.72, 4623.35, 611], [4623.35, 4624.65, 4622.38, 4624.1, 530], [4624.11, 4624.11, 4621.41, 4622.07, 535], [4622.07, 4622.48, 4619.39, 4620.5, 496], [4620.5, 4622.57, 4620.5, 4621.89, 518], [4621.92, 4624.14, 4621.56, 4623.1, 579], [4623.1, 4624.05, 4622.65, 4623.0, 563], [4623.0, 4623.0, 4618.69, 4618.8, 584], [4618.8, 4621.45, 4618.61, 4619.92, 526], [4619.92, 4620.55, 4615.6, 4616.55, 513], [4616.55, 4618.2, 4613.72, 4615.01, 595], [4615.01, 4617.25, 4613.47, 4617.17, 706], [4617.17, 4617.17, 4614.7, 4615.32, 653]], ""m1_ema9"": 4617.557309, ""m1_ema21"": 4619.054256, ""m1_ema50"": 4620.651196, ""m1_rsi14"": 41.13, ""m1_atr14"": 2.877143, ""m1_adx14"": 36.19, ""m1_plusdi"": 6.25, ""m1_minusdi"": 19.25, ""m5_ema20"": 4623.529494, ""m5_ema50"": 4624.994578, ""m5_rsi14"": 38.21, ""m5_atr14"": 7.520714, ""m5_adx14"": 27.36, ""m5_plusdi"": 9.93, ""m5_minusdi"": 18.94, ""hour_gmt"": 14, ""open_ea_trades"": 0, ""trades_today"": 0}}",4615.64,91.36,4615.28,91.36,91.36,14,36.19,2.877143,4622.07,4624.11,4621.41,4624.11,535.0,4620.5,4622.48,4619.39,4622.07,496.0,4621.89,4622.57,4620.5,4620.5,518.0,4623.1,4624.14,4621.56,4621.92,579.0,4623.0,4624.05,4622.65,4623.1,563.0,4618.8,4623.0,4618.69,4623.0,584.0,4619.92,4621.45,4618.61,4618.8,526.0,4616.55,4620.55,4615.6,4619.92,513.0,4615.01,4618.2,4613.72,4616.55,595.0,4617.17,4617.25,4613.47,4615.01,706.0,4617.25,4622.08,4616.23,4622.08,555.0,4615.32,4617.17,4614.7,4617.17,653.0,4618.39,4619.77,4616.76,4617.25,566.0,4623.44,4623.77,4618.25,4618.39,545.0,4622.39,4624.73,4621.42,4623.61,536.0,4621.27,4623.21,4620.93,4622.34,498.0,4620.6,4622.69,4620.0,4621.31,523.0,4623.65,4625.02,4619.43,4620.6,543.0,4623.35,4626.02,4622.72,4623.66,611.0,4624.1,4624.65,4622.38,4623.35,530.0,4619.054256,4620.651196,4617.557309,19.25,6.25,41.13,27.36,7.520714,4623.529494,4624.994578,18.94,9.93,38.21,0,36,0
2026-04-30T14:36:59,XAUUSD,features,"{""type"": ""features"", ""symbol"": ""XAUUSD"", ""time"": ""2026-04-30T14:36:59"", ""features"": {""symbol"": ""XAUUSD"", ""bid"": 4612.67, ""ask"": 4612.84, ""spread_points"": 17, ""balance"": 91.36, ""equity"": 91.36, ""free_margin"": 91.36, ""m1_ohlcv"": [[4617.25, 4619.77, 4616.76, 4618.39, 566], [4618.39, 4623.77, 4618.25, 4623.44, 545], [4623.61, 4624.73, 4621.42, 4622.39, 536], [4622.34, 4623.21, 4620.93, 4621.27, 498], [4621.31, 4622.69, 4620.0, 4620.6, 523], [4620.6, 4625.02, 4619.43, 4623.65, 543], [4623.66, 4626.02, 4622.72, 4623.35, 611], [4623.35, 4624.65, 4622.38, 4624.1, 530], [4624.11, 4624.11, 4621.41, 4622.07, 535], [4622.07, 4622.48, 4619.39, 4620.5, 496], [4620.5, 4622.57, 4620.5, 4621.89, 518], [4621.92, 4624.14, 4621.56, 4623.1, 579], [4623.1, 4624.05, 4622.65, 4623.0, 563], [4623.0, 4623.0, 4618.69, 4618.8, 584], [4618.8, 4621.45, 4618.61, 4619.92, 526], [4619.92, 4620.55, 4615.6, 4616.55, 513], [4616.55, 4618.2, 4613.72, 4615.01, 595], [4615.01, 4617.25, 4613.47, 4617.17, 706], [4617.17, 4617.17, 4614.7, 4615.32, 653], [4615.28, 4615.39, 4611.34, 4612.68, 840]], ""m1_ema9"": 4616.163847, ""m1_ema21"": 4618.258993, ""m1_ema50"": 4620.240245, ""m1_rsi14"": 37.2, ""m1_atr14"": 2.928571, ""m1_adx14"": 41.85, ""m1_plusdi"": 5.41, ""m1_minusdi"": 26.27, ""m5_ema20"": 4623.280923, ""m5_ema50"": 4624.892225, ""m5_rsi14"": 36.06, ""m5_atr14"": 7.760714, ""m5_adx14"": 28.68, ""m5_plusdi"": 9.93, ""m5_minusdi"": 23.81, ""hour_gmt"": 14, ""open_ea_trades"": 0, ""trades_today"": 0}}",4612.84,91.36,4612.67,91.36,91.36,14,41.85,2.928571,4620.5,4622.48,4619.39,4622.07,496.0,4621.89,4622.57,4620.5,4620.5,518.0,4623.1,4624.14,4621.56,4621.92,579.0,4623.0,4624.05,4622.65,4623.1,563.0,4618.8,4623.0,4618.69,4623.0,584.0,4619.92,4621.45,4618.61,4618.8,526.0,4616.55,4620.55,4615.6,4619.92,513.0,4615.01,4618.2,4613.72,4616.55,595.0,4617.17,4617.25,4613.47,4615.01,706.0,4615.32,4617.17,4614.7,4617.17,653.0,4618.39,4619.77,4616.76,4617.25,566.0,4612.68,4615.39,4611.34,4615.28,840.0,4623.44,4623.77,4618.25,4618.39,545.0,4622.39,4624.73,4621.42,4623.61,536.0,4621.27,4623.21,4620.93,4622.34,498.0,4620.6,4622.69,4620.0,4621.31,523.0,4623.65,4625.02,4619.43,4620.6,543.0,4623.35,4626.02,4622.72,4623.66,611.0,4624.1,4624.65,4622.38,4623.35,530.0,4622.07,4624.11,4621.41,4624.11,535.0,4618.258993,4620.240245,4616.163847,26.27,5.41,37.2,28.68,7.760714,4623.280923,4624.892225,23.81,9.93,36.06,0,17,0
2026-04-30T14:37:59,XAUUSD,features,"{""type"": ""features"", ""symbol"": ""XAUUSD"", ""time"": ""2026-04-30T14:37:59"", ""features"": {""symbol"": ""XAUUSD"", ""bid"": 4612.83, ""ask"": 4613.0, ""spread_points"": 17, ""balance"": 91.36, ""equity"": 91.36, ""free_margin"": 91.36, ""m1_ohlcv"": [[4618.39, 4623.77, 4618.25, 4623.44, 545], [4623.61, 4624.73, 4621.42, 4622.39, 536], [4622.34, 4623.21, 4620.93, 4621.27, 498], [4621.31, 4622.69, 4620.0, 4620.6, 523], [4620.6, 4625.02, 4619.43, 4623.65, 543], [4623.66, 4626.02, 4622.72, 4623.35, 611], [4623.35, 4624.65, 4622.38, 4624.1, 530], [4624.11, 4624.11, 4621.41, 4622.07, 535], [4622.07, 4622.48, 4619.39, 4620.5, 496], [4620.5, 4622.57, 4620.5, 4621.89, 518], [4621.92, 4624.14, 4621.56, 4623.1, 579], [4623.1, 4624.05, 4622.65, 4623.0, 563], [4623.0, 4623.0, 4618.69, 4618.8, 584], [4618.8, 4621.45, 4618.61, 4619.92, 526], [4619.92, 4620.55, 4615.6, 4616.55, 513], [4616.55, 4618.2, 4613.72, 4615.01, 595], [4615.01, 4617.25, 4613.47, 4617.17, 706], [4617.17, 4617.17, 4614.7, 4615.32, 653], [4615.28, 4615.39, 4611.34, 4612.68, 840], [4612.67, 4613.23, 4610.81, 4612.83, 740]], ""m1_ema9"": 4615.522678, ""m1_ema21"": 4617.778671, ""m1_ema50"": 4619.955676, ""m1_rsi14"": 37.58, ""m1_atr14"": 2.938571, ""m1_adx14"": 45.77, ""m1_plusdi"": 4.69, ""m1_minusdi"": 25.3, ""m5_ema20"": 4623.296161, ""m5_ema50"": 4624.898499, ""m5_rsi14"": 36.19, ""m5_atr14"": 7.798571, ""m5_adx14"": 28.84, ""m5_plusdi"": 9.93, ""m5_minusdi"": 24.52, ""hour_gmt"": 14, ""open_ea_trades"": 0, ""trades_today"": 0}}",4613.0,91.36,4612.83,91.36,91.36,14,45.77,2.938571,4621.89,4622.57,4620.5,4620.5,518.0,4623.1,4624.14,4621.56,4621.92,579.0,4623.0,4624.05,4622.65,4623.1,563.0,4618.8,4623.0,4618.69,4623.0,584.0,4619.92,4621.45,4618.61,4618.8,526.0,4616.55,4620.55,4615.6,4619.92,513.0,4615.01,4618.2,4613.72,4616.55,595.0,4617.17,4617.25,4613.47,4615.01,706.0,4615.32,4617.17,4614.7,4617.17,653.0,4612.68,4615.39,4611.34,4615.28,840.0,4623.44,4623.77,4618.25,4618.39,545.0,4612.83,4613.23,4610.81,4612.67,740.0,4622.39,4624.73,4621.42,4623.61,536.0,4621.27,4623.21,4620.93,4622.34,498.0,4620.6,4622.69,4620.0,4621.31,523.0,4623.65,4625.02,4619.43,4620.6,543.0,4623.35,4626.02,4622.72,4623.66,611.0,4624.1,4624.65,4622.38,4623.35,530.0,4622.07,4624.11,4621.41,4624.11,535.0,4620.5,4622.48,4619.39,4622.07,496.0,4617.778671,4619.955676,4615.522678,25.3,4.69,37.58,28.84,7.798571,4623.296161,4624.898499,24.52,9.93,36.19,0,17,0
2026-04-30T14:38:59,XAUUSD,features,"{""type"": ""features"", ""symbol"": ""XAUUSD"", ""time"": ""2026-04-30T14:38:59"", ""features"": {""symbol"": ""XAUUSD"", ""bid"": 4612.65, ""ask"": 4612.82, ""spread_points"": 17, ""balance"": 91.36, ""equity"": 91.36, ""free_margin"": 91.36, ""m1_ohlcv"": [[4623.61, 4624.73, 4621.42, 4622.39, 536], [4622.34, 4623.21, 4620.93, 4621.27, 498], [4621.31, 4622.69, 4620.0, 4620.6, 523], [4620.6, 4625.02, 4619.43, 4623.65, 543], [4623.66, 4626.02, 4622.72, 4623.35, 611], [4623.35, 4624.65, 4622.38, 4624.1, 530], [4624.11, 4624.11, 4621.41, 4622.07, 535], [4622.07, 4622.48, 4619.39, 4620.5, 496], [4620.5, 4622.57, 4620.5, 4621.89, 518], [4621.92, 4624.14, 4621.56, 4623.1, 579], [4623.1, 4624.05, 4622.65, 4623.0, 563], [4623.0, 4623.0, 4618.69, 4618.8, 584], [4618.8, 4621.45, 4618.61, 4619.92, 526], [4619.92, 4620.55, 4615.6, 4616.55, 513], [4616.55, 4618.2, 4613.72, 4615.01, 595], [4615.01, 4617.25, 4613.47, 4617.17, 706], [4617.17, 4617.17, 4614.7, 4615.32, 653], [4615.28, 4615.39, 4611.34, 4612.68, 840], [4612.67, 4613.23, 4610.81, 4612.83, 740], [4612.83, 4614.22, 4612.41, 4612.65, 566]], ""m1_ema9"": 4614.919342, ""m1_ema21"": 4617.297552, ""m1_ema50"": 4619.662397, ""m1_rsi14"": 37.3, ""m1_atr14"": 2.875, ""m1_adx14"": 40.61, ""m1_plusdi"": 10.39, ""m1_minusdi"": 21.93, ""m5_ema20"": 4623.279018, ""m5_ema50"": 4624.89144, ""m5_rsi14"": 36.05, ""m5_atr14"": 7.798571, ""m5_adx14"": 28.84, ""m5_plusdi"": 9.93, ""m5_minusdi"": 24.52, ""hour_gmt"": 14, ""open_ea_trades"": 0, ""trades_today"": 0}}",4612.82,91.36,4612.65,91.36,91.36,14,40.61,2.875,4623.1,4624.14,4621.56,4621.92,579.0,4623.0,4624.05,4622.65,4623.1,563.0,4618.8,4623.0,4618.69,4623.0,584.0,4619.92,4621.45,4618.61,4618.8,526.0,4616.55,4620.55,4615.6,4619.92,513.0,4615.01,4618.2,4613.72,4616.55,595.0,4617.17,4617.25,4613.47,4615.01,706.0,4615.32,4617.17,4614.7,4617.17,653.0,4612.68,4615.39,4611.34,4615.28,840.0,4612.83,4613.23,4610.81,4612.67,740.0,4622.39,4624.73,4621.42,4623.61,536.0,4612.65,4614.22,4612.41,4612.83,566.0,4621.27,4623.21,4620.93,4622.34,498.0,4620.6,4622.69,4620.0,4621.31,523.0,4623.65,4625.02,4619.43,4620.6,543.0,4623.35,4626.02,4622.72,4623.66,611.0,4624.1,4624.65,4622.38,4623.35,530.0,4622.07,4624.11,4621.41,4624.11,535.0,4620.5,4622.48,4619.39,4622.07,496.0,4621.89,4622.57,4620.5,4620.5,518.0,4617.297552,4619.662397,4614.919342,21.93,10.39,37.3,28.84,7.798571,4623.279018,4624.89144,24.52,9.93,36.05,0,17,0
2026-04-30T14:39:59,XAUUSD,features,"{""type"": ""features"", ""symbol"": ""XAUUSD"", ""time"": ""2026-04-30T14:39:59"", ""features"": {""symbol"": ""XAUUSD"", ""bid"": 4612.33, ""ask"": 4612.5, ""spread_points"": 17, ""balance"": 91.36, ""equity"": 91.36, ""free_margin"": 91.36, ""m1_ohlcv"": [[4622.34, 4623.21, 4620.93, 4621.27, 498], [4621.31, 4622.69, 4620.0, 4620.6, 523], [4620.6, 4625.02, 4619.43, 4623.65, 543], [4623.66, 4626.02, 4622.72, 4623.35, 611], [4623.35, 4624.65, 4622.38, 4624.1, 530], [4624.11, 4624.11, 4621.41, 4622.07, 535], [4622.07, 4622.48, 4619.39, 4620.5, 496], [4620.5, 4622.57, 4620.5, 4621.89, 518], [4621.92, 4624.14, 4621.56, 4623.1, 579], [4623.1, 4624.05, 4622.65, 4623.0, 563], [4623.0, 4623.0, 4618.69, 4618.8, 584], [4618.8, 4621.45, 4618.61, 4619.92, 526], [4619.92, 4620.55, 4615.6, 4616.55, 513], [4616.55, 4618.2, 4613.72, 4615.01, 595], [4615.01, 4617.25, 4613.47, 4617.17, 706], [4617.17, 4617.17, 4614.7, 4615.32, 653], [4615.28, 4615.39, 4611.34, 4612.68, 840], [4612.67, 4613.23, 4610.81, 4612.83, 740], [4612.83, 4614.22, 4612.41, 4612.65, 566], [4612.65, 4612.85, 4611.22, 4612.33, 496]], ""m1_ema9"": 4614.350274, ""m1_ema21"": 4616.81951, ""m1_ema50"": 4619.362795, ""m1_rsi14"": 36.77, ""m1_atr14"": 2.770714, ""m1_adx14"": 43.66, ""m1_plusdi"": 9.0, ""m1_minusdi"": 27.44, ""m5_ema20"": 4622.208681, ""m5_ema50"": 4624.386778, ""m5_rsi14"": 35.8, ""m5_atr14"": 7.352143, ""m5_adx14"": 30.64, ""m5_plusdi"": 8.61, ""m5_minusdi"": 21.25, ""hour_gmt"": 14, ""open_ea_trades"": 0, ""trades_today"": 0}}",4612.5,91.36,4612.33,91.36,91.36,14,43.66,2.770714,4623.0,4624.05,4622.65,4623.1,563.0,4618.8,4623.0,4618.69,4623.0,584.0,4619.92,4621.45,4618.61,4618.8,526.0,4616.55,4620.55,4615.6,4619.92,513.0,4615.01,4618.2,4613.72,4616.55,595.0,4617.17,4617.25,4613.47,4615.01,706.0,4615.32,4617.17,4614.7,4617.17,653.0,4612.68,4615.39,4611.34,4615.28,840.0,4612.83,4613.23,4610.81,4612.67,740.0,4612.65,4614.22,4612.41,4612.83,566.0,4621.27,4623.21,4620.93,4622.34,498.0,4612.33,4612.85,4611.22,4612.65,496.0,4620.6,4622.69,4620.0,4621.31,523.0,4623.65,4625.02,4619.43,4620.6,543.0,4623.35,4626.02,4622.72,4623.66,611.0,4624.1,4624.65,4622.38,4623.35,530.0,4622.07,4624.11,4621.41,4624.11,535.0,4620.5,4622.48,4619.39,4622.07,496.0,4621.89,4622.57,4620.5,4620.5,518.0,4623.1,4624.14,4621.56,4621.92,579.0,4616.81951,4619.362795,4614.350274,27.44,9.0,36.77,30.64,7.352143,4622.208681,4624.386778,21.25,8.61,35.8,0,17,0
2026-04-30T14:40:59,XAUUSD,features,"{""type"": ""features"", ""symbol"": ""XAUUSD"", ""time"": ""2026-04-30T14:40:59"", ""features"": {""symbol"": ""XAUUSD"", ""bid"": 4615.55, ""ask"": 4615.72, ""spread_points"": 17, ""balance"": 91.36, ""equity"": 91.36, ""free_margin"": 91.36, ""m1_ohlcv"": [[4621.31, 4622.69, 4620.0, 4620.6, 523], [4620.6, 4625.02, 4619.43, 4623.65, 543], [4623.66, 4626.02, 4622.72, 4623.35, 611], [4623.35, 4624.65, 4622.38, 4624.1, 530], [4624.11, 4624.11, 4621.41, 4622.07, 535], [4622.07, 4622.48, 4619.39, 4620.5, 496], [4620.5, 4622.57, 4620.5, 4621.89, 518], [4621.92, 4624.14, 4621.56, 4623.1, 579], [4623.1, 4624.05, 4622.65, 4623.0, 563], [4623.0, 4623.0, 4618.69, 4618.8, 584], [4618.8, 4621.45, 4618.61, 4619.92, 526], [4619.92, 4620.55, 4615.6, 4616.55, 513], [4616.55, 4618.2, 4613.72, 4615.01, 595], [4615.01, 4617.25, 4613.47, 4617.17, 706], [4617.17, 4617.17, 4614.7, 4615.32, 653], [4615.28, 4615.39, 4611.34, 4612.68, 840], [4612.67, 4613.23, 4610.81, 4612.83, 740], [4612.83, 4614.22, 4612.41, 4612.65, 566], [4612.65, 4612.85, 4611.22, 4612.33, 496], [4612.33, 4615.99, 4612.33, 4615.55, 686]], ""m1_ema9"": 4615.105419, ""m1_ema21"": 4616.970216, ""m1_ema50"": 4619.334596, ""m1_rsi14"": 45.21, ""m1_atr14"": 2.884286, ""m1_adx14"": 35.63, ""m1_plusdi"": 17.72, ""m1_minusdi"": 23.78, ""m5_ema20"": 4622.515347, ""m5_ema50"": 4624.513053, ""m5_rsi14"": 40.23, ""m5_atr14"": 7.613571, ""m5_adx14"": 30.64, ""m5_plusdi"": 8.61, ""m5_minusdi"": 21.25, ""hour_gmt"": 14, ""open_ea_trades"": 0, ""trades_today"": 0}}",4615.72,91.36,4615.55,91.36,91.36,14,35.63,2.884286,4618.8,4623.0,4618.69,4623.0,584.0,4619.92,4621.45,4618.61,4618.8,526.0,4616.55,4620.55,4615.6,4619.92,513.0,4615.01,4618.2,4613.72,4616.55,595.0,4617.17,4617.25,4613.47,4615.01,706.0,4615.32,4617.17,4614.7,4617.17,653.0,4612.68,4615.39,4611.34,4615.28,840.0,4612.83,4613.23,4610.81,4612.67,740.0,4612.65,4614.22,4612.41,4612.83,566.0,4612.33,4612.85,4611.22,4612.65,496.0,4620.6,4622.69,4620.0,4621.31,523.0,4615.55,4615.99,4612.33,4612.33,686.0,4623.65,4625.02,4619.43,4620.6,543.0,4623.35,4626.02,4622.72,4623.66,611.0,4624.1,4624.65,4622.38,4623.35,530.0,4622.07,4624.11,4621.41,4624.11,535.0,4620.5,4622.48,4619.39,4622.07,496.0,4621.89,4622.57,4620.5,4620.5,518.0,4623.1,4624.14,4621.56,4621.92,579.0,4623.0,4624.05,4622.65,4623.1,563.0,4616.970216,4619.334596,4615.105419,23.78,17.72,45.21,30.64,7.613571,4622.515347,4624.513053,21.25,8.61,40.23,0,17,0
2026-04-30T14:41:59,XAUUSD,features,"{""type"": ""features"", ""symbol"": ""XAUUSD"", ""time"": ""2026-04-30T14:41:59"", ""features"": {""symbol"": ""XAUUSD"", ""bid"": 4617.62, ""ask"": 4617.79, ""spread_points"": 17, ""balance"": 91.36, ""equity"": 91.36, ""free_margin"": 91.36, ""m1_ohlcv"": [[4620.6, 4625.02, 4619.43, 4623.65, 543], [4623.66, 4626.02, 4622.72, 4623.35, 611], [4623.35, 4624.65, 4622.38, 4624.1, 530], [4624.11, 4624.11, 4621.41, 4622.07, 535], [4622.07, 4622.48, 4619.39, 4620.5, 496], [4620.5, 4622.57, 4620.5, 4621.89, 518], [4621.92, 4624.14, 4621.56, 4623.1, 579], [4623.1, 4624.05, 4622.65, 4623.0, 563], [4623.0, 4623.0, 4618.69, 4618.8, 584], [4618.8, 4621.45, 4618.61, 4619.92, 526], [4619.92, 4620.55, 4615.6, 4616.55, 513], [4616.55, 4618.2, 4613.72, 4615.01, 595], [4615.01, 4617.25, 4613.47, 4617.17, 706], [4617.17, 4617.17, 4614.7, 4615.32, 653], [4615.28, 4615.39, 4611.34, 4612.68, 840], [4612.67, 4613.23, 4610.81, 4612.83, 740], [4612.83, 4614.22, 4612.41, 4612.65, 566], [4612.65, 4612.85, 4611.22, 4612.33, 496], [4612.33, 4615.99, 4612.33, 4615.55, 686], [4615.55, 4618.18, 4613.88, 4617.62, 616]], ""m1_ema9"": 4615.939535, ""m1_ema21"": 4617.200362, ""m1_ema50"": 4619.34535, ""m1_rsi14"": 49.85, ""m1_atr14"": 3.007143, ""m1_adx14"": 29.57, ""m1_plusdi"": 21.24, ""m1_minusdi"": 20.61, ""m5_ema20"": 4622.71249, ""m5_ema50"": 4624.594229, ""m5_rsi14"": 42.76, ""m5_atr14"": 7.77, ""m5_adx14"": 29.28, ""m5_plusdi"": 10.91, ""m5_minusdi"": 21.25, ""hour_gmt"": 14, ""open_ea_trades"": 0, ""trades_today"": 0}}",4617.79,91.36,4617.62,91.36,91.36,14,29.57,3.007143,4619.92,4621.45,4618.61,4618.8,526.0,4616.55,4620.55,4615.6,4619.92,513.0,4615.01,4618.2,4613.72,4616.55,595.0,4617.17,4617.25,4613.47,4615.01,706.0,4615.32,4617.17,4614.7,4617.17,653.0,4612.68,4615.39,4611.34,4615.28,840.0,4612.83,4613.23,4610.81,4612.67,740.0,4612.65,4614.22,4612.41,4612.83,566.0,4612.33,4612.85,4611.22,4612.65,496.0,4615.55,4615.99,4612.33,4612.33,686.0,4623.65,4625.02,4619.43,4620.6,543.0,4617.62,4618.18,4613.88,4615.55,616.0,4623.35,4626.02,4622.72,4623.66,611.0,4624.1,4624.65,4622.38,4623.35,530.0,4622.07,4624.11,4621.41,4624.11,535.0,4620.5,4622.48,4619.39,4622.07,496.0,4621.89,4622.57,4620.5,4620.5,518.0,4623.1,4624.14,4621.56,4621.92,579.0,4623.0,4624.05,4622.65,4623.1,563.0,4618.8,4623.0,4618.69,4623.0,584.0,4617.200362,4619.34535,4615.939535,20.61,21.24,49.85,29.28,7.77,4622.71249,4624.594229,21.25,10.91,42.76,0,17,0
2026-04-30T14:42:59,XAUUSD,features,"{""type"": ""features"", ""symbol"": ""XAUUSD"", ""time"": ""2026-04-30T14:42:59"", ""features"": {""symbol"": ""XAUUSD"", ""bid"": 4617.32, ""ask"": 4617.49, ""spread_points"": 17, ""balance"": 91.36, ""equity"": 91.36, ""free_margin"": 91.36, ""m1_ohlcv"": [[4623.66, 4626.02, 4622.72, 4623.35, 611], [4623.35, 4624.65, 4622.38, 4624.1, 530], [4624.11, 4624.11, 4621.41, 4622.07, 535], [4622.07, 4622.48, 4619.39, 4620.5, 496], [4620.5, 4622.57, 4620.5, 4621.89, 518], [4621.92, 4624.14, 4621.56, 4623.1, 579], [4623.1, 4624.05, 4622.65, 4623.0, 563], [4623.0, 4623.0, 4618.69, 4618.8, 584], [4618.8, 4621.45, 4618.61, 4619.92, 526], [4619.92, 4620.55, 4615.6, 4616.55, 513], [4616.55, 4618.2, 4613.72, 4615.01, 595], [4615.01, 4617.25, 4613.47, 4617.17, 706], [4617.17, 4617.17, 4614.7, 4615.32, 653], [4615.28, 4615.39, 4611.34, 4612.68, 840], [4612.67, 4613.23, 4610.81, 4612.83, 740], [4612.83, 4614.22, 4612.41, 4612.65, 566], [4612.65, 4612.85, 4611.22, 4612.33, 496], [4612.33, 4615.99, 4612.33, 4615.55, 686], [4615.55, 4618.18, 4613.88, 4617.62, 616], [4617.62, 4618.44, 4616.67, 4617.32, 483]], ""m1_ema9"": 4616.167628, ""m1_ema21"": 4617.186444, ""m1_ema50"": 4619.254621, ""m1_rsi14"": 49.2, ""m1_atr14"": 3.033571, ""m1_adx14"": 26.92, ""m1_plusdi"": 20.1, ""m1_minusdi"": 17.86, ""m5_ema20"": 4622.683919, ""m5_ema50"": 4624.582464, ""m5_rsi14"": 42.41, ""m5_atr14"": 7.788571, ""m5_adx14"": 29.03, ""m5_plusdi"": 11.38, ""m5_minusdi"": 21.25, ""hour_gmt"": 14, ""open_ea_trades"": 0, ""trades_today"": 0}}",4617.49,91.36,4617.32,91.36,91.36,14,26.92,3.033571,4616.55,4620.55,4615.6,4619.92,513.0,4615.01,4618.2,4613.72,4616.55,595.0,4617.17,4617.25,4613.47,4615.01,706.0,4615.32,4617.17,4614.7,4617.17,653.0,4612.68,4615.39,4611.34,4615.28,840.0,4612.83,4613.23,4610.81,4612.67,740.0,4612.65,4614.22,4612.41,4612.83,566.0,4612.33,4612.85,4611.22,4612.65,496.0,4615.55,4615.99,4612.33,4612.33,686.0,4617.62,4618.18,4613.88,4615.55,616.0,4623.35,4626.02,4622.72,4623.66,611.0,4617.32,4618.44,4616.67,4617.62,483.0,4624.1,4624.65,4622.38,4623.35,530.0,4622.07,4624.11,4621.41,4624.11,535.0,4620.5,4622.48,4619.39,4622.07,496.0,4621.89,4622.57,4620.5,4620.5,518.0,4623.1,4624.14,4621.56,4621.92,579.0,4623.0,4624.05,4622.65,4623.1,563.0,4618.8,4623.0,4618.69,4623.0,584.0,4619.92,4621.45,4618.61,4618.8,526.0,4617.186444,4619.254621,4616.167628,17.86,20.1,49.2,29.03,7.788571,4622.683919,4624.582464,21.25,11.38,42.41,0,17,0
2026-04-30T14:43:59,XAUUSD,features,"{""type"": ""features"", ""symbol"": ""XAUUSD"", ""time"": ""2026-04-30T14:43:59"", ""features"": {""symbol"": ""XAUUSD"", ""bid"": 4619.07, ""ask"": 4619.11, ""spread_points"": 4, ""balance"": 91.36, ""equity"": 91.36, ""free_margin"": 91.36, ""m1_ohlcv"": [[4623.35, 4624.65, 4622.38, 4624.1, 530], [4624.11, 4624.11, 4621.41, 4622.07, 535], [4622.07, 4622.48, 4619.39, 4620.5, 496], [4620.5, 4622.57, 4620.5, 4621.89, 518], [4621.92, 4624.14, 4621.56, 4623.1, 579], [4623.1, 4624.05, 4622.65, 4623.0, 563], [4623.0, 4623.0, 4618.69, 4618.8, 584], [4618.8, 4621.45, 4618.61, 4619.92, 526], [4619.92, 4620.55, 4615.6, 4616.55, 513], [4616.55, 4618.2, 4613.72, 4615.01, 595], [4615.01, 4617.25, 4613.47, 4617.17, 706], [4617.17, 4617.17, 4614.7, 4615.32, 653], [4615.28, 4615.39, 4611.34, 4612.68, 840], [4612.67, 4613.23, 4610.81, 4612.83, 740], [4612.83, 4614.22, 4612.41, 4612.65, 566], [4612.65, 4612.85, 4611.22, 4612.33, 496], [4612.33, 4615.99, 4612.33, 4615.55, 686], [4615.55, 4618.18, 4613.88, 4617.62, 616], [4617.62, 4618.44, 4616.67, 4617.32, 483], [4617.32, 4620.8, 4617.32, 4619.07, 415]], ""m1_ema9"": 4617.028103, ""m1_ema21"": 4617.502305, ""m1_ema50"": 4619.313317, ""m1_rsi14"": 53.05, ""m1_atr14"": 2.974286, ""m1_adx14"": 28.62, ""m1_plusdi"": 25.26, ""m1_minusdi"": 15.48, ""m5_ema20"": 4622.850585, ""m5_ema50"": 4624.651092, ""m5_rsi14"": 44.42, ""m5_atr14"": 7.957143, ""m5_adx14"": 27.59, ""m5_plusdi"": 14.32, ""m5_minusdi"": 21.25, ""hour_gmt"": 14, ""open_ea_trades"": 0, ""trades_today"": 0}}",4619.11,91.36,4619.07,91.36,91.36,14,28.62,2.974286,4615.01,4618.2,4613.72,4616.55,595.0,4617.17,4617.25,4613.47,4615.01,706.0,4615.32,4617.17,4614.7,4617.17,653.0,4612.68,4615.39,4611.34,4615.28,840.0,4612.83,4613.23,4610.81,4612.67,740.0,4612.65,4614.22,4612.41,4612.83,566.0,4612.33,4612.85,4611.22,4612.65,496.0,4615.55,4615.99,4612.33,4612.33,686.0,4617.62,4618.18,4613.88,4615.55,616.0,4617.32,4618.44,4616.67,4617.62,483.0,4624.1,4624.65,4622.38,4623.35,530.0,4619.07,4620.8,4617.32,4617.32,415.0,4622.07,4624.11,4621.41,4624.11,535.0,4620.5,4622.48,4619.39,4622.07,496.0,4621.89,4622.57,4620.5,4620.5,518.0,4623.1,4624.14,4621.56,4621.92,579.0,4623.0,4624.05,4622.65,4623.1,563.0,4618.8,4623.0,4618.69,4623.0,584.0,4619.92,4621.45,4618.61,4618.8,526.0,4616.55,4620.55,4615.6,4619.92,513.0,4617.502305,4619.313317,4617.028103,15.48,25.26,53.05,27.59,7.957143,4622.850585,4624.651092,21.25,14.32,44.42,0,4,0
2026-04-30T14:44:59,XAUUSD,features,"{""type"": ""features"", ""symbol"": ""XAUUSD"", ""time"": ""2026-04-30T14:44:59"", ""features"": {""symbol"": ""XAUUSD"", ""bid"": 4617.74, ""ask"": 4617.91, ""spread_points"": 17, ""balance"": 91.36, ""equity"": 91.36, ""free_margin"": 91.36, ""m1_ohlcv"": [[4624.11, 4624.11, 4621.41, 4622.07, 535], [4622.07, 4622.48, 4619.39, 4620.5, 496], [4620.5, 4622.57, 4620.5, 4621.89, 518], [4621.92, 4624.14, 4621.56, 4623.1, 579], [4623.1, 4624.05, 4622.65, 4623.0, 563], [4623.0, 4623.0, 4618.69, 4618.8, 584], [4618.8, 4621.45, 4618.61, 4619.92, 526], [4619.92, 4620.55, 4615.6, 4616.55, 513], [4616.55, 4618.2, 4613.72, 4615.01, 595], [4615.01, 4617.25, 4613.47, 4617.17, 706], [4617.17, 4617.17, 4614.7, 4615.32, 653], [4615.28, 4615.39, 4611.34, 4612.68, 840], [4612.67, 4613.23, 4610.81, 4612.83, 740], [4612.83, 4614.22, 4612.41, 4612.65, 566], [4612.65, 4612.85, 4611.22, 4612.33, 496], [4612.33, 4615.99, 4612.33, 4615.55, 686], [4615.55, 4618.18, 4613.88, 4617.62, 616], [4617.62, 4618.44, 4616.67, 4617.32, 483], [4617.32, 4620.8, 4617.32, 4619.07, 415], [4619.07, 4619.33, 4617.43, 4617.74, 427]], ""m1_ema9"": 4616.957682, ""m1_ema21"": 4617.413996, ""m1_ema50"": 4619.201507, ""m1_rsi14"": 49.95, ""m1_atr14"": 2.907143, ""m1_adx14"": 28.01, ""m1_plusdi"": 21.89, ""m1_minusdi"": 13.42, ""m5_ema20"": 4622.24926, ""m5_ema50"": 4624.329957, ""m5_rsi14"": 42.91, ""m5_atr14"": 7.511429, ""m5_adx14"": 26.51, ""m5_plusdi"": 12.41, ""m5_minusdi"": 18.42, ""hour_gmt"": 14, ""open_ea_trades"": 0, ""trades_today"": 0}}",4617.91,91.36,4617.74,91.36,91.36,14,28.01,2.907143,4617.17,4617.25,4613.47,4615.01,706.0,4615.32,4617.17,4614.7,4617.17,653.0,4612.68,4615.39,4611.34,4615.28,840.0,4612.83,4613.23,4610.81,4612.67,740.0,4612.65,4614.22,4612.41,4612.83,566.0,4612.33,4612.85,4611.22,4612.65,496.0,4615.55,4615.99,4612.33,4612.33,686.0,4617.62,4618.18,4613.88,4615.55,616.0,4617.32,4618.44,4616.67,4617.62,483.0,4619.07,4620.8,4617.32,4617.32,415.0,4622.07,4624.11,4621.41,4624.11,535.0,4617.74,4619.33,4617.43,4619.07,427.0,4620.5,4622.48,4619.39,4622.07,496.0,4621.89,4622.57,4620.5,4620.5,518.0,4623.1,4624.14,4621.56,4621.92,579.0,4623.0,4624.05,4622.65,4623.1,563.0,4618.8,4623.0,4618.69,4623.0,584.0,4619.92,4621.45,4618.61,4618.8,526.0,4616.55,4620.55,4615.6,4619.92,513.0,4615.01,4618.2,4613.72,4616.55,595.0,4617.413996,4619.201507,4616.957682,13.42,21.89,49.95,26.51,7.511429,4622.24926,4624.329957,18.42,12.41,42.91,0,17,0
2026-04-30T14:45:59,XAUUSD,features,"{""type"": ""features"", ""symbol"": ""XAUUSD"", ""time"": ""2026-04-30T14:45:59"", ""features"": {""symbol"": ""XAUUSD"", ""bid"": 4618.69, ""ask"": 4618.86, ""spread_points"": 17, ""balance"": 91.36, ""equity"": 91.36, ""free_margin"": 91.36, ""m1_ohlcv"": [[4622.07, 4622.48, 4619.39, 4620.5, 496], [4620.5, 4622.57, 4620.5, 4621.89, 518], [4621.92, 4624.14, 4621.56, 4623.1, 579], [4623.1, 4624.05, 4622.65, 4623.0, 563], [4623.0, 4623.0, 4618.69, 4618.8, 584], [4618.8, 4621.45, 4618.61, 4619.92, 526], [4619.92, 4620.55, 4615.6, 4616.55, 513], [4616.55, 4618.2, 4613.72, 4615.01, 595], [4615.01, 4617.25, 4613.47, 4617.17, 706], [4617.17, 4617.17, 4614.7, 4615.32, 653], [4615.28, 4615.39, 4611.34, 4612.68, 840], [4612.67, 4613.23, 4610.81, 4612.83, 740], [4612.83, 4614.22, 4612.41, 4612.65, 566], [4612.65, 4612.85, 4611.22, 4612.33, 496], [4612.33, 4615.99, 4612.33, 4615.55, 686], [4615.55, 4618.18, 4613.88, 4617.62, 616], [4617.62, 4618.44, 4616.67, 4617.32, 483], [4617.32, 4620.8, 4617.32, 4619.07, 415], [4619.07, 4619.33, 4617.43, 4617.74, 427], [4617.74, 4620.47, 4617.2, 4618.69, 503]], ""m1_ema9"": 4617.456146, ""m1_ema21"": 4617.608509, ""m1_ema50"": 4619.217242, ""m1_rsi14"": 52.1, ""m1_atr14"": 2.787143, ""m1_adx14"": 29.67, ""m1_plusdi"": 23.0, ""m1_minusdi"": 11.63, ""m5_ema20"": 4622.339736, ""m5_ema50"": 4624.367212, ""m5_rsi14"": 44.08, ""m5_atr14"": 7.745, ""m5_adx14"": 26.51, ""m5_plusdi"": 12.41, ""m5_minusdi"": 18.42, ""hour_gmt"": 14, ""open_ea_trades"": 0, ""trades_today"": 0}}",4618.86,91.36,4618.69,91.36,91.36,14,29.67,2.787143,4615.32,4617.17,4614.7,4617.17,653.0,4612.68,4615.39,4611.34,4615.28,840.0,4612.83,4613.23,4610.81,4612.67,740.0,4612.65,4614.22,4612.41,4612.83,566.0,4612.33,4612.85,4611.22,4612.65,496.0,4615.55,4615.99,4612.33,4612.33,686.0,4617.62,4618.18,4613.88,4615.55,616.0,4617.32,4618.44,4616.67,4617.62,483.0,4619.07,4620.8,4617.32,4617.32,415.0,4617.74,4619.33,4617.43,4619.07,427.0,4620.5,4622.48,4619.39,4622.07,496.0,4618.69,4620.47,4617.2,4617.74,503.0,4621.89,4622.57,4620.5,4620.5,518.0,4623.1,4624.14,4621.56,4621.92,579.0,4623.0,4624.05,4622.65,4623.1,563.0,4618.8,4623.0,4618.69,4623.0,584.0,4619.92,4621.45,4618.61,4618.8,526.0,4616.55,4620.55,4615.6,4619.92,513.0,4615.01,4618.2,4613.72,4616.55,595.0,4617.17,4617.25,4613.47,4615.01,706.0,4617.608509,4619.217242,4617.456146,11.63,23.0,52.1,26.51,7.745,4622.339736,4624.367212,18.42,12.41,44.08,0,17,0
2026-04-30T14:46:59,XAUUSD,features,"{""type"": ""features"", ""symbol"": ""XAUUSD"", ""time"": ""2026-04-30T14:46:59"", ""features"": {""symbol"": ""XAUUSD"", ""bid"": 4622.26, ""ask"": 4622.43, ""spread_points"": 17, ""balance"": 91.36, ""equity"": 91.36, ""free_margin"": 91.36, ""m1_ohlcv"": [[4620.5, 4622.57, 4620.5, 4621.89, 518], [4621.92, 4624.14, 4621.56, 4623.1, 579], [4623.1, 4624.05, 4622.65, 4623.0, 563], [4623.0, 4623.0, 4618.69, 4618.8, 584], [4618.8, 4621.45, 4618.61, 4619.92, 526], [4619.92, 4620.55, 4615.6, 4616.55, 513], [4616.55, 4618.2, 4613.72, 4615.01, 595], [4615.01, 4617.25, 4613.47, 4617.17, 706], [4617.17, 4617.17, 4614.7, 4615.32, 653], [4615.28, 4615.39, 4611.34, 4612.68, 840], [4612.67, 4613.23, 4610.81, 4612.83, 740], [4612.83, 4614.22, 4612.41, 4612.65, 566], [4612.65, 4612.85, 4611.22, 4612.33, 496], [4612.33, 4615.99, 4612.33, 4615.55, 686], [4615.55, 4618.18, 4613.88, 4617.62, 616], [4617.62, 4618.44, 4616.67, 4617.32, 483], [4617.32, 4620.8, 4617.32, 4619.07, 415], [4619.07, 4619.33, 4617.43, 4617.74, 427], [4617.74, 4620.47, 4617.2, 4618.69, 503], [4618.69, 4623.03, 4618.6, 4622.26, 515]], ""m1_ema9"": 4618.988117, ""m1_ema21"": 4618.326413, ""m1_ema50"": 4619.471076, ""m1_rsi14"": 59.2, ""m1_atr14"": 2.783571, ""m1_adx14"": 33.14, ""m1_plusdi"": 26.61, ""m1_minusdi"": 10.08, ""m5_ema20"": 4622.679736, ""m5_ema50"": 4624.507212, ""m5_rsi14"": 48.07, ""m5_atr14"": 7.927857, ""m5_adx14"": 24.25, ""m5_plusdi"": 17.51, ""m5_minusdi"": 18.42, ""hour_gmt"": 14, ""open_ea_trades"": 0, ""trades_today"": 0}}",4622.43,91.36,4622.26,91.36,91.36,14,33.14,2.783571,4612.68,4615.39,4611.34,4615.28,840.0,4612.83,4613.23,4610.81,4612.67,740.0,4612.65,4614.22,4612.41,4612.83,566.0,4612.33,4612.85,4611.22,4612.65,496.0,4615.55,4615.99,4612.33,4612.33,686.0,4617.62,4618.18,4613.88,4615.55,616.0,4617.32,4618.44,4616.67,4617.62,483.0,4619.07,4620.8,4617.32,4617.32,415.0,4617.74,4619.33,4617.43,4619.07,427.0,4618.69,4620.47,4617.2,4617.74,503.0,4621.89,4622.57,4620.5,4620.5,518.0,4622.26,4623.03,4618.6,4618.69,515.0,4623.1,4624.14,4621.56,4621.92,579.0,4623.0,4624.05,4622.65,4623.1,563.0,4618.8,4623.0,4618.69,4623.0,584.0,4619.92,4621.45,4618.61,4618.8,526.0,4616.55,4620.55,4615.6,4619.92,513.0,4615.01,4618.2,4613.72,4616.55,595.0,4617.17,4617.25,4613.47,4615.01,706.0,4615.32,4617.17,4614.7,4617.17,653.0,4618.326413,4619.471076,4618.988117,10.08,26.61,59.2,24.25,7.927857,4622.679736,4624.507212,18.42,17.51,48.07,0,17,0
2026-04-30T14:47:59,XAUUSD,features,"{""type"": ""features"", ""symbol"": ""XAUUSD"", ""time"": ""2026-04-30T14:47:59"", ""features"": {""symbol"": ""XAUUSD"", ""bid"": 4620.74, ""ask"": 4620.91, ""spread_points"": 17, ""balance"": 91.36, ""equity"": 91.36, ""free_margin"": 91.36, ""m1_ohlcv"": [[4621.92, 4624.14, 4621.56, 4623.1, 579], [4623.1, 4624.05, 4622.65, 4623.0, 563], [4623.0, 4623.0, 4618.69, 4618.8, 584], [4618.8, 4621.45, 4618.61, 4619.92, 526], [4619.92, 4620.55, 4615.6, 4616.55, 513], [4616.55, 4618.2, 4613.72, 4615.01, 595], [4615.01, 4617.25, 4613.47, 4617.17, 706], [4617.17, 4617.17, 4614.7, 4615.32, 653], [4615.28, 4615.39, 4611.34, 4612.68, 840], [4612.67, 4613.23, 4610.81, 4612.83, 740], [4612.83, 4614.22, 4612.41, 4612.65, 566], [4612.65, 4612.85, 4611.22, 4612.33, 496], [4612.33, 4615.99, 4612.33, 4615.55, 686], [4615.55, 4618.18, 4613.88, 4617.62, 616], [4617.62, 4618.44, 4616.67, 4617.32, 483], [4617.32, 4620.8, 4617.32, 4619.07, 415], [4619.07, 4619.33, 4617.43, 4617.74, 427], [4617.74, 4620.47, 4617.2, 4618.69, 503], [4618.69, 4623.03, 4618.6, 4622.26, 515], [4622.26, 4623.06, 4620.29, 4620.74, 386]], ""m1_ema9"": 4619.095293, ""m1_ema21"": 4618.42021, ""m1_ema50"": 4619.463567, ""m1_rsi14"": 55.43, ""m1_atr14"": 2.711429, ""m1_adx14"": 34.78, ""m1_plusdi"": 23.19, ""m1_minusdi"": 8.73, ""m5_ema20"": 4622.534974, ""m5_ema50"": 4624.447604, ""m5_rsi14"": 46.44, ""m5_atr14"": 7.93, ""m5_adx14"": 24.23, ""m5_plusdi"": 17.55, ""m5_minusdi"": 18.42, ""hour_gmt"": 14, ""open_ea_trades"": 0, ""trades_today"": 0}}",4620.91,91.36,4620.74,91.36,91.36,14,34.78,2.711429,4612.83,4613.23,4610.81,4612.67,740.0,4612.65,4614.22,4612.41,4612.83,566.0,4612.33,4612.85,4611.22,4612.65,496.0,4615.55,4615.99,4612.33,4612.33,686.0,4617.62,4618.18,4613.88,4615.55,616.0,4617.32,4618.44,4616.67,4617.62,483.0,4619.07,4620.8,4617.32,4617.32,415.0,4617.74,4619.33,4617.43,4619.07,427.0,4618.69,4620.47,4617.2,4617.74,503.0,4622.26,4623.03,4618.6,4618.69,515.0,4623.1,4624.14,4621.56,4621.92,579.0,4620.74,4623.06,4620.29,4622.26,386.0,4623.0,4624.05,4622.65,4623.1,563.0,4618.8,4623.0,4618.69,4623.0,584.0,4619.92,4621.45,4618.61,4618.8,526.0,4616.55,4620.55,4615.6,4619.92,513.0,4615.01,4618.2,4613.72,4616.55,595.0,4617.17,4617.25,4613.47,4615.01,706.0,4615.32,4617.17,4614.7,4617.17,653.0,4612.68,4615.39,4611.34,4615.28,840.0,4618.42021,4619.463567,4619.095293,8.73,23.19,55.43,24.23,7.93,4622.534974,4624.447604,18.42,17.55,46.44,0,17,0
2026-04-30T14:48:59,XAUUSD,features,"{""type"": ""features"", ""symbol"": ""XAUUSD"", ""time"": ""2026-04-30T14:48:59"", ""features"": {""symbol"": ""XAUUSD"", ""bid"": 4619.84, ""ask"": 4620.01, ""spread_points"": 17, ""balance"": 91.36, ""equity"": 91.36, ""free_margin"": 91.36, ""m1_ohlcv"": [[4623.1, 4624.05, 4622.65, 4623.0, 563], [4623.0, 4623.0, 4618.69, 4618.8, 584], [4618.8, 4621.45, 4618.61, 4619.92, 526], [4619.92, 4620.55, 4615.6, 4616.55, 513], [4616.55, 4618.2, 4613.72, 4615.01, 595], [4615.01, 4617.25, 4613.47, 4617.17, 706], [4617.17, 4617.17, 4614.7, 4615.32, 653], [4615.28, 4615.39, 4611.34, 4612.68, 840], [4612.67, 4613.23, 4610.81, 4612.83, 740], [4612.83, 4614.22, 4612.41, 4612.65, 566], [4612.65, 4612.85, 4611.22, 4612.33, 496], [4612.33, 4615.99, 4612.33, 4615.55, 686], [4615.55, 4618.18, 4613.88, 4617.62, 616], [4617.62, 4618.44, 4616.67, 4617.32, 483], [4617.32, 4620.8, 4617.32, 4619.07, 415], [4619.07, 4619.33, 4617.43, 4617.74, 427], [4617.74, 4620.47, 4617.2, 4618.69, 503], [4618.69, 4623.03, 4618.6, 4622.26, 515], [4622.26, 4623.06, 4620.29, 4620.74, 386], [4620.74, 4621.61, 4618.55, 4619.84, 446]], ""m1_ema9"": 4619.100235, ""m1_ema21"": 4618.474902, ""m1_ema50"": 4619.444419, ""m1_rsi14"": 53.27, ""m1_atr14"": 2.753571, ""m1_adx14"": 29.24, ""m1_plusdi"": 20.1, ""m1_minusdi"": 14.14, ""m5_ema20"": 4622.44926, ""m5_ema50"": 4624.41231, ""m5_rsi14"": 45.43, ""m5_atr14"": 7.93, ""m5_adx14"": 24.23, ""m5_plusdi"": 17.55, ""m5_minusdi"": 18.42, ""hour_gmt"": 14, ""open_ea_trades"": 0, ""trades_today"": 0}}",4620.01,91.36,4619.84,91.36,91.36,14,29.24,2.753571,4612.65,4614.22,4612.41,4612.83,566.0,4612.33,4612.85,4611.22,4612.65,496.0,4615.55,4615.99,4612.33,4612.33,686.0,4617.62,4618.18,4613.88,4615.55,616.0,4617.32,4618.44,4616.67,4617.62,483.0,4619.07,4620.8,4617.32,4617.32,415.0,4617.74,4619.33,4617.43,4619.07,427.0,4618.69,4620.47,4617.2,4617.74,503.0,4622.26,4623.03,4618.6,4618.69,515.0,4620.74,4623.06,4620.29,4622.26,386.0,4623.0,4624.05,4622.65,4623.1,563.0,4619.84,4621.61,4618.55,4620.74,446.0,4618.8,4623.0,4618.69,4623.0,584.0,4619.92,4621.45,4618.61,4618.8,526.0,4616.55,4620.55,4615.6,4619.92,513.0,4615.01,4618.2,4613.72,4616.55,595.0,4617.17,4617.25,4613.47,4615.01,706.0,4615.32,4617.17,4614.7,4617.17,653.0,4612.68,4615.39,4611.34,4615.28,840.0,4612.83,4613.23,4610.81,4612.67,740.0,4618.474902,4619.444419,4619.100235,14.14,20.1,53.27,24.23,7.93,4622.44926,4624.41231,18.42,17.55,45.43,0,17,0
2026-04-30T14:49:59,XAUUSD,features,"{""type"": ""features"", ""symbol"": ""XAUUSD"", ""time"": ""2026-04-30T14:49:59"", ""features"": {""symbol"": ""XAUUSD"", ""bid"": 4619.24, ""ask"": 4619.42, ""spread_points"": 18, ""balance"": 91.36, ""equity"": 91.36, ""free_margin"": 91.36, ""m1_ohlcv"": [[4623.0, 4623.0, 4618.69, 4618.8, 584], [4618.8, 4621.45, 4618.61, 4619.92, 526], [4619.92, 4620.55, 4615.6, 4616.55, 513], [4616.55, 4618.2, 4613.72, 4615.01, 595], [4615.01, 4617.25, 4613.47, 4617.17, 706], [4617.17, 4617.17, 4614.7, 4615.32, 653], [4615.28, 4615.39, 4611.34, 4612.68, 840], [4612.67, 4613.23, 4610.81, 4612.83, 740], [4612.83, 4614.22, 4612.41, 4612.65, 566], [4612.65, 4612.85, 4611.22, 4612.33, 496], [4612.33, 4615.99, 4612.33, 4615.55, 686], [4615.55, 4618.18, 4613.88, 4617.62, 616], [4617.62, 4618.44, 4616.67, 4617.32, 483], [4617.32, 4620.8, 4617.32, 4619.07, 415], [4619.07, 4619.33, 4617.43, 4617.74, 427], [4617.74, 4620.47, 4617.2, 4618.69, 503], [4618.69, 4623.03, 4618.6, 4622.26, 515], [4622.26, 4623.06, 4620.29, 4620.74, 386], [4620.74, 4621.61, 4618.55, 4619.84, 446], [4619.84, 4620.67, 4618.99, 4619.24, 458]], ""m1_ema9"": 4619.032188, ""m1_ema21"": 4618.494869, ""m1_ema50"": 4619.413796, ""m1_rsi14"": 51.82, ""m1_atr14"": 2.584286, ""m1_adx14"": 27.66, ""m1_plusdi"": 17.42, ""m1_minusdi"": 12.25, ""m5_ema20"": 4622.091915, ""m5_ema50"": 4624.186868, ""m5_rsi14"": 44.73, ""m5_atr14"": 7.468571, ""m5_adx14"": 21.32, ""m5_plusdi"": 15.21, ""m5_minusdi"": 15.96, ""hour_gmt"": 14, ""open_ea_trades"": 0, ""trades_today"": 0}}",4619.42,91.36,4619.24,91.36,91.36,14,27.66,2.584286,4612.33,4612.85,4611.22,4612.65,496.0,4615.55,4615.99,4612.33,4612.33,686.0,4617.62,4618.18,4613.88,4615.55,616.0,4617.32,4618.44,4616.67,4617.62,483.0,4619.07,4620.8,4617.32,4617.32,415.0,4617.74,4619.33,4617.43,4619.07,427.0,4618.69,4620.47,4617.2,4617.74,503.0,4622.26,4623.03,4618.6,4618.69,515.0,4620.74,4623.06,4620.29,4622.26,386.0,4619.84,4621.61,4618.55,4620.74,446.0,4618.8,4623.0,4618.69,4623.0,584.0,4619.24,4620.67,4618.99,4619.84,458.0,4619.92,4621.45,4618.61,4618.8,526.0,4616.55,4620.55,4615.6,4619.92,513.0,4615.01,4618.2,4613.72,4616.55,595.0,4617.17,4617.25,4613.47,4615.01,706.0,4615.32,4617.17,4614.7,4617.17,653.0,4612.68,4615.39,4611.34,4615.28,840.0,4612.83,4613.23,4610.81,4612.67,740.0,4612.65,4614.22,4612.41,4612.83,566.0,4618.494869,4619.413796,4619.032188,12.25,17.42,51.82,21.32,7.468571,4622.091915,4624.186868,15.96,15.21,44.73,0,18,0
2026-04-30T14:50:59,XAUUSD,features,"{""type"": ""features"", ""symbol"": ""XAUUSD"", ""time"": ""2026-04-30T14:50:59"", ""features"": {""symbol"": ""XAUUSD"", ""bid"": 4621.12, ""ask"": 4621.29, ""spread_points"": 17, ""balance"": 91.36, ""equity"": 91.36, ""free_margin"": 91.36, ""m1_ohlcv"": [[4618.8, 4621.45, 4618.61, 4619.92, 526], [4619.92, 4620.55, 4615.6, 4616.55, 513], [4616.55, 4618.2, 4613.72, 4615.01, 595], [4615.01, 4617.25, 4613.47, 4617.17, 706], [4617.17, 4617.17, 4614.7, 4615.32, 653], [4615.28, 4615.39, 4611.34, 4612.68, 840], [4612.67, 4613.23, 4610.81, 4612.83, 740], [4612.83, 4614.22, 4612.41, 4612.65, 566], [4612.65, 4612.85, 4611.22, 4612.33, 496], [4612.33, 4615.99, 4612.33, 4615.55, 686], [4615.55, 4618.18, 4613.88, 4617.62, 616], [4617.62, 4618.44, 4616.67, 4617.32, 483], [4617.32, 4620.8, 4617.32, 4619.07, 415], [4619.07, 4619.33, 4617.43, 4617.74, 427], [4617.74, 4620.47, 4617.2, 4618.69, 503], [4618.69, 4623.03, 4618.6, 4622.26, 515], [4622.26, 4623.06, 4620.29, 4620.74, 386], [4620.74, 4621.61, 4618.55, 4619.84, 446], [4619.84, 4620.67, 4618.99, 4619.24, 458], [4619.24, 4623.13, 4618.72, 4621.12, 478]], ""m1_ema9"": 4619.75055, ""m1_ema21"": 4618.88889, ""m1_ema50"": 4619.55154, ""m1_rsi14"": 55.87, ""m1_atr14"": 2.726429, ""m1_adx14"": 30.42, ""m1_plusdi"": 21.54, ""m1_minusdi"": 10.62, ""m5_ema20"": 4622.270963, ""m5_ema50"": 4624.260593, ""m5_rsi14"": 47.02, ""m5_atr14"": 7.783571, ""m5_adx14"": 21.23, ""m5_plusdi"": 15.42, ""m5_minusdi"": 15.96, ""hour_gmt"": 14, ""open_ea_trades"": 0, ""trades_today"": 0}}",4621.29,91.36,4621.12,91.36,91.36,14,30.42,2.726429,4615.55,4615.99,4612.33,4612.33,686.0,4617.62,4618.18,4613.88,4615.55,616.0,4617.32,4618.44,4616.67,4617.62,483.0,4619.07,4620.8,4617.32,4617.32,415.0,4617.74,4619.33,4617.43,4619.07,427.0,4618.69,4620.47,4617.2,4617.74,503.0,4622.26,4623.03,4618.6,4618.69,515.0,4620.74,4623.06,4620.29,4622.26,386.0,4619.84,4621.61,4618.55,4620.74,446.0,4619.24,4620.67,4618.99,4619.84,458.0,4619.92,4621.45,4618.61,4618.8,526.0,4621.12,4623.13,4618.72,4619.24,478.0,4616.55,4620.55,4615.6,4619.92,513.0,4615.01,4618.2,4613.72,4616.55,595.0,4617.17,4617.25,4613.47,4615.01,706.0,4615.32,4617.17,4614.7,4617.17,653.0,4612.68,4615.39,4611.34,4615.28,840.0,4612.83,4613.23,4610.81,4612.67,740.0,4612.65,4614.22,4612.41,4612.83,566.0,4612.33,4612.85,4611.22,4612.65,496.0,4618.88889,4619.55154,4619.75055,10.62,21.54,55.87,21.23,7.783571,4622.270963,4624.260593,15.96,15.42,47.02,0,17,0
2026-04-30T14:52:00,XAUUSD,features,"{""type"": ""features"", ""symbol"": ""XAUUSD"", ""time"": ""2026-04-30T14:52:00"", ""features"": {""symbol"": ""XAUUSD"", ""bid"": 4623.07, ""ask"": 4623.24, ""spread_points"": 17, ""balance"": 91.36, ""equity"": 91.36, ""free_margin"": 91.36, ""m1_ohlcv"": [[4619.92, 4620.55, 4615.6, 4616.55, 513], [4616.55, 4618.2, 4613.72, 4615.01, 595], [4615.01, 4617.25, 4613.47, 4617.17, 706], [4617.17, 4617.17, 4614.7, 4615.32, 653], [4615.28, 4615.39, 4611.34, 4612.68, 840], [4612.67, 4613.23, 4610.81, 4612.83, 740], [4612.83, 4614.22, 4612.41, 4612.65, 566], [4612.65, 4612.85, 4611.22, 4612.33, 496], [4612.33, 4615.99, 4612.33, 4615.55, 686], [4615.55, 4618.18, 4613.88, 4617.62, 616], [4617.62, 4618.44, 4616.67, 4617.32, 483], [4617.32, 4620.8, 4617.32, 4619.07, 415], [4619.07, 4619.33, 4617.43, 4617.74, 427], [4617.74, 4620.47, 4617.2, 4618.69, 503], [4618.69, 4623.03, 4618.6, 4622.26, 515], [4622.26, 4623.06, 4620.29, 4620.74, 386], [4620.74, 4621.61, 4618.55, 4619.84, 446], [4619.84, 4620.67, 4618.99, 4619.24, 458], [4619.24, 4623.13, 4618.72, 4621.12, 478], [4621.12, 4623.56, 4620.06, 4623.32, 545]], ""m1_ema9"": 4620.76644, ""m1_ema21"": 4619.450809, ""m1_ema50"": 4619.77241, ""m1_rsi14"": 59.41, ""m1_atr14"": 2.865, ""m1_adx14"": 31.68, ""m1_plusdi"": 20.09, ""m1_minusdi"": 9.2, ""m5_ema20"": 4622.456677, ""m5_ema50"": 4624.337064, ""m5_rsi14"": 49.2, ""m5_atr14"": 7.814286, ""m5_adx14"": 21.26, ""m5_plusdi"": 16.59, ""m5_minusdi"": 15.96, ""hour_gmt"": 14, ""open_ea_trades"": 0, ""trades_today"": 0}}",4623.24,91.36,4623.07,91.36,91.36,14,31.68,2.865,4617.62,4618.18,4613.88,4615.55,616.0,4617.32,4618.44,4616.67,4617.62,483.0,4619.07,4620.8,4617.32,4617.32,415.0,4617.74,4619.33,4617.43,4619.07,427.0,4618.69,4620.47,4617.2,4617.74,503.0,4622.26,4623.03,4618.6,4618.69,515.0,4620.74,4623.06,4620.29,4622.26,386.0,4619.84,4621.61,4618.55,4620.74,446.0,4619.24,4620.67,4618.99,4619.84,458.0,4621.12,4623.13,4618.72,4619.24,478.0,4616.55,4620.55,4615.6,4619.92,513.0,4623.32,4623.56,4620.06,4621.12,545.0,4615.01,4618.2,4613.72,4616.55,595.0,4617.17,4617.25,4613.47,4615.01,706.0,4615.32,4617.17,4614.7,4617.17,653.0,4612.68,4615.39,4611.34,4615.28,840.0,4612.83,4613.23,4610.81,4612.67,740.0,4612.65,4614.22,4612.41,4612.83,566.0,4612.33,4612.85,4611.22,4612.65,496.0,4615.55,4615.99,4612.33,4612.33,686.0,4619.450809,4619.77241,4620.76644,9.2,20.09,59.41,21.26,7.814286,4622.456677,4624.337064,15.96,16.59,49.2,0,17,0
2026-04-30T14:52:59,XAUUSD,features,"{""type"": ""features"", ""symbol"": ""XAUUSD"", ""time"": ""2026-04-30T14:52:59"", ""features"": {""symbol"": ""XAUUSD"", ""bid"": 4622.22, ""ask"": 4622.4, ""spread_points"": 18, ""balance"": 91.36, ""equity"": 91.36, ""free_margin"": 91.36, ""m1_ohlcv"": [[4616.55, 4618.2, 4613.72, 4615.01, 595], [4615.01, 4617.25, 4613.47, 4617.17, 706], [4617.17, 4617.17, 4614.7, 4615.32, 653], [4615.28, 4615.39, 4611.34, 4612.68, 840], [4612.67, 4613.23, 4610.81, 4612.83, 740], [4612.83, 4614.22, 4612.41, 4612.65, 566], [4612.65, 4612.85, 4611.22, 4612.33, 496], [4612.33, 4615.99, 4612.33, 4615.55, 686], [4615.55, 4618.18, 4613.88, 4617.62, 616], [4617.62, 4618.44, 4616.67, 4617.32, 483], [4617.32, 4620.8, 4617.32, 4619.07, 415], [4619.07, 4619.33, 4617.43, 4617.74, 427], [4617.74, 4620.47, 4617.2, 4618.69, 503], [4618.69, 4623.03, 4618.6, 4622.26, 515], [4622.26, 4623.06, 4620.29, 4620.74, 386], [4620.74, 4621.61, 4618.55, 4619.84, 446], [4619.84, 4620.67, 4618.99, 4619.24, 458], [4619.24, 4623.13, 4618.72, 4621.12, 478], [4621.12, 4623.56, 4620.06, 4623.32, 545], [4623.07, 4623.88, 4620.81, 4622.23, 546]], ""m1_ema9"": 4620.922752, ""m1_ema21"": 4619.633132, ""m1_ema50"": 4619.836745, ""m1_rsi14"": 57.15, ""m1_atr14"": 2.950714, ""m1_adx14"": 33.12, ""m1_plusdi"": 18.61, ""m1_minusdi"": 7.98, ""m5_ema20"": 4622.375725, ""m5_ema50"": 4624.30373, ""m5_rsi14"": 48.27, ""m5_atr14"": 7.837143, ""m5_adx14"": 21.55, ""m5_plusdi"": 17.33, ""m5_minusdi"": 15.96, ""hour_gmt"": 14, ""open_ea_trades"": 0, ""trades_today"": 0}}",4622.4,91.36,4622.22,91.36,91.36,14,33.12,2.950714,4617.32,4618.44,4616.67,4617.62,483.0,4619.07,4620.8,4617.32,4617.32,415.0,4617.74,4619.33,4617.43,4619.07,427.0,4618.69,4620.47,4617.2,4617.74,503.0,4622.26,4623.03,4618.6,4618.69,515.0,4620.74,4623.06,4620.29,4622.26,386.0,4619.84,4621.61,4618.55,4620.74,446.0,4619.24,4620.67,4618.99,4619.84,458.0,4621.12,4623.13,4618.72,4619.24,478.0,4623.32,4623.56,4620.06,4621.12,545.0,4615.01,4618.2,4613.72,4616.55,595.0,4622.23,4623.88,4620.81,4623.07,546.0,4617.17,4617.25,4613.47,4615.01,706.0,4615.32,4617.17,4614.7,4617.17,653.0,4612.68,4615.39,4611.34,4615.28,840.0,4612.83,4613.23,4610.81,4612.67,740.0,4612.65,4614.22,4612.41,4612.83,566.0,4612.33,4612.85,4611.22,4612.65,496.0,4615.55,4615.99,4612.33,4612.33,686.0,4617.62,4618.18,4613.88,4615.55,616.0,4619.633132,4619.836745,4620.922752,7.98,18.61,57.15,21.55,7.837143,4622.375725,4624.30373,15.96,17.33,48.27,0,18,0
2026-04-30T14:53:59,XAUUSD,features,"{""type"": ""features"", ""symbol"": ""XAUUSD"", ""time"": ""2026-04-30T14:53:59"", ""features"": {""symbol"": ""XAUUSD"", ""bid"": 4622.86, ""ask"": 4623.03, ""spread_points"": 17, ""balance"": 91.36, ""equity"": 91.36, ""free_margin"": 91.36, ""m1_ohlcv"": [[4615.01, 4617.25, 4613.47, 4617.17, 706], [4617.17, 4617.17, 4614.7, 4615.32, 653], [4615.28, 4615.39, 4611.34, 4612.68, 840], [4612.67, 4613.23, 4610.81, 4612.83, 740], [4612.83, 4614.22, 4612.41, 4612.65, 566], [4612.65, 4612.85, 4611.22, 4612.33, 496], [4612.33, 4615.99, 4612.33, 4615.55, 686], [4615.55, 4618.18, 4613.88, 4617.62, 616], [4617.62, 4618.44, 4616.67, 4617.32, 483], [4617.32, 4620.8, 4617.32, 4619.07, 415], [4619.07, 4619.33, 4617.43, 4617.74, 427], [4617.74, 4620.47, 4617.2, 4618.69, 503], [4618.69, 4623.03, 4618.6, 4622.26, 515], [4622.26, 4623.06, 4620.29, 4620.74, 386], [4620.74, 4621.61, 4618.55, 4619.84, 446], [4619.84, 4620.67, 4618.99, 4619.24, 458], [4619.24, 4623.13, 4618.72, 4621.12, 478], [4621.12, 4623.56, 4620.06, 4623.32, 545], [4623.07, 4623.88, 4620.81, 4622.23, 546], [4622.22, 4623.31, 4621.07, 4622.86, 592]], ""m1_ema9"": 4621.412602, ""m1_ema21"": 4619.979376, ""m1_ema50"": 4619.979418, ""m1_rsi14"": 58.44, ""m1_atr14"": 2.848571, ""m1_adx14"": 34.04, ""m1_plusdi"": 16.13, ""m1_minusdi"": 6.91, ""m5_ema20"": 4622.436677, ""m5_ema50"": 4624.328828, ""m5_rsi14"": 48.97, ""m5_atr14"": 7.837143, ""m5_adx14"": 21.55, ""m5_plusdi"": 17.33, ""m5_minusdi"": 15.96, ""hour_gmt"": 14, ""open_ea_trades"": 0, ""trades_today"": 0}}",4623.03,91.36,4622.86,91.36,91.36,14,34.04,2.848571,4619.07,4620.8,4617.32,4617.32,415.0,4617.74,4619.33,4617.43,4619.07,427.0,4618.69,4620.47,4617.2,4617.74,503.0,4622.26,4623.03,4618.6,4618.69,515.0,4620.74,4623.06,4620.29,4622.26,386.0,4619.84,4621.61,4618.55,4620.74,446.0,4619.24,4620.67,4618.99,4619.84,458.0,4621.12,4623.13,4618.72,4619.24,478.0,4623.32,4623.56,4620.06,4621.12,545.0,4622.23,4623.88,4620.81,4623.07,546.0,4617.17,4617.25,4613.47,4615.01,706.0,4622.86,4623.31,4621.07,4622.22,592.0,4615.32,4617.17,4614.7,4617.17,653.0,4612.68,4615.39,4611.34,4615.28,840.0,4612.83,4613.23,4610.81,4612.67,740.0,4612.65,4614.22,4612.41,4612.83,566.0,4612.33,4612.85,4611.22,4612.65,496.0,4615.55,4615.99,4612.33,4612.33,686.0,4617.62,4618.18,4613.88,4615.55,616.0,4617.32,4618.44,4616.67,4617.62,483.0,4619.979376,4619.979418,4621.412602,6.91,16.13,58.44,21.55,7.837143,4622.436677,4624.328828,15.96,17.33,48.97,0,17,0
2026-04-30T14:54:59,XAUUSD,features,"{""type"": ""features"", ""symbol"": ""XAUUSD"", ""time"": ""2026-04-30T14:54:59"", ""features"": {""symbol"": ""XAUUSD"", ""bid"": 4621.64, ""ask"": 4621.81, ""spread_points"": 17, ""balance"": 91.36, ""equity"": 91.36, ""free_margin"": 91.36, ""m1_ohlcv"": [[4617.17, 4617.17, 4614.7, 4615.32, 653], [4615.28, 4615.39, 4611.34, 4612.68, 840], [4612.67, 4613.23, 4610.81, 4612.83, 740], [4612.83, 4614.22, 4612.41, 4612.65, 566], [4612.65, 4612.85, 4611.22, 4612.33, 496], [4612.33, 4615.99, 4612.33, 4615.55, 686], [4615.55, 4618.18, 4613.88, 4617.62, 616], [4617.62, 4618.44, 4616.67, 4617.32, 483], [4617.32, 4620.8, 4617.32, 4619.07, 415], [4619.07, 4619.33, 4617.43, 4617.74, 427], [4617.74, 4620.47, 4617.2, 4618.69, 503], [4618.69, 4623.03, 4618.6, 4622.26, 515], [4622.26, 4623.06, 4620.29, 4620.74, 386], [4620.74, 4621.61, 4618.55, 4619.84, 446], [4619.84, 4620.67, 4618.99, 4619.24, 458], [4619.24, 4623.13, 4618.72, 4621.12, 478], [4621.12, 4623.56, 4620.06, 4623.32, 545], [4623.07, 4623.88, 4620.81, 4622.23, 546], [4622.22, 4623.31, 4621.07, 4622.86, 592], [4622.86, 4623.34, 4621.24, 4621.64, 437]], ""m1_ema9"": 4621.262881, ""m1_ema21"": 4620.029515, ""m1_ema50"": 4619.998572, ""m1_rsi14"": 55.06, ""m1_atr14"": 2.691429, ""m1_adx14"": 34.96, ""m1_plusdi"": 14.15, ""m1_minusdi"": 5.99, ""m5_ema20"": 4622.255678, ""m5_ema50"": 4624.177417, ""m5_rsi14"": 47.62, ""m5_atr14"": 6.985, ""m5_adx14"": 19.23, ""m5_plusdi"": 15.02, ""m5_minusdi"": 13.83, ""hour_gmt"": 14, ""open_ea_trades"": 0, ""trades_today"": 0}}",4621.81,91.36,4621.64,91.36,91.36,14,34.96,2.691429,4617.74,4619.33,4617.43,4619.07,427.0,4618.69,4620.47,4617.2,4617.74,503.0,4622.26,4623.03,4618.6,4618.69,515.0,4620.74,4623.06,4620.29,4622.26,386.0,4619.84,4621.61,4618.55,4620.74,446.0,4619.24,4620.67,4618.99,4619.84,458.0,4621.12,4623.13,4618.72,4619.24,478.0,4623.32,4623.56,4620.06,4621.12,545.0,4622.23,4623.88,4620.81,4623.07,546.0,4622.86,4623.31,4621.07,4622.22,592.0,4615.32,4617.17,4614.7,4617.17,653.0,4621.64,4623.34,4621.24,4622.86,437.0,4612.68,4615.39,4611.34,4615.28,840.0,4612.83,4613.23,4610.81,4612.67,740.0,4612.65,4614.22,4612.41,4612.83,566.0,4612.33,4612.85,4611.22,4612.65,496.0,4615.55,4615.99,4612.33,4612.33,686.0,4617.62,4618.18,4613.88,4615.55,616.0,4617.32,4618.44,4616.67,4617.62,483.0,4619.07,4620.8,4617.32,4617.32,415.0,4620.029515,4619.998572,4621.262881,5.99,14.15,55.06,19.23,6.985,4622.255678,4624.177417,13.83,15.02,47.62,0,17,0
2026-04-30T14:55:59,XAUUSD,features,"{""type"": ""features"", ""symbol"": ""XAUUSD"", ""time"": ""2026-04-30T14:55:59"", ""features"": {""symbol"": ""XAUUSD"", ""bid"": 4618.59, ""ask"": 4618.76, ""spread_points"": 17, ""balance"": 91.36, ""equity"": 91.36, ""free_margin"": 91.36, ""m1_ohlcv"": [[4615.28, 4615.39, 4611.34, 4612.68, 840], [4612.67, 4613.23, 4610.81, 4612.83, 740], [4612.83, 4614.22, 4612.41, 4612.65, 566], [4612.65, 4612.85, 4611.22, 4612.33, 496], [4612.33, 4615.99, 4612.33, 4615.55, 686], [4615.55, 4618.18, 4613.88, 4617.62, 616], [4617.62, 4618.44, 4616.67, 4617.32, 483], [4617.32, 4620.8, 4617.32, 4619.07, 415], [4619.07, 4619.33, 4617.43, 4617.74, 427], [4617.74, 4620.47, 4617.2, 4618.69, 503], [4618.69, 4623.03, 4618.6, 4622.26, 515], [4622.26, 4623.06, 4620.29, 4620.74, 386], [4620.74, 4621.61, 4618.55, 4619.84, 446], [4619.84, 4620.67, 4618.99, 4619.24, 458], [4619.24, 4623.13, 4618.72, 4621.12, 478], [4621.12, 4623.56, 4620.06, 4623.32, 545], [4623.07, 4623.88, 4620.81, 4622.23, 546], [4622.22, 4623.31, 4621.07, 4622.86, 592], [4622.86, 4623.34, 4621.24, 4621.64, 437], [4621.64, 4621.64, 4617.91, 4618.59, 468]], ""m1_ema9"": 4620.240305, ""m1_ema21"": 4619.646584, ""m1_ema50"": 4619.828416, ""m1_rsi14"": 47.65, ""m1_atr14"": 2.831429, ""m1_adx14"": 28.53, ""m1_plusdi"": 12.26, ""m1_minusdi"": 15.51, ""m5_ema20"": 4621.965202, ""m5_ema50"": 4624.057809, ""m5_rsi14"": 44.44, ""m5_atr14"": 7.251429, ""m5_adx14"": 19.39, ""m5_plusdi"": 15.02, ""m5_minusdi"": 16.73, ""hour_gmt"": 14, ""open_ea_trades"": 0, ""trades_today"": 0}}",4618.76,91.36,4618.59,91.36,91.36,14,28.53,2.831429,4618.69,4620.47,4617.2,4617.74,503.0,4622.26,4623.03,4618.6,4618.69,515.0,4620.74,4623.06,4620.29,4622.26,386.0,4619.84,4621.61,4618.55,4620.74,446.0,4619.24,4620.67,4618.99,4619.84,458.0,4621.12,4623.13,4618.72,4619.24,478.0,4623.32,4623.56,4620.06,4621.12,545.0,4622.23,4623.88,4620.81,4623.07,546.0,4622.86,4623.31,4621.07,4622.22,592.0,4621.64,4623.34,4621.24,4622.86,437.0,4612.68,4615.39,4611.34,4615.28,840.0,4618.59,4621.64,4617.91,4621.64,468.0,4612.83,4613.23,4610.81,4612.67,740.0,4612.65,4614.22,4612.41,4612.83,566.0,4612.33,4612.85,4611.22,4612.65,496.0,4615.55,4615.99,4612.33,4612.33,686.0,4617.62,4618.18,4613.88,4615.55,616.0,4617.32,4618.44,4616.67,4617.62,483.0,4619.07,4620.8,4617.32,4617.32,415.0,4617.74,4619.33,4617.43,4619.07,427.0,4619.646584,4619.828416,4620.240305,15.51,12.26,47.65,19.39,7.251429,4621.965202,4624.057809,16.73,15.02,44.44,0,17,0
2026-04-30T14:57:00,XAUUSD,features,"{""type"": ""features"", ""symbol"": ""XAUUSD"", ""time"": ""2026-04-30T14:57:00"", ""features"": {""symbol"": ""XAUUSD"", ""bid"": 4619.84, ""ask"": 4620.01, ""spread_points"": 17, ""balance"": 91.36, ""equity"": 91.36, ""free_margin"": 91.36, ""m1_ohlcv"": [[4612.67, 4613.23, 4610.81, 4612.83, 740], [4612.83, 4614.22, 4612.41, 4612.65, 566], [4612.65, 4612.85, 4611.22, 4612.33, 496], [4612.33, 4615.99, 4612.33, 4615.55, 686], [4615.55, 4618.18, 4613.88, 4617.62, 616], [4617.62, 4618.44, 4616.67, 4617.32, 483], [4617.32, 4620.8, 4617.32, 4619.07, 415], [4619.07, 4619.33, 4617.43, 4617.74, 427], [4617.74, 4620.47, 4617.2, 4618.69, 503], [4618.69, 4623.03, 4618.6, 4622.26, 515], [4622.26, 4623.06, 4620.29, 4620.74, 386], [4620.74, 4621.61, 4618.55, 4619.84, 446], [4619.84, 4620.67, 4618.99, 4619.24, 458], [4619.24, 4623.13, 4618.72, 4621.12, 478], [4621.12, 4623.56, 4620.06, 4623.32, 545], [4623.07, 4623.88, 4620.81, 4622.23, 546], [4622.22, 4623.31, 4621.07, 4622.86, 592], [4622.86, 4623.34, 4621.24, 4621.64, 437], [4621.64, 4621.64, 4617.91, 4618.59, 468], [4618.59, 4620.83, 4618.4, 4619.86, 480]], ""m1_ema9"": 4620.363444, ""m1_ema21"": 4619.769126, ""m1_ema50"": 4619.876721, ""m1_rsi14"": 50.58, ""m1_atr14"": 2.757857, ""m1_adx14"": 26.28, ""m1_plusdi"": 10.63, ""m1_minusdi"": 13.44, ""m5_ema20"": 4622.08425, ""m5_ema50"": 4624.106829, ""m5_rsi14"": 45.69, ""m5_atr14"": 7.251429, ""m5_adx14"": 19.39, ""m5_plusdi"": 15.02, ""m5_minusdi"": 16.73, ""hour_gmt"": 14, ""open_ea_trades"": 0, ""trades_today"": 0}}",4620.01,91.36,4619.84,91.36,91.36,14,26.28,2.757857,4622.26,4623.03,4618.6,4618.69,515.0,4620.74,4623.06,4620.29,4622.26,386.0,4619.84,4621.61,4618.55,4620.74,446.0,4619.24,4620.67,4618.99,4619.84,458.0,4621.12,4623.13,4618.72,4619.24,478.0,4623.32,4623.56,4620.06,4621.12,545.0,4622.23,4623.88,4620.81,4623.07,546.0,4622.86,4623.31,4621.07,4622.22,592.0,4621.64,4623.34,4621.24,4622.86,437.0,4618.59,4621.64,4617.91,4621.64,468.0,4612.83,4613.23,4610.81,4612.67,740.0,4619.86,4620.83,4618.4,4618.59,480.0,4612.65,4614.22,4612.41,4612.83,566.0,4612.33,4612.85,4611.22,4612.65,496.0,4615.55,4615.99,4612.33,4612.33,686.0,4617.62,4618.18,4613.88,4615.55,616.0,4617.32,4618.44,4616.67,4617.62,483.0,4619.07,4620.8,4617.32,4617.32,415.0,4617.74,4619.33,4617.43,4619.07,427.0,4618.69,4620.47,4617.2,4617.74,503.0,4619.769126,4619.876721,4620.363444,13.44,10.63,50.58,19.39,7.251429,4622.08425,4624.106829,16.73,15.02,45.69,0,17,0
2026-04-30T14:57:59,XAUUSD,features,"{""type"": ""features"", ""symbol"": ""XAUUSD"", ""time"": ""2026-04-30T14:57:59"", ""features"": {""symbol"": ""XAUUSD"", ""bid"": 4620.04, ""ask"": 4620.21, ""spread_points"": 17, ""balance"": 91.36, ""equity"": 91.36, ""free_margin"": 91.36, ""m1_ohlcv"": [[4612.83, 4614.22, 4612.41, 4612.65, 566], [4612.65, 4612.85, 4611.22, 4612.33, 496], [4612.33, 4615.99, 4612.33, 4615.55, 686], [4615.55, 4618.18, 4613.88, 4617.62, 616], [4617.62, 4618.44, 4616.67, 4617.32, 483], [4617.32, 4620.8, 4617.32, 4619.07, 415], [4619.07, 4619.33, 4617.43, 4617.74, 427], [4617.74, 4620.47, 4617.2, 4618.69, 503], [4618.69, 4623.03, 4618.6, 4622.26, 515], [4622.26, 4623.06, 4620.29, 4620.74, 386], [4620.74, 4621.61, 4618.55, 4619.84, 446], [4619.84, 4620.67, 4618.99, 4619.24, 458], [4619.24, 4623.13, 4618.72, 4621.12, 478], [4621.12, 4623.56, 4620.06, 4623.32, 545], [4623.07, 4623.88, 4620.81, 4622.23, 546], [4622.22, 4623.31, 4621.07, 4622.86, 592], [4622.86, 4623.34, 4621.24, 4621.64, 437], [4621.64, 4621.64, 4617.91, 4618.59, 468], [4618.59, 4620.83, 4618.4, 4619.86, 480], [4619.84, 4621.1, 4618.36, 4620.04, 513]], ""m1_ema9"": 4620.330755, ""m1_ema21"": 4619.81028, ""m1_ema50"": 4619.89066, ""m1_rsi14"": 51.06, ""m1_atr14"": 2.816429, ""m1_adx14"": 22.9, ""m1_plusdi"": 10.35, ""m1_minusdi"": 11.65, ""m5_ema20"": 4622.103297, ""m5_ema50"": 4624.114672, ""m5_rsi14"": 45.9, ""m5_atr14"": 7.251429, ""m5_adx14"": 19.39, ""m5_plusdi"": 15.02, ""m5_minusdi"": 16.73, ""hour_gmt"": 14, ""open_ea_trades"": 0, ""trades_today"": 0}}",4620.21,91.36,4620.04,91.36,91.36,14,22.9,2.816429,4620.74,4623.06,4620.29,4622.26,386.0,4619.84,4621.61,4618.55,4620.74,446.0,4619.24,4620.67,4618.99,4619.84,458.0,4621.12,4623.13,4618.72,4619.24,478.0,4623.32,4623.56,4620.06,4621.12,545.0,4622.23,4623.88,4620.81,4623.07,546.0,4622.86,4623.31,4621.07,4622.22,592.0,4621.64,4623.34,4621.24,4622.86,437.0,4618.59,4621.64,4617.91,4621.64,468.0,4619.86,4620.83,4618.4,4618.59,480.0,4612.65,4614.22,4612.41,4612.83,566.0,4620.04,4621.1,4618.36,4619.84,513.0,4612.33,4612.85,4611.22,4612.65,496.0,4615.55,4615.99,4612.33,4612.33,686.0,4617.62,4618.18,4613.88,4615.55,616.0,4617.32,4618.44,4616.67,4617.62,483.0,4619.07,4620.8,4617.32,4617.32,415.0,4617.74,4619.33,4617.43,4619.07,427.0,4618.69,4620.47,4617.2,4617.74,503.0,4622.26,4623.03,4618.6,4618.69,515.0,4619.81028,4619.89066,4620.330755,11.65,10.35,51.06,19.39,7.251429,4622.103297,4624.114672,16.73,15.02,45.9,0,17,0
2026-04-30T14:58:59,XAUUSD,features,"{""type"": ""features"", ""symbol"": ""XAUUSD"", ""time"": ""2026-04-30T14:58:59"", ""features"": {""symbol"": ""XAUUSD"", ""bid"": 4621.62, ""ask"": 4621.79, ""spread_points"": 17, ""balance"": 91.36, ""equity"": 91.36, ""free_margin"": 91.36, ""m1_ohlcv"": [[4612.65, 4612.85, 4611.22, 4612.33, 496], [4612.33, 4615.99, 4612.33, 4615.55, 686], [4615.55, 4618.18, 4613.88, 4617.62, 616], [4617.62, 4618.44, 4616.67, 4617.32, 483], [4617.32, 4620.8, 4617.32, 4619.07, 415], [4619.07, 4619.33, 4617.43, 4617.74, 427], [4617.74, 4620.47, 4617.2, 4618.69, 503], [4618.69, 4623.03, 4618.6, 4622.26, 515], [4622.26, 4623.06, 4620.29, 4620.74, 386], [4620.74, 4621.61, 4618.55, 4619.84, 446], [4619.84, 4620.67, 4618.99, 4619.24, 458], [4619.24, 4623.13, 4618.72, 4621.12, 478], [4621.12, 4623.56, 4620.06, 4623.32, 545], [4623.07, 4623.88, 4620.81, 4622.23, 546], [4622.22, 4623.31, 4621.07, 4622.86, 592], [4622.86, 4623.34, 4621.24, 4621.64, 437], [4621.64, 4621.64, 4617.91, 4618.59, 468], [4618.59, 4620.83, 4618.4, 4619.86, 480], [4619.84, 4621.1, 4618.36, 4620.04, 513], [4620.04, 4622.65, 4619.52, 4621.62, 490]], ""m1_ema9"": 4620.841404, ""m1_ema21"": 4620.105379, ""m1_ema50"": 4620.018008, ""m1_rsi14"": 54.74, ""m1_atr14"": 2.806429, ""m1_adx14"": 23.78, ""m1_plusdi"": 14.69, ""m1_minusdi"": 10.1, ""m5_ema20"": 4622.253774, ""m5_ema50"": 4624.176633, ""m5_rsi14"": 47.6, ""m5_atr14"": 7.323571, ""m5_adx14"": 19.14, ""m5_plusdi"": 15.02, ""m5_minusdi"": 16.11, ""hour_gmt"": 14, ""open_ea_trades"": 0, ""trades_today"": 0}}",4621.79,91.36,4621.62,91.36,91.36,14,23.78,2.806429,4619.84,4621.61,4618.55,4620.74,446.0,4619.24,4620.67,4618.99,4619.84,458.0,4621.12,4623.13,4618.72,4619.24,478.0,4623.32,4623.56,4620.06,4621.12,545.0,4622.23,4623.88,4620.81,4623.07,546.0,4622.86,4623.31,4621.07,4622.22,592.0,4621.64,4623.34,4621.24,4622.86,437.0,4618.59,4621.64,4617.91,4621.64,468.0,4619.86,4620.83,4618.4,4618.59,480.0,4620.04,4621.1,4618.36,4619.84,513.0,4612.33,4612.85,4611.22,4612.65,496.0,4621.62,4622.65,4619.52,4620.04,490.0,4615.55,4615.99,4612.33,4612.33,686.0,4617.62,4618.18,4613.88,4615.55,616.0,4617.32,4618.44,4616.67,4617.62,483.0,4619.07,4620.8,4617.32,4617.32,415.0,4617.74,4619.33,4617.43,4619.07,427.0,4618.69,4620.47,4617.2,4617.74,503.0,4622.26,4623.03,4618.6,4618.69,515.0,4620.74,4623.06,4620.29,4622.26,386.0,4620.105379,4620.018008,4620.841404,10.1,14.69,54.74,19.14,7.323571,4622.253774,4624.176633,16.11,15.02,47.6,0,17,0
2026-04-30T14:59:59,XAUUSD,features,"{""type"": ""features"", ""symbol"": ""XAUUSD"", ""time"": ""2026-04-30T14:59:59"", ""features"": {""symbol"": ""XAUUSD"", ""bid"": 4619.68, ""ask"": 4619.84, ""spread_points"": 16, ""balance"": 91.36, ""equity"": 91.36, ""free_margin"": 91.36, ""m1_ohlcv"": [[4612.33, 4615.99, 4612.33, 4615.55, 686], [4615.55, 4618.18, 4613.88, 4617.62, 616], [4617.62, 4618.44, 4616.67, 4617.32, 483], [4617.32, 4620.8, 4617.32, 4619.07, 415], [4619.07, 4619.33, 4617.43, 4617.74, 427], [4617.74, 4620.47, 4617.2, 4618.69, 503], [4618.69, 4623.03, 4618.6, 4622.26, 515], [4622.26, 4623.06, 4620.29, 4620.74, 386], [4620.74, 4621.61, 4618.55, 4619.84, 446], [4619.84, 4620.67, 4618.99, 4619.24, 458], [4619.24, 4623.13, 4618.72, 4621.12, 478], [4621.12, 4623.56, 4620.06, 4623.32, 545], [4623.07, 4623.88, 4620.81, 4622.23, 546], [4622.22, 4623.31, 4621.07, 4622.86, 592], [4622.86, 4623.34, 4621.24, 4621.64, 437], [4621.64, 4621.64, 4617.91, 4618.59, 468], [4618.59, 4620.83, 4618.4, 4619.86, 480], [4619.84, 4621.1, 4618.36, 4620.04, 513], [4620.04, 4622.65, 4619.52, 4621.62, 490], [4621.62, 4622.47, 4619.61, 4619.68, 426]], ""m1_ema9"": 4620.298723, ""m1_ema21"": 4619.906377, ""m1_ema50"": 4619.931658, ""m1_rsi14"": 49.79, ""m1_atr14"": 2.694286, ""m1_adx14"": 23.08, ""m1_plusdi"": 12.73, ""m1_minusdi"": 8.75, ""m5_ema20"": 4621.841487, ""m5_ema50"": 4623.927199, ""m5_rsi14"": 45.53, ""m5_atr14"": 6.730714, ""m5_adx14"": 17.06, ""m5_plusdi"": 13.02, ""m5_minusdi"": 13.96, ""hour_gmt"": 14, ""open_ea_trades"": 0, ""trades_today"": 0}}",4619.84,91.36,4619.68,91.36,91.36,14,23.08,2.694286,4619.24,4620.67,4618.99,4619.84,458.0,4621.12,4623.13,4618.72,4619.24,478.0,4623.32,4623.56,4620.06,4621.12,545.0,4622.23,4623.88,4620.81,4623.07,546.0,4622.86,4623.31,4621.07,4622.22,592.0,4621.64,4623.34,4621.24,4622.86,437.0,4618.59,4621.64,4617.91,4621.64,468.0,4619.86,4620.83,4618.4,4618.59,480.0,4620.04,4621.1,4618.36,4619.84,513.0,4621.62,4622.65,4619.52,4620.04,490.0,4615.55,4615.99,4612.33,4612.33,686.0,4619.68,4622.47,4619.61,4621.62,426.0,4617.62,4618.18,4613.88,4615.55,616.0,4617.32,4618.44,4616.67,4617.62,483.0,4619.07,4620.8,4617.32,4617.32,415.0,4617.74,4619.33,4617.43,4619.07,427.0,4618.69,4620.47,4617.2,4617.74,503.0,4622.26,4623.03,4618.6,4618.69,515.0,4620.74,4623.06,4620.29,4622.26,386.0,4619.84,4621.61,4618.55,4620.74,446.0,4619.906377,4619.931658,4620.298723,8.75,12.73,49.79,17.06,6.730714,4621.841487,4623.927199,13.96,13.02,45.53,0,16,0
2026-04-30T15:00:59,XAUUSD,features,"{""type"": ""features"", ""symbol"": ""XAUUSD"", ""time"": ""2026-04-30T15:00:59"", ""features"": {""symbol"": ""XAUUSD"", ""bid"": 4621.26, ""ask"": 4621.43, ""spread_points"": 17, ""balance"": 91.36, ""equity"": 91.36, ""free_margin"": 91.36, ""m1_ohlcv"": [[4615.55, 4618.18, 4613.88, 4617.62, 616], [4617.62, 4618.44, 4616.67, 4617.32, 483], [4617.32, 4620.8, 4617.32, 4619.07, 415], [4619.07, 4619.33, 4617.43, 4617.74, 427], [4617.74, 4620.47, 4617.2, 4618.69, 503], [4618.69, 4623.03, 4618.6, 4622.26, 515], [4622.26, 4623.06, 4620.29, 4620.74, 386], [4620.74, 4621.61, 4618.55, 4619.84, 446], [4619.84, 4620.67, 4618.99, 4619.24, 458], [4619.24, 4623.13, 4618.72, 4621.12, 478], [4621.12, 4623.56, 4620.06, 4623.32, 545], [4623.07, 4623.88, 4620.81, 4622.23, 546], [4622.22, 4623.31, 4621.07, 4622.86, 592], [4622.86, 4623.34, 4621.24, 4621.64, 437], [4621.64, 4621.64, 4617.91, 4618.59, 468], [4618.59, 4620.83, 4618.4, 4619.86, 480], [4619.84, 4621.1, 4618.36, 4620.04, 513], [4620.04, 4622.65, 4619.52, 4621.62, 490], [4621.62, 4622.47, 4619.61, 4619.68, 426], [4619.68, 4622.94, 4619.64, 4621.26, 633]], ""m1_ema9"": 4620.743779, ""m1_ema21"": 4620.160012, ""m1_ema50"": 4620.043281, ""m1_rsi14"": 53.48, ""m1_atr14"": 2.732143, ""m1_adx14"": 24.12, ""m1_plusdi"": 12.68, ""m1_minusdi"": 7.58, ""m5_ema20"": 4621.991963, ""m5_ema50"": 4623.98916, ""m5_rsi14"": 47.53, ""m5_atr14"": 6.966429, ""m5_adx14"": 16.7, ""m5_plusdi"": 14.19, ""m5_minusdi"": 13.96, ""hour_gmt"": 15, ""open_ea_trades"": 0, ""trades_today"": 0}}",4621.43,91.36,4621.26,91.36,91.36,15,24.12,2.732143,4621.12,4623.13,4618.72,4619.24,478.0,4623.32,4623.56,4620.06,4621.12,545.0,4622.23,4623.88,4620.81,4623.07,546.0,4622.86,4623.31,4621.07,4622.22,592.0,4621.64,4623.34,4621.24,4622.86,437.0,4618.59,4621.64,4617.91,4621.64,468.0,4619.86,4620.83,4618.4,4618.59,480.0,4620.04,4621.1,4618.36,4619.84,513.0,4621.62,4622.65,4619.52,4620.04,490.0,4619.68,4622.47,4619.61,4621.62,426.0,4617.62,4618.18,4613.88,4615.55,616.0,4621.26,4622.94,4619.64,4619.68,633.0,4617.32,4618.44,4616.67,4617.62,483.0,4619.07,4620.8,4617.32,4617.32,415.0,4617.74,4619.33,4617.43,4619.07,427.0,4618.69,4620.47,4617.2,4617.74,503.0,4622.26,4623.03,4618.6,4618.69,515.0,4620.74,4623.06,4620.29,4622.26,386.0,4619.84,4621.61,4618.55,4620.74,446.0,4619.24,4620.67,4618.99,4619.84,458.0,4620.160012,4620.043281,4620.743779,7.58,12.68,53.48,16.7,6.966429,4621.991963,4623.98916,13.96,14.19,47.53,0,17,0
2026-04-30T15:01:59,XAUUSD,features,"{""type"": ""features"", ""symbol"": ""XAUUSD"", ""time"": ""2026-04-30T15:01:59"", ""features"": {""symbol"": ""XAUUSD"", ""bid"": 4620.83, ""ask"": 4621.0, ""spread_points"": 17, ""balance"": 91.36, ""equity"": 91.36, ""free_margin"": 91.36, ""m1_ohlcv"": [[4617.62, 4618.44, 4616.67, 4617.32, 483], [4617.32, 4620.8, 4617.32, 4619.07, 415], [4619.07, 4619.33, 4617.43, 4617.74, 427], [4617.74, 4620.47, 4617.2, 4618.69, 503], [4618.69, 4623.03, 4618.6, 4622.26, 515], [4622.26, 4623.06, 4620.29, 4620.74, 386], [4620.74, 4621.61, 4618.55, 4619.84, 446], [4619.84, 4620.67, 4618.99, 4619.24, 458], [4619.24, 4623.13, 4618.72, 4621.12, 478], [4621.12, 4623.56, 4620.06, 4623.32, 545], [4623.07, 4623.88, 4620.81, 4622.23, 546], [4622.22, 4623.31, 4621.07, 4622.86, 592], [4622.86, 4623.34, 4621.24, 4621.64, 437], [4621.64, 4621.64, 4617.91, 4618.59, 468], [4618.59, 4620.83, 4618.4, 4619.86, 480], [4619.84, 4621.1, 4618.36, 4620.04, 513], [4620.04, 4622.65, 4619.52, 4621.62, 490], [4621.62, 4622.47, 4619.61, 4619.68, 426], [4619.68, 4622.94, 4619.64, 4621.26, 633], [4621.26, 4621.89, 4619.19, 4620.83, 493]], ""m1_ema9"": 4620.692223, ""m1_ema21"": 4620.185383, ""m1_ema50"": 4620.057931, ""m1_rsi14"": 52.35, ""m1_atr14"": 2.706429, ""m1_adx14"": 21.18, ""m1_plusdi"": 10.99, ""m1_minusdi"": 8.5, ""m5_ema20"": 4621.951011, ""m5_ema50"": 4623.972297, ""m5_rsi14"": 47.0, ""m5_atr14"": 6.998571, ""m5_adx14"": 16.63, ""m5_plusdi"": 14.05, ""m5_minusdi"": 13.96, ""hour_gmt"": 15, ""open_ea_trades"": 0, ""trades_today"": 0}}",4621.0,91.36,4620.83,91.36,91.36,15,21.18,2.706429,4623.32,4623.56,4620.06,4621.12,545.0,4622.23,4623.88,4620.81,4623.07,546.0,4622.86,4623.31,4621.07,4622.22,592.0,4621.64,4623.34,4621.24,4622.86,437.0,4618.59,4621.64,4617.91,4621.64,468.0,4619.86,4620.83,4618.4,4618.59,480.0,4620.04,4621.1,4618.36,4619.84,513.0,4621.62,4622.65,4619.52,4620.04,490.0,4619.68,4622.47,4619.61,4621.62,426.0,4621.26,4622.94,4619.64,4619.68,633.0,4617.32,4618.44,4616.67,4617.62,483.0,4620.83,4621.89,4619.19,4621.26,493.0,4619.07,4620.8,4617.32,4617.32,415.0,4617.74,4619.33,4617.43,4619.07,427.0,4618.69,4620.47,4617.2,4617.74,503.0,4622.26,4623.03,4618.6,4618.69,515.0,4620.74,4623.06,4620.29,4622.26,386.0,4619.84,4621.61,4618.55,4620.74,446.0,4619.24,4620.67,4618.99,4619.84,458.0,4621.12,4623.13,4618.72,4619.24,478.0,4620.185383,4620.057931,4620.692223,8.5,10.99,52.35,16.63,6.998571,4621.951011,4623.972297,13.96,14.05,47.0,0,17,0
2026-04-30T15:02:59,XAUUSD,features,"{""type"": ""features"", ""symbol"": ""XAUUSD"", ""time"": ""2026-04-30T15:02:59"", ""features"": {""symbol"": ""XAUUSD"", ""bid"": 4617.63, ""ask"": 4617.8, ""spread_points"": 17, ""balance"": 91.36, ""equity"": 91.36, ""free_margin"": 91.36, ""m1_ohlcv"": [[4617.32, 4620.8, 4617.32, 4619.07, 415], [4619.07, 4619.33, 4617.43, 4617.74, 427], [4617.74, 4620.47, 4617.2, 4618.69, 503], [4618.69, 4623.03, 4618.6, 4622.26, 515], [4622.26, 4623.06, 4620.29, 4620.74, 386], [4620.74, 4621.61, 4618.55, 4619.84, 446], [4619.84, 4620.67, 4618.99, 4619.24, 458], [4619.24, 4623.13, 4618.72, 4621.12, 478], [4621.12, 4623.56, 4620.06, 4623.32, 545], [4623.07, 4623.88, 4620.81, 4622.23, 546], [4622.22, 4623.31, 4621.07, 4622.86, 592], [4622.86, 4623.34, 4621.24, 4621.64, 437], [4621.64, 4621.64, 4617.91, 4618.59, 468], [4618.59, 4620.83, 4618.4, 4619.86, 480], [4619.84, 4621.1, 4618.36, 4620.04, 513], [4620.04, 4622.65, 4619.52, 4621.62, 490], [4621.62, 4622.47, 4619.61, 4619.68, 426], [4619.68, 4622.94, 4619.64, 4621.26, 633], [4621.26, 4621.89, 4619.19, 4620.83, 493], [4620.83, 4621.07, 4617.04, 4617.63, 790]], ""m1_ema9"": 4619.567778, ""m1_ema21"": 4619.688613, ""m1_ema50"": 4619.842149, ""m1_rsi14"": 44.78, ""m1_atr14"": 2.874286, ""m1_adx14"": 21.2, ""m1_plusdi"": 9.52, ""m1_minusdi"": 13.53, ""m5_ema20"": 4621.646249, ""m5_ema50"": 4623.846807, ""m5_rsi14"": 43.38, ""m5_atr14"": 7.152143, ""m5_adx14"": 17.93, ""m5_plusdi"": 13.02, ""m5_minusdi"": 15.93, ""hour_gmt"": 15, ""open_ea_trades"": 0, ""trades_today"": 0}}",4617.8,91.36,4617.63,91.36,91.36,15,21.2,2.874286,4622.23,4623.88,4620.81,4623.07,546.0,4622.86,4623.31,4621.07,4622.22,592.0,4621.64,4623.34,4621.24,4622.86,437.0,4618.59,4621.64,4617.91,4621.64,468.0,4619.86,4620.83,4618.4,4618.59,480.0,4620.04,4621.1,4618.36,4619.84,513.0,4621.62,4622.65,4619.52,4620.04,490.0,4619.68,4622.47,4619.61,4621.62,426.0,4621.26,4622.94,4619.64,4619.68,633.0,4620.83,4621.89,4619.19,4621.26,493.0,4619.07,4620.8,4617.32,4617.32,415.0,4617.63,4621.07,4617.04,4620.83,790.0,4617.74,4619.33,4617.43,4619.07,427.0,4618.69,4620.47,4617.2,4617.74,503.0,4622.26,4623.03,4618.6,4618.69,515.0,4620.74,4623.06,4620.29,4622.26,386.0,4619.84,4621.61,4618.55,4620.74,446.0,4619.24,4620.67,4618.99,4619.84,458.0,4621.12,4623.13,4618.72,4619.24,478.0,4623.32,4623.56,4620.06,4621.12,545.0,4619.688613,4619.842149,4619.567778,13.53,9.52,44.78,17.93,7.152143,4621.646249,4623.846807,15.93,13.02,43.38,0,17,0
2026-04-30T15:03:59,XAUUSD,features,"{""type"": ""features"", ""symbol"": ""XAUUSD"", ""time"": ""2026-04-30T15:03:59"", ""features"": {""symbol"": ""XAUUSD"", ""bid"": 4617.06, ""ask"": 4617.23, ""spread_points"": 17, ""balance"": 91.36, ""equity"": 91.36, ""free_margin"": 91.36, ""m1_ohlcv"": [[4619.07, 4619.33, 4617.43, 4617.74, 427], [4617.74, 4620.47, 4617.2, 4618.69, 503], [4618.69, 4623.03, 4618.6, 4622.26, 515], [4622.26, 4623.06, 4620.29, 4620.74, 386], [4620.74, 4621.61, 4618.55, 4619.84, 446], [4619.84, 4620.67, 4618.99, 4619.24, 458], [4619.24, 4623.13, 4618.72, 4621.12, 478], [4621.12, 4623.56, 4620.06, 4623.32, 545], [4623.07, 4623.88, 4620.81, 4622.23, 546], [4622.22, 4623.31, 4621.07, 4622.86, 592], [4622.86, 4623.34, 4621.24, 4621.64, 437], [4621.64, 4621.64, 4617.91, 4618.59, 468], [4618.59, 4620.83, 4618.4, 4619.86, 480], [4619.84, 4621.1, 4618.36, 4620.04, 513], [4620.04, 4622.65, 4619.52, 4621.62, 490], [4621.62, 4622.47, 4619.61, 4619.68, 426], [4619.68, 4622.94, 4619.64, 4621.26, 633], [4621.26, 4621.89, 4619.19, 4620.83, 493], [4620.83, 4621.07, 4617.04, 4617.63, 790], [4617.63, 4618.65, 4616.78, 4617.06, 735]], ""m1_ema9"": 4618.975023, ""m1_ema21"": 4619.402541, ""m1_ema50"": 4619.711569, ""m1_rsi14"": 43.57, ""m1_atr14"": 2.692857, ""m1_adx14"": 22.22, ""m1_plusdi"": 8.25, ""m1_minusdi"": 13.33, ""m5_ema20"": 4621.591963, ""m5_ema50"": 4623.824454, ""m5_rsi14"": 42.82, ""m5_atr14"": 7.170714, ""m5_adx14"": 18.13, ""m5_plusdi"": 13.02, ""m5_minusdi"": 16.41, ""hour_gmt"": 15, ""open_ea_trades"": 0, ""trades_today"": 0}}",4617.23,91.36,4617.06,91.36,91.36,15,22.22,2.692857,4622.86,4623.31,4621.07,4622.22,592.0,4621.64,4623.34,4621.24,4622.86,437.0,4618.59,4621.64,4617.91,4621.64,468.0,4619.86,4620.83,4618.4,4618.59,480.0,4620.04,4621.1,4618.36,4619.84,513.0,4621.62,4622.65,4619.52,4620.04,490.0,4619.68,4622.47,4619.61,4621.62,426.0,4621.26,4622.94,4619.64,4619.68,633.0,4620.83,4621.89,4619.19,4621.26,493.0,4617.63,4621.07,4617.04,4620.83,790.0,4617.74,4619.33,4617.43,4619.07,427.0,4617.06,4618.65,4616.78,4617.63,735.0,4618.69,4620.47,4617.2,4617.74,503.0,4622.26,4623.03,4618.6,4618.69,515.0,4620.74,4623.06,4620.29,4622.26,386.0,4619.84,4621.61,4618.55,4620.74,446.0,4619.24,4620.67,4618.99,4619.84,458.0,4621.12,4623.13,4618.72,4619.24,478.0,4623.32,4623.56,4620.06,4621.12,545.0,4622.23,4623.88,4620.81,4623.07,546.0,4619.402541,4619.711569,4618.975023,13.33,8.25,43.57,18.13,7.170714,4621.591963,4623.824454,16.41,13.02,42.82,0,17,0
2026-04-30T15:04:59,XAUUSD,features,"{""type"": ""features"", ""symbol"": ""XAUUSD"", ""time"": ""2026-04-30T15:04:59"", ""features"": {""symbol"": ""XAUUSD"", ""bid"": 4617.15, ""ask"": 4617.24, ""spread_points"": 9, ""balance"": 91.36, ""equity"": 91.36, ""free_margin"": 91.36, ""m1_ohlcv"": [[4617.74, 4620.47, 4617.2, 4618.69, 503], [4618.69, 4623.03, 4618.6, 4622.26, 515], [4622.26, 4623.06, 4620.29, 4620.74, 386], [4620.74, 4621.61, 4618.55, 4619.84, 446], [4619.84, 4620.67, 4618.99, 4619.24, 458], [4619.24, 4623.13, 4618.72, 4621.12, 478], [4621.12, 4623.56, 4620.06, 4623.32, 545], [4623.07, 4623.88, 4620.81, 4622.23, 546], [4622.22, 4623.31, 4621.07, 4622.86, 592], [4622.86, 4623.34, 4621.24, 4621.64, 437], [4621.64, 4621.64, 4617.91, 4618.59, 468], [4618.59, 4620.83, 4618.4, 4619.86, 480], [4619.84, 4621.1, 4618.36, 4620.04, 513], [4620.04, 4622.65, 4619.52, 4621.62, 490], [4621.62, 4622.47, 4619.61, 4619.68, 426], [4619.68, 4622.94, 4619.64, 4621.26, 633], [4621.26, 4621.89, 4619.19, 4620.83, 493], [4620.83, 4621.07, 4617.04, 4617.63, 790], [4617.63, 4618.65, 4616.78, 4617.06, 735], [4617.06, 4617.63, 4615.59, 4617.19, 573]], ""m1_ema9"": 4618.630818, ""m1_ema21"": 4619.208508, ""m1_ema50"": 4619.616013, ""m1_rsi14"": 43.84, ""m1_atr14"": 2.591429, ""m1_adx14"": 27.44, ""m1_plusdi"": 7.15, ""m1_minusdi"": 18.3, ""m5_ema20"": 4621.180121, ""m5_ema50"": 4623.567609, ""m5_rsi14"": 42.9, ""m5_atr14"": 6.985714, ""m5_adx14"": 18.49, ""m5_plusdi"": 11.28, ""m5_minusdi"": 15.75, ""hour_gmt"": 15, ""open_ea_trades"": 0, ""trades_today"": 0}}",4617.24,91.36,4617.15,91.36,91.36,15,27.44,2.591429,4621.64,4623.34,4621.24,4622.86,437.0,4618.59,4621.64,4617.91,4621.64,468.0,4619.86,4620.83,4618.4,4618.59,480.0,4620.04,4621.1,4618.36,4619.84,513.0,4621.62,4622.65,4619.52,4620.04,490.0,4619.68,4622.47,4619.61,4621.62,426.0,4621.26,4622.94,4619.64,4619.68,633.0,4620.83,4621.89,4619.19,4621.26,493.0,4617.63,4621.07,4617.04,4620.83,790.0,4617.06,4618.65,4616.78,4617.63,735.0,4618.69,4620.47,4617.2,4617.74,503.0,4617.19,4617.63,4615.59,4617.06,573.0,4622.26,4623.03,4618.6,4618.69,515.0,4620.74,4623.06,4620.29,4622.26,386.0,4619.84,4621.61,4618.55,4620.74,446.0,4619.24,4620.67,4618.99,4619.84,458.0,4621.12,4623.13,4618.72,4619.24,478.0,4623.32,4623.56,4620.06,4621.12,545.0,4622.23,4623.88,4620.81,4623.07,546.0,4622.86,4623.31,4621.07,4622.22,592.0,4619.208508,4619.616013,4618.630818,18.3,7.15,43.84,18.49,6.985714,4621.180121,4623.567609,15.75,11.28,42.9,0,9,0
2026-04-30T15:05:59,XAUUSD,features,"{""type"": ""features"", ""symbol"": ""XAUUSD"", ""time"": ""2026-04-30T15:05:59"", ""features"": {""symbol"": ""XAUUSD"", ""bid"": 4614.94, ""ask"": 4615.11, ""spread_points"": 17, ""balance"": 91.36, ""equity"": 91.36, ""free_margin"": 91.36, ""m1_ohlcv"": [[4618.69, 4623.03, 4618.6, 4622.26, 515], [4622.26, 4623.06, 4620.29, 4620.74, 386], [4620.74, 4621.61, 4618.55, 4619.84, 446], [4619.84, 4620.67, 4618.99, 4619.24, 458], [4619.24, 4623.13, 4618.72, 4621.12, 478], [4621.12, 4623.56, 4620.06, 4623.32, 545], [4623.07, 4623.88, 4620.81, 4622.23, 546], [4622.22, 4623.31, 4621.07, 4622.86, 592], [4622.86, 4623.34, 4621.24, 4621.64, 437], [4621.64, 4621.64, 4617.91, 4618.59, 468], [4618.59, 4620.83, 4618.4, 4619.86, 480], [4619.84, 4621.1, 4618.36, 4620.04, 513], [4620.04, 4622.65, 4619.52, 4621.62, 490], [4621.62, 4622.47, 4619.61, 4619.68, 426], [4619.68, 4622.94, 4619.64, 4621.26, 633], [4621.26, 4621.89, 4619.19, 4620.83, 493], [4620.83, 4621.07, 4617.04, 4617.63, 790], [4617.63, 4618.65, 4616.78, 4617.06, 735], [4617.06, 4617.63, 4615.59, 4617.19, 573], [4617.15, 4617.97, 4614.94, 4614.94, 676]], ""m1_ema9"": 4617.539055, ""m1_ema21"": 4618.637817, ""m1_ema50"": 4619.349372, ""m1_rsi14"": 39.13, ""m1_atr14"": 2.585714, ""m1_adx14"": 31.03, ""m1_plusdi"": 6.2, ""m1_minusdi"": 18.34, ""m5_ema20"": 4620.969645, ""m5_ema50"": 4623.480942, ""m5_rsi14"": 40.7, ""m5_atr14"": 7.199286, ""m5_adx14"": 19.56, ""m5_plusdi"": 11.28, ""m5_minusdi"": 18.61, ""hour_gmt"": 15, ""open_ea_trades"": 0, ""trades_today"": 0}}",4615.11,91.36,4614.94,91.36,91.36,15,31.03,2.585714,4618.59,4621.64,4617.91,4621.64,468.0,4619.86,4620.83,4618.4,4618.59,480.0,4620.04,4621.1,4618.36,4619.84,513.0,4621.62,4622.65,4619.52,4620.04,490.0,4619.68,4622.47,4619.61,4621.62,426.0,4621.26,4622.94,4619.64,4619.68,633.0,4620.83,4621.89,4619.19,4621.26,493.0,4617.63,4621.07,4617.04,4620.83,790.0,4617.06,4618.65,4616.78,4617.63,735.0,4617.19,4617.63,4615.59,4617.06,573.0,4622.26,4623.03,4618.6,4618.69,515.0,4614.94,4617.97,4614.94,4617.15,676.0,4620.74,4623.06,4620.29,4622.26,386.0,4619.84,4621.61,4618.55,4620.74,446.0,4619.24,4620.67,4618.99,4619.84,458.0,4621.12,4623.13,4618.72,4619.24,478.0,4623.32,4623.56,4620.06,4621.12,545.0,4622.23,4623.88,4620.81,4623.07,546.0,4622.86,4623.31,4621.07,4622.22,592.0,4621.64,4623.34,4621.24,4622.86,437.0,4618.637817,4619.349372,4617.539055,18.34,6.2,39.13,19.56,7.199286,4620.969645,4623.480942,18.61,11.28,40.7,0,17,0
2026-04-30T15:06:59,XAUUSD,features,"{""type"": ""features"", ""symbol"": ""XAUUSD"", ""time"": ""2026-04-30T15:06:59"", ""features"": {""symbol"": ""XAUUSD"", ""bid"": 4616.52, ""ask"": 4616.62, ""spread_points"": 10, ""balance"": 91.36, ""equity"": 91.36, ""free_margin"": 91.36, ""m1_ohlcv"": [[4622.26, 4623.06, 4620.29, 4620.74, 386], [4620.74, 4621.61, 4618.55, 4619.84, 446], [4619.84, 4620.67, 4618.99, 4619.24, 458], [4619.24, 4623.13, 4618.72, 4621.12, 478], [4621.12, 4623.56, 4620.06, 4623.32, 545], [4623.07, 4623.88, 4620.81, 4622.23, 546], [4622.22, 4623.31, 4621.07, 4622.86, 592], [4622.86, 4623.34, 4621.24, 4621.64, 437], [4621.64, 4621.64, 4617.91, 4618.59, 468], [4618.59, 4620.83, 4618.4, 4619.86, 480], [4619.84, 4621.1, 4618.36, 4620.04, 513], [4620.04, 4622.65, 4619.52, 4621.62, 490], [4621.62, 4622.47, 4619.61, 4619.68, 426], [4619.68, 4622.94, 4619.64, 4621.26, 633], [4621.26, 4621.89, 4619.19, 4620.83, 493], [4620.83, 4621.07, 4617.04, 4617.63, 790], [4617.63, 4618.65, 4616.78, 4617.06, 735], [4617.06, 4617.63, 4615.59, 4617.19, 573], [4617.15, 4617.97, 4614.94, 4614.94, 676], [4614.94, 4617.17, 4614.94, 4616.52, 496]], ""m1_ema9"": 4617.588044, ""m1_ema21"": 4618.575867, ""m1_ema50"": 4619.297947, ""m1_rsi14"": 43.78, ""m1_atr14"": 2.585, ""m1_adx14"": 33.49, ""m1_plusdi"": 5.37, ""m1_minusdi"": 15.89, ""m5_ema20"": 4621.120121, ""m5_ema50"": 4623.542903, ""m5_rsi14"": 42.25, ""m5_atr14"": 7.199286, ""m5_adx14"": 19.56, ""m5_plusdi"": 11.28, ""m5_minusdi"": 18.61, ""hour_gmt"": 15, ""open_ea_trades"": 0, ""trades_today"": 0}}",4616.62,91.36,4616.52,91.36,91.36,15,33.49,2.585,4619.86,4620.83,4618.4,4618.59,480.0,4620.04,4621.1,4618.36,4619.84,513.0,4621.62,4622.65,4619.52,4620.04,490.0,4619.68,4622.47,4619.61,4621.62,426.0,4621.26,4622.94,4619.64,4619.68,633.0,4620.83,4621.89,4619.19,4621.26,493.0,4617.63,4621.07,4617.04,4620.83,790.0,4617.06,4618.65,4616.78,4617.63,735.0,4617.19,4617.63,4615.59,4617.06,573.0,4614.94,4617.97,4614.94,4617.15,676.0,4620.74,4623.06,4620.29,4622.26,386.0,4616.52,4617.17,4614.94,4614.94,496.0,4619.84,4621.61,4618.55,4620.74,446.0,4619.24,4620.67,4618.99,4619.84,458.0,4621.12,4623.13,4618.72,4619.24,478.0,4623.32,4623.56,4620.06,4621.12,545.0,4622.23,4623.88,4620.81,4623.07,546.0,4622.86,4623.31,4621.07,4622.22,592.0,4621.64,4623.34,4621.24,4622.86,437.0,4618.59,4621.64,4617.91,4621.64,468.0,4618.575867,4619.297947,4617.588044,15.89,5.37,43.78,19.56,7.199286,4621.120121,4623.542903,18.61,11.28,42.25,0,10,0
